employee_key,employee_id,full_name,gender,date_of_birth,age,hire_date,exit_date,tenure_years,employee_status,employment_type,work_mode,department_key,job_role_key,location_key,manager_key,email
1,EMP0001,Isla Lewis,Female,1990-12-25,35,2018-03-13,,8.3,Active,Full-time,Remote,1,20,5,51,emp0001@abcglobal.com
2,EMP0002,Lily White,Male,1984-01-01,42,2017-05-30,,9.08,Active,Full-time,Hybrid,8,2,2,,emp0002@abcglobal.com
3,EMP0003,Maya Thomas,Male,1987-04-04,39,2023-05-15,,3.13,Active,Full-time,Remote,7,29,2,4,emp0003@abcglobal.com
4,EMP0004,Freya Brown,Male,1981-09-13,44,2019-11-02,,6.66,Active,Full-time,Hybrid,4,39,4,23,emp0004@abcglobal.com
5,EMP0005,Ava Wright,Male,1991-09-23,34,2023-09-28,,2.75,Active,Full-time,Office,7,29,2,47,emp0005@abcglobal.com
6,EMP0006,Maya Taylor,Female,1992-03-27,34,2023-09-09,,2.81,Active,Contract,Office,5,12,4,,emp0006@abcglobal.com
7,EMP0007,Olivia Lewis,Male,1986-09-16,39,2017-05-22,,9.11,Active,Full-time,Hybrid,6,10,1,62,emp0007@abcglobal.com
8,EMP0008,Lily Smith,Male,1985-05-03,41,2022-05-02,,4.16,Active,Full-time,Hybrid,4,40,5,81,emp0008@abcglobal.com
9,EMP0009,Ella Brown,Male,1992-07-10,33,2019-02-24,2024-02-10,4.96,Left,Full-time,Hybrid,8,9,4,53,emp0009@abcglobal.com
10,EMP0010,Ethan King,Female,1987-04-10,39,2025-05-02,,1.16,Active,Full-time,Remote,3,33,3,74,emp0010@abcglobal.com
11,EMP0011,Olivia Brown,Male,1996-07-01,29,2024-04-02,,2.24,Active,Full-time,Remote,2,22,1,38,emp0011@abcglobal.com
12,EMP0012,Ishaan Thompson,Female,1984-06-01,42,2020-09-16,,5.79,Active,Full-time,Office,7,30,4,59,emp0012@abcglobal.com
13,EMP0013,Diya Brown,Female,1993-08-25,32,2017-03-02,,9.33,Active,Full-time,Remote,5,13,3,69,emp0013@abcglobal.com
14,EMP0014,Maya Jackson,Female,1999-01-08,27,2022-07-19,,3.95,Active,Full-time,Remote,8,4,4,53,emp0014@abcglobal.com
15,EMP0015,Diya Jones,Female,1987-10-06,38,2025-03-01,,1.33,Active,Full-time,Hybrid,3,33,4,74,emp0015@abcglobal.com
16,EMP0016,Isla Martin,Female,1992-12-01,33,2024-04-09,,2.22,Active,Contract,Remote,1,17,2,25,emp0016@abcglobal.com
17,EMP0017,Amelia Brown,Female,1989-04-25,37,2023-05-26,,3.1,Active,Full-time,Hybrid,6,3,6,37,emp0017@abcglobal.com
18,EMP0018,Ishaan White,Female,1977-11-10,48,2017-11-20,2024-04-25,6.43,Left,Full-time,Remote,7,27,4,32,emp0018@abcglobal.com
19,EMP0019,Isla Davies,Male,2003-10-27,22,2021-11-16,,4.62,Active,Full-time,Hybrid,2,25,5,18,emp0019@abcglobal.com
20,EMP0020,Luca Lewis,Male,1990-03-08,36,2018-06-21,,8.02,Active,Full-time,Office,8,6,4,63,emp0020@abcglobal.com
21,EMP0021,Jack Scott,Male,1974-06-19,52,2023-05-27,,3.09,Active,Full-time,Hybrid,5,11,2,16,emp0021@abcglobal.com
22,EMP0022,Oliver Scott,Male,1986-11-15,39,2017-11-05,,8.65,Active,Full-time,Remote,8,9,5,3,emp0022@abcglobal.com
23,EMP0023,Mia Jones,Male,1991-05-18,35,2024-03-15,,2.29,Active,Full-time,Office,7,27,2,4,emp0023@abcglobal.com
24,EMP0024,Amelia Wilson,Female,1984-04-12,42,2025-04-01,,1.25,Active,Full-time,Office,7,26,1,,emp0024@abcglobal.com
25,EMP0025,Freya King,Female,1989-10-21,36,2020-10-08,,5.72,Active,Full-time,Remote,4,40,1,81,emp0025@abcglobal.com
26,EMP0026,Priya Johnson,Male,1997-02-22,29,2022-04-12,,4.22,Active,Full-time,Hybrid,8,4,6,45,emp0026@abcglobal.com
27,EMP0027,Rohan Clark,Male,1996-02-11,30,2021-08-11,,4.88,Active,Full-time,Hybrid,1,19,1,36,emp0027@abcglobal.com
28,EMP0028,Arthur Martin,Male,1993-06-03,33,2026-04-15,,0.21,Active,Full-time,Office,6,3,1,72,emp0028@abcglobal.com
29,EMP0029,Diya Williams,Male,1975-08-28,50,2020-08-30,2026-02-18,5.47,Left,Full-time,Remote,5,13,2,2,emp0029@abcglobal.com
30,EMP0030,Sophia Roberts,Male,1990-02-02,36,2023-04-03,,3.24,Active,Full-time,Remote,4,37,5,82,emp0030@abcglobal.com
31,EMP0031,George Young,Male,1988-07-01,37,2025-07-23,,0.94,Active,Full-time,Hybrid,1,19,6,55,emp0031@abcglobal.com
32,EMP0032,George Davies,Male,1984-12-24,41,2023-09-22,,2.77,Active,Full-time,Hybrid,4,36,1,,emp0032@abcglobal.com
33,EMP0033,Ethan Clark,Female,1986-03-04,40,2026-02-14,,0.37,Active,Contract,Hybrid,2,22,4,34,emp0033@abcglobal.com
34,EMP0034,Oliver Brown,Male,1985-08-03,40,2019-03-11,,7.3,Active,Full-time,Hybrid,7,30,2,47,emp0034@abcglobal.com
35,EMP0035,George Martin,Female,1989-08-18,36,2018-10-02,,7.74,Active,Full-time,Hybrid,1,19,1,55,emp0035@abcglobal.com
36,EMP0036,Priya Hall,Male,1998-02-22,28,2018-11-20,,7.61,Active,Full-time,Office,6,5,6,54,emp0036@abcglobal.com
37,EMP0037,Oliver Johnson,Female,1994-08-23,31,2019-04-03,,7.24,Active,Full-time,Hybrid,1,19,4,19,emp0037@abcglobal.com
38,EMP0038,Freya Harris,Male,1991-09-20,34,2021-10-13,,4.71,Active,Full-time,Office,7,27,1,35,emp0038@abcglobal.com
39,EMP0039,Amelia Jones,Female,1990-04-07,36,2020-11-20,,5.61,Active,Full-time,Office,6,3,4,77,emp0039@abcglobal.com
40,EMP0040,Leo Davies,Female,1982-01-05,44,2017-06-15,,9.04,Active,Full-time,Office,8,8,4,40,emp0040@abcglobal.com
41,EMP0041,Diya White,Female,1972-01-15,54,2018-07-09,,7.98,Active,Part-time,Office,4,39,2,65,emp0041@abcglobal.com
42,EMP0042,Oscar Harris,Male,2004-02-12,22,2017-03-06,,9.32,Active,Full-time,Office,8,8,6,76,emp0042@abcglobal.com
43,EMP0043,Amelia Williams,Male,1987-12-04,38,2025-05-16,,1.12,Active,Full-time,Remote,5,11,5,39,emp0043@abcglobal.com
44,EMP0044,Amelia Thompson,Female,1984-12-18,41,2023-10-09,,2.72,Active,Full-time,Hybrid,1,19,1,24,emp0044@abcglobal.com
45,EMP0045,Anaya Jackson,Female,1999-02-25,27,2021-05-20,,5.11,Active,Full-time,Office,7,27,3,71,emp0045@abcglobal.com
46,EMP0046,Aarav Jackson,Male,1987-09-11,38,2023-09-17,,2.78,Active,Contract,Office,2,22,4,41,emp0046@abcglobal.com
47,EMP0047,Noah Singh,Female,1997-04-19,29,2017-12-04,,8.57,Active,Contract,Office,2,22,4,31,emp0047@abcglobal.com
48,EMP0048,Isla King,Male,1988-09-21,37,2025-05-30,2025-12-26,0.57,Left,Full-time,Office,4,37,5,10,emp0048@abcglobal.com
49,EMP0049,George Wright,Female,1983-08-26,42,2020-06-18,,6.03,Active,Full-time,Hybrid,8,4,2,45,emp0049@abcglobal.com
50,EMP0050,Archie Wilson,Female,1996-12-17,29,2021-12-14,2024-07-22,2.6,Left,Part-time,Remote,6,3,4,37,emp0050@abcglobal.com
51,EMP0051,Rohan Thomas,Female,1982-07-15,43,2018-12-09,,7.56,Active,Full-time,Remote,2,23,6,38,emp0051@abcglobal.com
52,EMP0052,Priya Scott,Male,1994-07-25,31,2020-03-12,2025-07-09,5.33,Left,Full-time,Remote,7,29,5,47,emp0052@abcglobal.com
53,EMP0053,Lily Davies,Female,1982-11-06,43,2019-12-24,,6.52,Active,Full-time,Hybrid,6,3,5,9,emp0053@abcglobal.com
54,EMP0054,Harry Jones,Female,1981-02-19,45,2025-11-03,,0.65,Active,Full-time,Hybrid,1,20,3,55,emp0054@abcglobal.com
55,EMP0055,Aarav Shah,Female,1984-08-11,41,2020-01-18,,6.45,Active,Full-time,Hybrid,2,22,1,21,emp0055@abcglobal.com
56,EMP0056,Luca Young,Female,1989-06-07,37,2019-12-28,2024-06-14,4.46,Left,Full-time,Hybrid,4,40,3,65,emp0056@abcglobal.com
57,EMP0057,Ella Khan,Male,1984-03-07,42,2024-11-13,,1.63,Active,Part-time,Office,4,40,6,30,emp0057@abcglobal.com
58,EMP0058,Arthur Thompson,Female,1998-01-16,28,2024-06-10,,2.05,Active,Full-time,Office,8,9,2,57,emp0058@abcglobal.com
59,EMP0059,Sofia King,Not disclosed,1992-01-17,34,2018-01-17,,8.45,Active,Part-time,Office,3,31,4,83,emp0059@abcglobal.com
60,EMP0060,Aarav Clark,Other,1998-03-04,28,2024-05-06,,2.15,Active,Full-time,Office,8,8,6,3,emp0060@abcglobal.com
61,EMP0061,Luca Taylor,Female,1991-05-25,35,2017-04-29,,9.17,Active,Full-time,Office,4,37,5,30,emp0061@abcglobal.com
62,EMP0062,Oscar Clark,Female,2003-11-15,22,2018-12-11,,7.55,Active,Full-time,Hybrid,7,29,4,61,emp0062@abcglobal.com
63,EMP0063,Sophia Thomas,Female,1991-07-21,34,2019-09-12,,6.8,Active,Full-time,Office,1,16,2,,emp0063@abcglobal.com
64,EMP0064,Lily Shah,Male,2000-01-18,26,2022-04-06,,4.23,Active,Full-time,Office,1,19,6,51,emp0064@abcglobal.com
65,EMP0065,Priya King,Female,1998-01-30,28,2018-12-07,,7.56,Active,Full-time,Hybrid,8,8,5,27,emp0065@abcglobal.com
66,EMP0066,George Wilson,Male,1999-04-19,27,2024-12-14,,1.54,Active,Full-time,Office,1,17,5,67,emp0066@abcglobal.com
67,EMP0067,Luca Williams,Other,1996-01-11,30,2018-03-13,2024-02-14,5.92,Left,Full-time,Hybrid,4,39,3,11,emp0067@abcglobal.com
68,EMP0068,Rohan King,Female,1995-02-16,31,2019-12-29,,6.5,Active,Full-time,Hybrid,8,8,1,76,emp0068@abcglobal.com
69,EMP0069,Leo Martin,Male,1984-07-29,41,2022-05-27,2024-11-05,2.44,Left,Full-time,Remote,4,40,5,65,emp0069@abcglobal.com
70,EMP0070,Harry Harris,Female,1992-05-07,34,2021-08-19,,4.86,Active,Full-time,Office,1,19,1,24,emp0070@abcglobal.com
71,EMP0071,Jack Scott,Male,1995-06-05,31,2019-08-27,2025-06-30,5.84,Left,Full-time,Office,6,7,6,12,emp0071@abcglobal.com
72,EMP0072,Mia Jones,Female,1997-12-26,28,2025-11-02,2026-05-23,0.55,Left,Full-time,Office,4,37,5,81,emp0072@abcglobal.com
73,EMP0073,Grace Walker,Not disclosed,1991-03-09,35,2025-09-24,,0.76,Active,Part-time,Office,5,11,4,39,emp0073@abcglobal.com
74,EMP0074,Sophia Scott,Female,1979-12-16,46,2024-09-28,,1.75,Active,Part-time,Office,8,8,3,63,emp0074@abcglobal.com
75,EMP0075,Ishaan Roberts,Female,1984-10-09,41,2021-02-28,,5.33,Active,Full-time,Office,6,7,6,72,emp0075@abcglobal.com
76,EMP0076,Amelia Johnson,Female,1982-11-02,43,2022-11-03,2024-11-08,2.02,Left,Part-time,Hybrid,2,22,5,7,emp0076@abcglobal.com
77,EMP0077,Priya Singh,Male,1980-09-09,45,2019-02-18,,7.36,Active,Full-time,Hybrid,4,37,6,65,emp0077@abcglobal.com
78,EMP0078,Isla Roberts,Female,1985-11-24,40,2026-02-26,,0.34,Active,Full-time,Office,6,3,1,26,emp0078@abcglobal.com
79,EMP0079,Anaya White,Female,1980-02-17,46,2021-09-20,,4.77,Active,Full-time,Hybrid,7,30,3,78,emp0079@abcglobal.com
80,EMP0080,Oscar Brown,Male,1986-04-30,40,2023-08-10,,2.89,Active,Part-time,Hybrid,2,22,5,18,emp0080@abcglobal.com
81,EMP0081,George Roberts,Male,1977-04-25,49,2018-08-24,,7.85,Active,Full-time,Remote,7,30,6,4,emp0081@abcglobal.com
82,EMP0082,Luca Johnson,Male,2004-01-22,22,2025-04-20,,1.19,Active,Contract,Remote,1,19,1,51,emp0082@abcglobal.com
83,EMP0083,Jack Martin,Female,1991-05-03,35,2019-12-07,,6.56,Active,Part-time,Remote,8,9,2,50,emp0083@abcglobal.com
84,EMP0084,Archie King,Female,1989-07-29,36,2025-07-09,,0.97,Active,Full-time,Office,1,20,5,36,emp0084@abcglobal.com
85,EMP0085,Anaya Lewis,Male,2003-08-13,22,2017-05-12,,9.13,Active,Full-time,Office,6,10,5,12,emp0085@abcglobal.com
86,EMP0086,Arthur Roberts,Male,1986-06-04,40,2019-04-18,,7.2,Active,Full-time,Hybrid,7,30,3,48,emp0086@abcglobal.com
87,EMP0087,Oscar Harris,Female,1962-02-03,64,2024-11-24,,1.6,Active,Full-time,Remote,8,8,5,76,emp0087@abcglobal.com
88,EMP0088,Leo Jones,Male,1979-05-23,47,2023-10-18,,2.7,Active,Full-time,Office,8,9,4,63,emp0088@abcglobal.com
89,EMP0089,Aarav Walker,Male,1992-03-30,34,2021-11-18,,4.61,Active,Full-time,Office,6,10,3,77,emp0089@abcglobal.com
90,EMP0090,Archie Jackson,Female,1991-04-16,35,2020-02-22,,6.35,Active,Full-time,Remote,7,29,3,35,emp0090@abcglobal.com
91,EMP0091,Rohan Jackson,Female,2001-04-10,25,2023-12-17,,2.54,Active,Full-time,Hybrid,6,5,5,54,emp0091@abcglobal.com
92,EMP0092,Oliver Clark,Male,1994-06-09,32,2020-04-05,,6.23,Active,Part-time,Office,4,39,1,81,emp0092@abcglobal.com
93,EMP0093,Oliver Jones,Not disclosed,1988-02-02,38,2025-03-25,,1.26,Active,Full-time,Hybrid,3,31,2,74,emp0093@abcglobal.com
94,EMP0094,Ishaan Johnson,Male,1992-09-29,33,2019-01-09,,7.47,Active,Full-time,Office,8,9,2,76,emp0094@abcglobal.com
95,EMP0095,Ella Hall,Male,1981-03-02,45,2021-02-11,,5.38,Active,Full-time,Hybrid,7,27,6,71,emp0095@abcglobal.com
96,EMP0096,Ethan Clark,Female,1978-12-25,47,2021-03-16,,5.29,Active,Full-time,Hybrid,4,39,3,10,emp0096@abcglobal.com
97,EMP0097,Ava King,Female,2004-03-31,22,2025-06-14,,1.04,Active,Full-time,Hybrid,4,39,1,82,emp0097@abcglobal.com
98,EMP0098,Noah White,Male,1981-04-03,45,2026-03-13,,0.3,Active,Full-time,Remote,1,17,1,51,emp0098@abcglobal.com
99,EMP0099,Aarav Clark,Female,2004-05-23,22,2024-02-01,,2.41,Active,Full-time,Remote,8,4,5,63,emp0099@abcglobal.com
100,EMP0100,Olivia Martin,Female,1986-05-15,40,2017-02-07,,9.39,Active,Full-time,Office,4,39,6,42,emp0100@abcglobal.com
101,EMP0101,Oscar Patel,Female,1988-03-04,38,2021-02-05,,5.4,Active,Full-time,Hybrid,8,4,5,27,emp0101@abcglobal.com
102,EMP0102,Priya Johnson,Female,1982-12-18,43,2017-03-02,2026-06-24,9.31,Left,Full-time,Remote,6,3,2,77,emp0102@abcglobal.com
103,EMP0103,Amelia White,Male,1979-04-25,47,2024-12-02,,1.57,Active,Full-time,Hybrid,6,7,5,9,emp0103@abcglobal.com
104,EMP0104,Leo Clark,Female,2000-05-16,26,2019-05-29,,7.09,Active,Full-time,Office,1,19,2,67,emp0104@abcglobal.com
105,EMP0105,Leo Khan,Male,1994-02-22,32,2025-04-04,,1.24,Active,Full-time,Remote,4,40,6,11,emp0105@abcglobal.com
106,EMP0106,Lily Davies,Female,1974-02-28,52,2021-04-05,,5.23,Active,Full-time,Office,4,39,1,79,emp0106@abcglobal.com
107,EMP0107,Isla Lewis,Male,1989-03-24,37,2025-09-01,,0.83,Active,Full-time,Office,3,34,4,74,emp0107@abcglobal.com
108,EMP0108,Leo Khan,Female,1986-09-16,39,2021-09-14,,4.79,Active,Contract,Office,5,13,5,16,emp0108@abcglobal.com
109,EMP0109,George Martin,Female,1986-12-07,39,2018-11-14,,7.62,Active,Full-time,Office,4,36,5,,emp0109@abcglobal.com
110,EMP0110,Amelia Thompson,Female,1962-10-26,63,2023-12-21,,2.52,Active,Full-time,Hybrid,1,19,5,19,emp0110@abcglobal.com
111,EMP0111,Rohan Walker,Female,2000-09-26,25,2019-03-30,,7.25,Active,Full-time,Office,4,37,3,22,emp0111@abcglobal.com
112,EMP0112,Lily Lewis,Not disclosed,1986-10-06,39,2024-11-16,,1.62,Active,Full-time,Office,1,19,1,70,emp0112@abcglobal.com
113,EMP0113,Aarav Lewis,Male,1983-11-03,42,2021-03-08,,5.31,Active,Full-time,Office,4,38,5,42,emp0113@abcglobal.com
114,EMP0114,Muhammad Davies,Male,1987-10-30,38,2026-01-18,,0.45,Active,Part-time,Hybrid,2,24,1,34,emp0114@abcglobal.com
115,EMP0115,Maya Brown,Male,1987-03-15,39,2019-05-31,,7.08,Active,Full-time,Remote,7,27,1,58,emp0115@abcglobal.com
116,EMP0116,Diya Taylor,Not disclosed,1962-11-29,63,2025-09-03,,0.82,Active,Full-time,Remote,6,5,6,54,emp0116@abcglobal.com
117,EMP0117,Harry Jones,Male,1988-01-04,38,2018-04-10,,8.22,Active,Full-time,Remote,8,9,5,45,emp0117@abcglobal.com
118,EMP0118,Ella White,Female,1979-03-13,47,2021-11-14,,4.62,Active,Full-time,Hybrid,8,8,4,68,emp0118@abcglobal.com
119,EMP0119,Diya Lewis,Male,1995-12-22,30,2025-02-08,,1.39,Active,Full-time,Hybrid,7,28,1,14,emp0119@abcglobal.com
120,EMP0120,Aarav Taylor,Male,2001-04-13,25,2019-11-15,,6.62,Active,Full-time,Remote,7,27,5,78,emp0120@abcglobal.com
121,EMP0121,Sofia Thomas,Female,1996-02-08,30,2020-08-03,,5.91,Active,Contract,Remote,4,39,1,23,emp0121@abcglobal.com
122,EMP0122,Ishaan Taylor,Female,1977-05-05,49,2020-07-07,,5.98,Active,Full-time,Hybrid,5,11,5,16,emp0122@abcglobal.com
123,EMP0123,Leo Clark,Female,1990-08-10,35,2017-07-11,,8.97,Active,Full-time,Remote,7,27,2,48,emp0123@abcglobal.com
124,EMP0124,Maya Jones,Female,1968-02-24,58,2021-11-12,2024-11-14,3.01,Left,Full-time,Office,1,20,4,55,emp0124@abcglobal.com
125,EMP0125,Ethan Martin,Female,1981-02-28,45,2023-12-24,,2.52,Active,Contract,Hybrid,2,22,5,34,emp0125@abcglobal.com
126,EMP0126,Oliver Wright,Male,1986-10-01,39,2019-10-11,,6.72,Active,Full-time,Remote,7,30,2,61,emp0126@abcglobal.com
127,EMP0127,Mia Jones,Male,2004-05-23,22,2017-08-22,,8.85,Active,Part-time,Office,2,22,4,7,emp0127@abcglobal.com
128,EMP0128,Sophia Green,Female,1995-08-30,30,2022-05-02,,4.16,Active,Full-time,Office,7,26,5,,emp0128@abcglobal.com
129,EMP0129,Ava Davies,Male,2000-08-06,25,2024-09-20,,1.77,Active,Full-time,Hybrid,1,20,5,15,emp0129@abcglobal.com
130,EMP0130,Oliver Wilson,Female,1997-08-22,28,2020-07-30,2025-02-07,4.53,Left,Full-time,Office,1,19,5,70,emp0130@abcglobal.com
131,EMP0131,Ishaan Harris,Male,1991-11-25,34,2025-10-09,,0.72,Active,Full-time,Remote,3,34,3,83,emp0131@abcglobal.com
132,EMP0132,Olivia Johnson,Male,1993-01-23,33,2018-05-30,,8.08,Active,Full-time,Hybrid,8,4,1,3,emp0132@abcglobal.com
133,EMP0133,Sophia Lewis,Female,1989-06-13,37,2026-01-18,,0.45,Active,Full-time,Hybrid,3,33,1,83,emp0133@abcglobal.com
134,EMP0134,Freya Davies,Female,1980-03-05,46,2020-09-11,,5.8,Active,Full-time,Hybrid,3,34,1,17,emp0134@abcglobal.com
135,EMP0135,Freya Hall,Male,1982-02-22,44,2017-01-14,,9.46,Active,Full-time,Remote,2,23,5,46,emp0135@abcglobal.com
136,EMP0136,Muhammad Taylor,Female,1989-01-02,37,2017-04-18,,9.2,Active,Full-time,Hybrid,1,18,6,51,emp0136@abcglobal.com
137,EMP0137,Mia Roberts,Female,1972-11-29,53,2025-09-10,,0.8,Active,Contract,Remote,1,20,3,51,emp0137@abcglobal.com
138,EMP0138,Aarav Walker,Female,1988-07-03,37,2022-05-13,,4.13,Active,Full-time,Office,4,37,2,11,emp0138@abcglobal.com
139,EMP0139,Oliver Clark,Female,1975-10-23,50,2020-09-13,,5.79,Active,Full-time,Office,1,19,1,67,emp0139@abcglobal.com
140,EMP0140,Lily Shah,Female,1994-11-04,31,2024-06-20,,2.03,Active,Full-time,Remote,4,39,6,10,emp0140@abcglobal.com
141,EMP0141,Oliver Singh,Male,1989-07-24,36,2025-02-14,,1.37,Active,Full-time,Remote,5,12,5,,emp0141@abcglobal.com
142,EMP0142,Rohan Scott,Female,1994-02-03,32,2017-02-11,,9.38,Active,Full-time,Office,8,4,2,43,emp0142@abcglobal.com
143,EMP0143,Leo Young,Female,1991-06-10,35,2021-12-10,,4.55,Active,Full-time,Office,8,8,6,53,emp0143@abcglobal.com
144,EMP0144,Anaya Roberts,Female,1991-08-05,34,2025-02-11,,1.38,Active,Part-time,Office,8,9,2,1,emp0144@abcglobal.com
145,EMP0145,Isla Green,Male,1988-11-23,37,2020-04-23,,6.18,Active,Full-time,Remote,5,11,4,16,emp0145@abcglobal.com
146,EMP0146,Freya Hall,Male,1999-09-10,26,2024-11-24,,1.6,Active,Full-time,Office,1,19,2,67,emp0146@abcglobal.com
147,EMP0147,Lily Johnson,Female,1998-01-29,28,2017-05-17,,9.12,Active,Part-time,Office,7,27,5,13,emp0147@abcglobal.com
148,EMP0148,Ethan Scott,Male,1980-12-13,45,2021-04-26,,5.18,Active,Full-time,Hybrid,4,37,2,23,emp0148@abcglobal.com
149,EMP0149,Ishaan Johnson,Female,1989-03-21,37,2021-01-09,,5.47,Active,Full-time,Hybrid,4,37,5,5,emp0149@abcglobal.com
150,EMP0150,Leo Taylor,Female,1972-08-09,53,2021-04-09,,5.22,Active,Full-time,Remote,2,24,1,34,emp0150@abcglobal.com
151,EMP0151,Ella Khan,Male,1989-08-12,36,2026-02-26,,0.34,Active,Full-time,Office,8,4,3,1,emp0151@abcglobal.com
152,EMP0152,Ella Williams,Not disclosed,1993-11-19,32,2023-07-28,,2.92,Active,Part-time,Office,6,10,3,26,emp0152@abcglobal.com
153,EMP0153,Ava Green,Female,1999-12-03,26,2018-12-09,2026-06-23,7.54,Left,Full-time,Hybrid,4,40,1,42,emp0153@abcglobal.com
154,EMP0154,Ava Harris,Female,1988-07-26,37,2018-06-08,,8.06,Active,Contract,Hybrid,8,8,6,27,emp0154@abcglobal.com
155,EMP0155,Jack Scott,Female,2000-07-03,25,2018-09-17,2026-06-13,7.74,Left,Full-time,Office,4,39,1,11,emp0155@abcglobal.com
156,EMP0156,Sophia White,Female,1994-07-25,31,2018-07-01,,8.0,Active,Full-time,Office,2,25,5,41,emp0156@abcglobal.com
157,EMP0157,Ishaan Taylor,Male,1994-12-18,31,2018-01-13,,8.46,Active,Full-time,Office,4,37,4,79,emp0157@abcglobal.com
158,EMP0158,Harry Khan,Female,1987-02-08,39,2019-06-29,,7.0,Active,Full-time,Hybrid,6,10,6,6,emp0158@abcglobal.com
159,EMP0159,Harry White,Female,1996-03-08,30,2022-12-30,,3.5,Active,Contract,Hybrid,1,20,6,70,emp0159@abcglobal.com
160,EMP0160,Priya Johnson,Female,1992-08-01,33,2020-10-27,,5.67,Active,Full-time,Remote,4,39,5,30,emp0160@abcglobal.com
161,EMP0161,Olivia White,Male,1986-12-16,39,2019-12-14,,6.54,Active,Full-time,Hybrid,8,4,5,3,emp0161@abcglobal.com
162,EMP0162,Archie Davies,Female,1982-12-01,43,2020-02-04,,6.4,Active,Full-time,Hybrid,5,11,3,75,emp0162@abcglobal.com
163,EMP0163,Ishaan Green,Female,1979-10-25,46,2018-10-20,,7.69,Active,Full-time,Office,8,4,6,43,emp0163@abcglobal.com
164,EMP0164,Harry Martin,Female,1996-03-23,30,2024-09-18,2025-10-24,1.1,Left,Contract,Office,7,29,6,35,emp0164@abcglobal.com
165,EMP0165,Muhammad Khan,Female,1987-06-11,39,2023-09-02,,2.83,Active,Contract,Remote,3,32,6,,emp0165@abcglobal.com
166,EMP0166,Ava Jackson,Female,1996-06-21,30,2017-07-16,,8.96,Active,Full-time,Office,3,33,3,17,emp0166@abcglobal.com
167,EMP0167,Ishaan Singh,Male,1994-10-03,31,2023-01-22,,3.44,Active,Part-time,Hybrid,2,22,3,41,emp0167@abcglobal.com
168,EMP0168,Aarav Williams,Male,1981-06-18,45,2024-02-03,,2.4,Active,Full-time,Office,8,4,5,40,emp0168@abcglobal.com
169,EMP0169,Noah Taylor,Female,1984-07-20,41,2022-04-03,,4.24,Active,Full-time,Hybrid,2,23,5,41,emp0169@abcglobal.com
170,EMP0170,George Davies,Male,1982-06-29,44,2017-09-28,,8.75,Active,Full-time,Office,3,34,5,17,emp0170@abcglobal.com
171,EMP0171,Ella Thompson,Male,1978-07-17,47,2017-12-25,,8.51,Active,Full-time,Hybrid,7,30,2,78,emp0171@abcglobal.com
172,EMP0172,Arthur Khan,Male,2002-08-20,23,2021-06-21,,5.02,Active,Full-time,Remote,4,39,6,79,emp0172@abcglobal.com
173,EMP0173,Rohan King,Male,1995-09-16,30,2019-11-27,,6.59,Active,Full-time,Hybrid,4,39,5,42,emp0173@abcglobal.com
174,EMP0174,Isla King,Female,1987-09-10,38,2019-09-23,2026-04-17,6.57,Left,Full-time,Hybrid,3,31,6,74,emp0174@abcglobal.com
175,EMP0175,Ella Singh,Female,1991-07-25,34,2021-06-26,,5.01,Active,Full-time,Hybrid,2,22,6,34,emp0175@abcglobal.com
176,EMP0176,Oliver Brown,Female,1991-11-20,34,2017-02-04,,9.4,Active,Full-time,Office,1,17,2,29,emp0176@abcglobal.com
177,EMP0177,Maya King,Female,1994-08-19,31,2025-08-25,,0.85,Active,Full-time,Remote,8,4,4,76,emp0177@abcglobal.com
178,EMP0178,George Walker,Female,1991-01-09,35,2019-10-18,,6.7,Active,Full-time,Office,4,37,1,65,emp0178@abcglobal.com
179,EMP0179,Noah Walker,Female,2004-01-19,22,2019-04-25,,7.18,Active,Full-time,Hybrid,1,18,2,8,emp0179@abcglobal.com
180,EMP0180,Ava Jackson,Female,1993-11-09,32,2017-01-04,,9.48,Active,Full-time,Remote,7,30,6,66,emp0180@abcglobal.com
181,EMP0181,Oliver Patel,Male,1995-12-30,30,2021-03-04,,5.32,Active,Contract,Office,7,30,6,28,emp0181@abcglobal.com
182,EMP0182,Isla Martin,Male,1988-07-16,37,2024-12-26,,1.51,Active,Full-time,Hybrid,7,30,1,35,emp0182@abcglobal.com
183,EMP0183,Archie Green,Male,1971-11-24,54,2023-08-07,,2.9,Active,Full-time,Hybrid,4,39,2,30,emp0183@abcglobal.com
184,EMP0184,Priya Brown,Female,1980-01-06,46,2017-06-15,,9.04,Active,Part-time,Office,4,39,5,11,emp0184@abcglobal.com
185,EMP0185,Diya Wright,Male,1976-04-02,50,2024-12-12,,1.55,Active,Contract,Hybrid,8,8,6,76,emp0185@abcglobal.com
186,EMP0186,Leo Hall,Male,1978-12-06,47,2024-10-23,,1.68,Active,Part-time,Remote,1,17,3,73,emp0186@abcglobal.com
187,EMP0187,Mia Taylor,Male,1987-05-20,39,2021-07-08,,4.98,Active,Full-time,Remote,7,29,4,14,emp0187@abcglobal.com
188,EMP0188,Aarav Patel,Female,2002-11-19,23,2018-11-09,2025-01-04,6.15,Left,Full-time,Office,4,37,3,22,emp0188@abcglobal.com
189,EMP0189,Lily King,Male,1990-04-16,36,2023-04-11,,3.22,Active,Full-time,Hybrid,8,8,2,43,emp0189@abcglobal.com
190,EMP0190,Freya Harris,Male,1987-03-21,39,2020-04-07,2025-04-01,4.98,Left,Full-time,Office,8,4,2,57,emp0190@abcglobal.com
191,EMP0191,Sofia Shah,Male,2001-03-31,25,2020-12-01,2024-12-22,4.06,Left,Full-time,Remote,3,31,3,74,emp0191@abcglobal.com
192,EMP0192,Oliver Khan,Male,2004-05-28,22,2018-09-21,,7.77,Active,Full-time,Office,8,4,4,57,emp0192@abcglobal.com
193,EMP0193,Ethan Shah,Female,1980-07-05,45,2023-05-21,,3.11,Active,Full-time,Remote,3,31,6,17,emp0193@abcglobal.com
194,EMP0194,Sofia Martin,Male,1989-10-27,36,2024-12-09,,1.56,Active,Full-time,Hybrid,7,30,3,52,emp0194@abcglobal.com
195,EMP0195,Jack Thompson,Female,1982-01-12,44,2018-10-06,,7.73,Active,Full-time,Hybrid,5,13,4,16,emp0195@abcglobal.com
196,EMP0196,Ishaan Thomas,Male,1983-05-06,43,2026-03-21,,0.28,Active,Part-time,Office,4,39,5,11,emp0196@abcglobal.com
197,EMP0197,Oliver King,Male,1989-05-23,37,2025-12-21,,0.52,Active,Full-time,Hybrid,7,30,6,61,emp0197@abcglobal.com
198,EMP0198,Olivia Johnson,Female,1983-11-08,42,2020-11-15,,5.62,Active,Full-time,Hybrid,3,31,1,17,emp0198@abcglobal.com
199,EMP0199,Freya Harris,Male,1986-06-02,40,2019-08-12,,6.88,Active,Full-time,Hybrid,2,24,5,7,emp0199@abcglobal.com
200,EMP0200,Rohan King,Male,1994-10-13,31,2023-05-25,2025-08-30,2.27,Left,Full-time,Hybrid,4,40,6,30,emp0200@abcglobal.com
201,EMP0201,Isla Davies,Female,1984-05-09,42,2021-01-30,,5.41,Active,Full-time,Hybrid,8,8,6,57,emp0201@abcglobal.com
202,EMP0202,Mia White,Female,1991-04-16,35,2017-01-07,,9.48,Active,Contract,Office,6,3,5,54,emp0202@abcglobal.com
203,EMP0203,Isla Martin,Male,1979-07-20,46,2022-10-14,,3.71,Active,Full-time,Hybrid,8,4,1,3,emp0203@abcglobal.com
204,EMP0204,Arthur Jackson,Male,1990-04-27,36,2019-11-05,,6.65,Active,Full-time,Remote,7,29,6,61,emp0204@abcglobal.com
205,EMP0205,Freya Wright,Male,1985-11-21,40,2021-08-21,,4.86,Active,Full-time,Hybrid,2,23,1,41,emp0205@abcglobal.com
206,EMP0206,Grace Jackson,Female,1981-09-29,44,2023-09-02,,2.83,Active,Contract,Hybrid,2,23,5,46,emp0206@abcglobal.com
207,EMP0207,Luca Khan,Female,1985-07-04,40,2021-11-14,,4.62,Active,Contract,Office,4,37,6,11,emp0207@abcglobal.com
208,EMP0208,Grace Johnson,Female,1993-12-14,32,2020-12-12,,5.55,Active,Contract,Remote,3,31,6,83,emp0208@abcglobal.com
209,EMP0209,Maya Martin,Female,1994-03-18,32,2019-06-18,,7.03,Active,Full-time,Office,4,37,6,22,emp0209@abcglobal.com
210,EMP0210,Ethan Wilson,Female,1977-11-06,48,2025-06-11,,1.05,Active,Full-time,Hybrid,1,20,3,73,emp0210@abcglobal.com
211,EMP0211,Leo Lewis,Female,1980-05-31,46,2023-09-11,,2.8,Active,Full-time,Office,1,19,5,25,emp0211@abcglobal.com
212,EMP0212,Muhammad Scott,Male,1972-09-05,53,2025-06-28,,1.0,Active,Full-time,Hybrid,2,24,5,38,emp0212@abcglobal.com
213,EMP0213,Luca Thomas,Female,1991-06-22,35,2022-10-04,,3.74,Active,Part-time,Hybrid,8,9,6,50,emp0213@abcglobal.com
214,EMP0214,Noah Hall,Male,1985-07-14,40,2023-08-23,,2.85,Active,Part-time,Office,8,9,1,1,emp0214@abcglobal.com
215,EMP0215,Noah Jackson,Female,1999-11-20,26,2018-06-04,,8.07,Active,Full-time,Remote,4,38,4,5,emp0215@abcglobal.com
216,EMP0216,Ava Walker,Male,1987-12-27,38,2021-06-05,2025-08-21,4.21,Left,Full-time,Hybrid,7,30,6,47,emp0216@abcglobal.com
217,EMP0217,Amelia Smith,Male,1996-03-07,30,2020-09-12,,5.8,Active,Full-time,Hybrid,3,33,5,17,emp0217@abcglobal.com
218,EMP0218,Diya Harris,Male,1988-08-13,37,2023-07-11,,2.97,Active,Full-time,Remote,4,36,1,,emp0218@abcglobal.com
219,EMP0219,Archie Martin,Female,1992-06-05,34,2024-07-09,2025-12-15,1.43,Left,Full-time,Office,4,37,2,49,emp0219@abcglobal.com
220,EMP0220,Amelia Thomas,Female,1985-01-11,41,2018-09-12,,7.8,Active,Contract,Office,4,37,1,10,emp0220@abcglobal.com
221,EMP0221,Aarav Smith,Male,1989-11-14,36,2023-02-11,,3.38,Active,Part-time,Hybrid,7,27,5,56,emp0221@abcglobal.com
222,EMP0222,Lily Khan,Female,1999-12-30,26,2025-12-02,,0.57,Active,Full-time,Office,8,8,2,27,emp0222@abcglobal.com
223,EMP0223,Olivia Lewis,Not disclosed,1984-07-23,41,2024-12-28,,1.5,Active,Full-time,Office,4,40,2,11,emp0223@abcglobal.com
224,EMP0224,Harry Scott,Male,1986-04-16,40,2021-02-24,,5.34,Active,Full-time,Hybrid,2,22,5,21,emp0224@abcglobal.com
225,EMP0225,Sophia Khan,Male,1988-01-20,38,2022-10-13,,3.71,Active,Full-time,Office,4,39,4,42,emp0225@abcglobal.com
226,EMP0226,Ella Jones,Male,1976-06-21,50,2024-11-02,,1.66,Active,Full-time,Remote,1,18,5,8,emp0226@abcglobal.com
227,EMP0227,Arthur Jackson,Male,1984-04-04,42,2023-06-15,2024-04-20,0.85,Left,Full-time,Hybrid,1,17,5,25,emp0227@abcglobal.com
228,EMP0228,Anaya Thompson,Female,1998-04-15,28,2018-08-02,,7.91,Active,Full-time,Hybrid,6,7,5,26,emp0228@abcglobal.com
229,EMP0229,Rohan Clark,Male,1995-11-20,30,2018-09-07,,7.81,Active,Full-time,Hybrid,8,9,1,43,emp0229@abcglobal.com
230,EMP0230,Muhammad Singh,Male,1987-07-23,38,2024-03-26,,2.26,Active,Full-time,Hybrid,2,24,5,21,emp0230@abcglobal.com
231,EMP0231,Oscar Wilson,Female,2003-10-02,22,2022-05-16,,4.12,Active,Part-time,Remote,8,4,6,68,emp0231@abcglobal.com
232,EMP0232,Luca Thomas,Female,1984-08-06,41,2023-03-01,,3.33,Active,Contract,Remote,4,39,5,42,emp0232@abcglobal.com
233,EMP0233,Jack Williams,Female,1990-06-24,36,2023-01-17,,3.45,Active,Part-time,Office,2,25,3,21,emp0233@abcglobal.com
234,EMP0234,Diya Johnson,Male,1990-08-18,35,2024-12-07,,1.56,Active,Full-time,Office,8,9,5,57,emp0234@abcglobal.com
235,EMP0235,Anaya White,Female,1976-09-29,49,2022-06-30,,4.0,Active,Full-time,Office,2,24,6,31,emp0235@abcglobal.com
236,EMP0236,Oscar Shah,Male,1997-07-03,28,2022-02-20,,4.36,Active,Full-time,Hybrid,1,20,1,73,emp0236@abcglobal.com
237,EMP0237,Luca Jones,Female,1989-05-15,37,2023-10-09,,2.72,Active,Contract,Office,5,13,6,39,emp0237@abcglobal.com
238,EMP0238,Oliver Hall,Not disclosed,1989-04-14,37,2017-05-07,,9.15,Active,Full-time,Office,8,8,2,27,emp0238@abcglobal.com
239,EMP0239,Priya Roberts,Female,1987-06-04,39,2021-09-20,,4.77,Active,Full-time,Remote,7,30,2,56,emp0239@abcglobal.com
240,EMP0240,Grace Wilson,Female,1992-10-01,33,2020-01-02,,6.49,Active,Full-time,Remote,6,10,3,64,emp0240@abcglobal.com
241,EMP0241,Harry Brown,Male,1990-12-28,35,2018-01-08,,8.47,Active,Full-time,Remote,6,7,5,12,emp0241@abcglobal.com
242,EMP0242,Maya Jones,Female,1985-01-23,41,2017-05-13,,9.13,Active,Full-time,Office,7,27,5,28,emp0242@abcglobal.com
243,EMP0243,Jack Shah,Male,1985-02-02,41,2021-03-30,2026-05-18,5.13,Left,Full-time,Office,1,17,1,51,emp0243@abcglobal.com
244,EMP0244,Priya Davies,Male,1996-07-23,29,2017-06-08,,9.06,Active,Part-time,Office,2,22,5,41,emp0244@abcglobal.com
245,EMP0245,George Shah,Male,1974-09-25,51,2020-03-12,2025-08-14,5.42,Left,Contract,Hybrid,6,7,1,26,emp0245@abcglobal.com
246,EMP0246,Amelia Wilson,Female,1986-07-13,39,2022-09-18,,3.78,Active,Full-time,Hybrid,4,39,5,42,emp0246@abcglobal.com
247,EMP0247,Sofia Young,Male,1972-01-16,54,2024-04-08,2024-10-19,0.53,Left,Full-time,Hybrid,7,27,5,58,emp0247@abcglobal.com
248,EMP0248,Sophia Roberts,Male,1988-08-20,37,2021-09-13,,4.79,Active,Part-time,Office,4,39,3,49,emp0248@abcglobal.com
249,EMP0249,Jack Smith,Female,1982-12-11,43,2019-11-18,,6.61,Active,Full-time,Office,3,31,6,17,emp0249@abcglobal.com
250,EMP0250,Ishaan Davies,Male,1987-12-07,38,2021-01-28,,5.42,Active,Part-time,Hybrid,8,4,5,43,emp0250@abcglobal.com
251,EMP0251,Grace Hall,Male,1980-08-05,45,2022-02-25,2025-05-22,3.24,Left,Full-time,Office,1,19,5,73,emp0251@abcglobal.com
252,EMP0252,Sophia Thompson,Female,1986-09-05,39,2018-02-23,,8.35,Active,Full-time,Remote,7,30,6,71,emp0252@abcglobal.com
253,EMP0253,Ishaan Lewis,Female,1980-10-23,45,2022-11-18,,3.61,Active,Contract,Office,7,30,5,61,emp0253@abcglobal.com
254,EMP0254,Grace Thomas,Male,1980-09-14,45,2019-01-27,,7.42,Active,Full-time,Hybrid,6,3,4,6,emp0254@abcglobal.com
255,EMP0255,Ava Hall,Female,1982-04-18,44,2021-06-27,,5.01,Active,Full-time,Hybrid,5,11,5,39,emp0255@abcglobal.com
256,EMP0256,Noah Jackson,Female,1977-08-16,48,2020-01-09,,6.47,Active,Full-time,Hybrid,7,27,5,4,emp0256@abcglobal.com
257,EMP0257,Jack Roberts,Male,1988-11-07,37,2018-06-08,,8.06,Active,Full-time,Hybrid,8,9,1,40,emp0257@abcglobal.com
258,EMP0258,Amelia Thompson,Male,1997-11-14,28,2019-02-16,,7.37,Active,Full-time,Hybrid,7,30,5,71,emp0258@abcglobal.com
259,EMP0259,Noah Smith,Female,1989-10-22,36,2025-02-21,,1.35,Active,Full-time,Hybrid,8,4,1,43,emp0259@abcglobal.com
260,EMP0260,Freya Patel,Female,1999-03-25,27,2023-07-26,2024-05-03,0.77,Left,Full-time,Office,4,37,3,11,emp0260@abcglobal.com
261,EMP0261,Jack Williams,Female,1977-11-19,48,2021-12-17,,4.53,Active,Full-time,Hybrid,6,10,1,62,emp0261@abcglobal.com
262,EMP0262,Oscar Jackson,Male,1993-05-21,33,2017-01-26,,9.42,Active,Full-time,Office,4,40,6,79,emp0262@abcglobal.com
263,EMP0263,Grace Williams,Female,1985-11-09,40,2026-02-22,,0.35,Active,Part-time,Office,6,3,3,62,emp0263@abcglobal.com
264,EMP0264,Oscar Williams,Female,1976-02-10,50,2019-07-31,,6.92,Active,Full-time,Hybrid,8,4,3,63,emp0264@abcglobal.com
265,EMP0265,Luca Clark,Female,1986-07-05,39,2020-11-19,,5.61,Active,Full-time,Remote,4,39,5,65,emp0265@abcglobal.com
266,EMP0266,Archie Martin,Male,2000-08-21,25,2018-07-16,,7.96,Active,Part-time,Hybrid,4,39,5,49,emp0266@abcglobal.com
267,EMP0267,Rohan Lewis,Female,1984-11-30,41,2017-05-23,,9.1,Active,Full-time,Hybrid,4,40,6,81,emp0267@abcglobal.com
268,EMP0268,Freya Jones,Female,1992-03-05,34,2024-10-15,,1.71,Active,Part-time,Office,1,20,1,24,emp0268@abcglobal.com
269,EMP0269,George Khan,Male,1995-11-20,30,2023-01-20,,3.44,Active,Full-time,Remote,6,7,3,54,emp0269@abcglobal.com
270,EMP0270,Sofia Jones,Female,1988-04-02,38,2023-04-15,2024-03-07,0.9,Left,Full-time,Hybrid,3,33,1,74,emp0270@abcglobal.com
271,EMP0271,Ava Jackson,Other,1980-08-30,45,2018-08-03,,7.91,Active,Full-time,Hybrid,6,7,4,62,emp0271@abcglobal.com
272,EMP0272,Ishaan Young,Female,1968-02-26,58,2022-03-26,,4.26,Active,Full-time,Office,6,7,5,54,emp0272@abcglobal.com
273,EMP0273,Grace Shah,Female,1981-03-23,45,2018-04-18,2026-06-05,8.13,Left,Full-time,Office,7,30,5,47,emp0273@abcglobal.com
274,EMP0274,Jack Jones,Female,1990-12-23,35,2018-10-23,,7.69,Active,Full-time,Hybrid,7,30,2,14,emp0274@abcglobal.com
275,EMP0275,Muhammad King,Male,1982-10-02,43,2018-08-29,,7.84,Active,Full-time,Hybrid,1,18,6,51,emp0275@abcglobal.com
276,EMP0276,Leo White,Female,1996-11-07,29,2019-04-03,,7.24,Active,Full-time,Hybrid,6,5,1,54,emp0276@abcglobal.com
277,EMP0277,Maya Davies,Female,1984-06-02,42,2025-07-25,,0.93,Active,Full-time,Office,8,8,1,3,emp0277@abcglobal.com
278,EMP0278,Anaya Thomas,Female,1985-03-01,41,2023-06-27,,3.01,Active,Full-time,Office,7,30,5,48,emp0278@abcglobal.com
279,EMP0279,Ishaan Clark,Male,1991-03-15,35,2025-08-29,2026-04-21,0.64,Left,Full-time,Hybrid,8,6,4,57,emp0279@abcglobal.com
280,EMP0280,Freya Shah,Male,1979-06-06,47,2023-01-25,,3.43,Active,Full-time,Remote,1,19,5,67,emp0280@abcglobal.com
281,EMP0281,Amelia Lewis,Female,2002-06-28,24,2021-04-29,2025-12-20,4.64,Left,Full-time,Hybrid,8,8,3,45,emp0281@abcglobal.com
282,EMP0282,Ava Wright,Male,1984-10-23,41,2020-02-03,,6.4,Active,Full-time,Remote,8,4,5,1,emp0282@abcglobal.com
283,EMP0283,Olivia Smith,Male,1975-06-26,51,2021-02-18,,5.36,Active,Full-time,Remote,7,28,2,48,emp0283@abcglobal.com
284,EMP0284,Mia Harris,Male,1996-06-07,30,2017-01-20,,9.44,Active,Full-time,Hybrid,5,13,2,16,emp0284@abcglobal.com
285,EMP0285,Archie Brown,Female,1986-10-28,39,2017-11-26,,8.59,Active,Full-time,Hybrid,7,27,2,44,emp0285@abcglobal.com
286,EMP0286,Oliver Khan,Female,1970-12-30,55,2019-12-02,,6.58,Active,Full-time,Office,1,18,2,8,emp0286@abcglobal.com
287,EMP0287,Jack Walker,Female,1980-05-03,46,2022-07-09,,3.98,Active,Full-time,Office,4,38,6,5,emp0287@abcglobal.com
288,EMP0288,Jack Thomas,Female,1977-10-07,48,2020-03-15,,6.29,Active,Full-time,Remote,6,10,5,77,emp0288@abcglobal.com
289,EMP0289,Jack Wright,Male,1983-05-12,43,2021-03-30,2025-02-18,3.89,Left,Full-time,Remote,4,39,5,22,emp0289@abcglobal.com
290,EMP0290,Freya King,Female,1994-10-05,31,2018-10-24,,7.68,Active,Full-time,Office,2,22,3,31,emp0290@abcglobal.com
291,EMP0291,Diya Lewis,Male,1995-06-05,31,2019-10-01,,6.75,Active,Contract,Hybrid,6,7,4,72,emp0291@abcglobal.com
292,EMP0292,Sophia Thompson,Female,1992-06-06,34,2017-07-16,,8.96,Active,Full-time,Remote,4,37,2,23,emp0292@abcglobal.com
293,EMP0293,Isla Martin,Male,1989-08-14,36,2022-09-02,,3.82,Active,Full-time,Hybrid,3,33,6,83,emp0293@abcglobal.com
294,EMP0294,Leo Davies,Male,1988-03-25,38,2022-10-23,,3.69,Active,Full-time,Hybrid,3,33,6,74,emp0294@abcglobal.com
295,EMP0295,Maya Wilson,Male,1991-05-16,35,2018-03-20,,8.28,Active,Full-time,Hybrid,7,27,4,80,emp0295@abcglobal.com
296,EMP0296,Grace Walker,Male,1979-08-20,46,2018-08-14,,7.88,Active,Part-time,Hybrid,2,24,4,21,emp0296@abcglobal.com
297,EMP0297,Oscar Martin,Male,1984-06-14,42,2017-11-28,,8.59,Active,Full-time,Remote,8,4,3,1,emp0297@abcglobal.com
298,EMP0298,Ella Scott,Male,1992-10-05,33,2024-02-14,,2.37,Active,Full-time,Remote,2,22,2,41,emp0298@abcglobal.com
299,EMP0299,Harry Jackson,Male,1985-04-30,41,2020-07-21,2025-08-07,5.05,Left,Full-time,Hybrid,1,17,3,70,emp0299@abcglobal.com
300,EMP0300,Grace Jones,Female,1983-01-24,43,2019-03-28,,7.26,Active,Full-time,Hybrid,7,30,5,80,emp0300@abcglobal.com
301,EMP0301,Rohan Clark,Male,1982-10-30,43,2022-02-14,,4.37,Active,Full-time,Office,1,17,1,15,emp0301@abcglobal.com
302,EMP0302,Noah Brown,Female,1990-08-09,35,2020-11-11,,5.63,Active,Full-time,Remote,7,30,1,71,emp0302@abcglobal.com
303,EMP0303,Anaya Taylor,Male,1971-03-08,55,2020-10-29,,5.67,Active,Full-time,Office,7,29,4,44,emp0303@abcglobal.com
304,EMP0304,Oliver Green,Female,1990-08-12,35,2021-06-01,,5.08,Active,Part-time,Office,8,9,1,68,emp0304@abcglobal.com
305,EMP0305,Maya Lewis,Not disclosed,1983-11-02,42,2021-10-17,,4.7,Active,Part-time,Office,1,17,5,73,emp0305@abcglobal.com
306,EMP0306,Ava Brown,Female,2003-12-14,22,2022-09-01,,3.83,Active,Full-time,Office,4,39,5,11,emp0306@abcglobal.com
307,EMP0307,Muhammad Williams,Male,1989-10-18,36,2024-04-01,,2.25,Active,Part-time,Hybrid,2,23,1,41,emp0307@abcglobal.com
308,EMP0308,Oscar White,Male,1986-11-14,39,2019-06-19,,7.03,Active,Full-time,Office,8,4,3,40,emp0308@abcglobal.com
309,EMP0309,Muhammad Williams,Male,1984-11-24,41,2019-04-30,,7.17,Active,Full-time,Remote,7,28,5,14,emp0309@abcglobal.com
310,EMP0310,Sofia Jones,Female,1980-12-27,45,2021-04-10,,5.22,Active,Full-time,Hybrid,3,34,6,74,emp0310@abcglobal.com
311,EMP0311,Mia Patel,Male,1987-02-09,39,2017-06-09,,9.06,Active,Full-time,Hybrid,8,9,5,43,emp0311@abcglobal.com
312,EMP0312,Freya Martin,Female,1978-11-07,47,2018-01-04,,8.48,Active,Contract,Hybrid,7,29,5,58,emp0312@abcglobal.com
313,EMP0313,Isla Brown,Male,1984-05-27,42,2024-12-30,2026-05-14,1.37,Left,Part-time,Hybrid,2,22,6,34,emp0313@abcglobal.com
314,EMP0314,Arthur Scott,Male,1970-12-05,55,2025-08-14,,0.88,Active,Full-time,Remote,2,23,2,38,emp0314@abcglobal.com
315,EMP0315,Rohan Shah,Female,1986-12-03,39,2017-11-24,2024-04-05,6.36,Left,Full-time,Hybrid,3,34,3,17,emp0315@abcglobal.com
316,EMP0316,Freya Harris,Male,1964-03-10,62,2021-07-17,,4.95,Active,Full-time,Hybrid,4,39,5,65,emp0316@abcglobal.com
317,EMP0317,Jack Singh,Female,2001-10-23,24,2024-06-19,,2.03,Active,Full-time,Hybrid,1,17,5,19,emp0317@abcglobal.com
318,EMP0318,George Jones,Male,1976-10-09,49,2021-01-03,,5.49,Active,Part-time,Office,4,37,1,11,emp0318@abcglobal.com
319,EMP0319,Isla Lewis,Female,1993-04-27,33,2020-03-10,2025-01-07,4.83,Left,Full-time,Office,2,23,5,41,emp0319@abcglobal.com
320,EMP0320,Priya Johnson,Male,1974-01-12,52,2022-12-22,,3.52,Active,Full-time,Office,8,4,6,40,emp0320@abcglobal.com
321,EMP0321,Priya Shah,Female,1978-07-29,47,2020-03-08,,6.31,Active,Full-time,Remote,6,3,5,12,emp0321@abcglobal.com
322,EMP0322,Anaya Shah,Not disclosed,1994-02-09,32,2024-07-27,,1.92,Active,Full-time,Hybrid,7,29,6,35,emp0322@abcglobal.com
323,EMP0323,Oscar Roberts,Female,1989-01-27,37,2021-08-25,,4.85,Active,Contract,Hybrid,6,10,5,54,emp0323@abcglobal.com
324,EMP0324,Noah Singh,Male,1997-02-03,29,2021-02-23,2024-09-26,3.59,Left,Full-time,Hybrid,8,4,1,68,emp0324@abcglobal.com
325,EMP0325,Maya Roberts,Male,1972-01-01,54,2022-04-13,,4.21,Active,Full-time,Hybrid,8,8,5,76,emp0325@abcglobal.com
326,EMP0326,Sophia Martin,Female,1965-07-19,60,2021-07-01,,5.0,Active,Full-time,Remote,6,7,3,64,emp0326@abcglobal.com
327,EMP0327,Sophia Smith,Female,1980-11-03,45,2023-02-15,,3.37,Active,Full-time,Office,8,8,5,68,emp0327@abcglobal.com
328,EMP0328,Lily Khan,Male,1980-03-07,46,2024-07-03,2026-04-07,1.76,Left,Full-time,Remote,7,28,3,48,emp0328@abcglobal.com
329,EMP0329,Amelia Hall,Female,1993-02-23,33,2023-08-05,,2.9,Active,Full-time,Hybrid,1,18,5,8,emp0329@abcglobal.com
330,EMP0330,Freya Shah,Female,1988-03-26,38,2020-12-27,,5.51,Active,Full-time,Hybrid,6,5,1,54,emp0330@abcglobal.com
331,EMP0331,George Clark,Male,1983-08-13,42,2021-08-31,,4.83,Active,Full-time,Hybrid,7,30,3,66,emp0331@abcglobal.com
332,EMP0332,Archie Thomas,Female,1979-08-28,46,2019-08-27,2025-03-20,5.56,Left,Contract,Office,4,40,2,22,emp0332@abcglobal.com
333,EMP0333,Sophia Jackson,Female,1981-04-19,45,2018-03-31,,8.25,Active,Full-time,Office,2,21,5,,emp0333@abcglobal.com
334,EMP0334,Mia Wilson,Male,1990-12-20,35,2021-01-18,,5.45,Active,Full-time,Office,5,11,1,75,emp0334@abcglobal.com
335,EMP0335,George Lewis,Female,1989-11-26,36,2021-02-13,,5.37,Active,Full-time,Hybrid,3,31,6,83,emp0335@abcglobal.com
336,EMP0336,Priya Johnson,Female,1992-07-28,33,2021-07-31,,4.91,Active,Full-time,Hybrid,7,29,4,47,emp0336@abcglobal.com
337,EMP0337,Diya Davies,Male,1992-06-08,34,2022-08-31,,3.83,Active,Part-time,Remote,1,17,4,51,emp0337@abcglobal.com
338,EMP0338,Ethan Jackson,Male,1965-02-18,61,2019-06-09,,7.06,Active,Full-time,Hybrid,5,12,5,,emp0338@abcglobal.com
339,EMP0339,Isla Khan,Male,1996-08-10,29,2022-05-15,,4.13,Active,Full-time,Remote,1,20,5,67,emp0339@abcglobal.com
340,EMP0340,Amelia Scott,Female,1991-06-26,35,2021-10-14,,4.71,Active,Full-time,Remote,3,31,6,83,emp0340@abcglobal.com
341,EMP0341,Luca Clark,Male,1997-06-12,29,2022-03-22,,4.27,Active,Part-time,Office,8,6,1,53,emp0341@abcglobal.com
342,EMP0342,Harry Jackson,Female,1978-10-11,47,2022-05-14,,4.13,Active,Full-time,Remote,6,7,5,77,emp0342@abcglobal.com
343,EMP0343,George Scott,Male,1988-12-06,37,2017-01-12,,9.46,Active,Full-time,Office,1,20,4,36,emp0343@abcglobal.com
344,EMP0344,Isla Shah,Female,1981-05-21,45,2019-01-24,,7.43,Active,Full-time,Hybrid,2,24,5,7,emp0344@abcglobal.com
345,EMP0345,Maya Johnson,Female,1985-07-04,40,2022-12-27,,3.51,Active,Full-time,Hybrid,7,29,5,14,emp0345@abcglobal.com
346,EMP0346,Luca Hall,Male,1989-05-27,37,2017-12-07,,8.56,Active,Full-time,Office,6,3,2,64,emp0346@abcglobal.com
347,EMP0347,Ava Thompson,Male,2003-07-25,22,2019-05-20,,7.11,Active,Full-time,Remote,7,29,6,47,emp0347@abcglobal.com
348,EMP0348,Amelia Brown,Female,2004-06-16,22,2024-09-10,,1.8,Active,Part-time,Hybrid,1,17,6,15,emp0348@abcglobal.com
349,EMP0349,Oliver Thomas,Female,1974-01-06,52,2026-02-19,,0.36,Active,Full-time,Hybrid,8,4,4,50,emp0349@abcglobal.com
350,EMP0350,Isla White,Male,1991-06-23,35,2020-07-15,,5.96,Active,Full-time,Hybrid,1,20,2,51,emp0350@abcglobal.com
351,EMP0351,Ishaan Martin,Male,1977-03-17,49,2022-08-02,,3.91,Active,Full-time,Hybrid,2,21,5,,emp0351@abcglobal.com
352,EMP0352,Arthur Davies,Male,1984-08-07,41,2019-04-10,,7.22,Active,Part-time,Hybrid,1,19,5,8,emp0352@abcglobal.com
353,EMP0353,Amelia Khan,Male,1994-04-18,32,2020-04-24,,6.18,Active,Full-time,Hybrid,4,36,1,,emp0353@abcglobal.com
354,EMP0354,Freya Martin,Female,1990-07-09,35,2018-10-10,2024-03-14,5.43,Left,Full-time,Hybrid,8,9,1,43,emp0354@abcglobal.com
355,EMP0355,Aarav Shah,Male,1995-09-23,30,2022-12-01,2024-05-08,1.43,Left,Full-time,Office,2,24,6,31,emp0355@abcglobal.com
356,EMP0356,Jack Jackson,Male,1990-07-31,35,2018-07-08,2024-05-14,5.85,Left,Contract,Office,7,29,1,66,emp0356@abcglobal.com
357,EMP0357,Archie Johnson,Female,1992-03-02,34,2018-04-21,,8.19,Active,Full-time,Hybrid,8,6,3,63,emp0357@abcglobal.com
358,EMP0358,Ella Khan,Male,2000-05-16,26,2020-04-07,,6.23,Active,Full-time,Hybrid,3,34,1,17,emp0358@abcglobal.com
359,EMP0359,Diya King,Male,1977-07-09,48,2017-08-06,2025-11-03,8.24,Left,Full-time,Hybrid,6,7,1,60,emp0359@abcglobal.com
360,EMP0360,Jack Harris,Male,1996-01-29,30,2023-11-26,,2.59,Active,Full-time,Hybrid,7,26,6,,emp0360@abcglobal.com
361,EMP0361,Oscar Khan,Female,1974-07-16,51,2022-05-10,,4.14,Active,Full-time,Remote,8,6,6,68,emp0361@abcglobal.com
362,EMP0362,Lily Thompson,Female,1999-10-15,26,2026-01-08,,0.47,Active,Part-time,Hybrid,7,30,4,4,emp0362@abcglobal.com
363,EMP0363,Anaya Thompson,Female,1991-10-06,34,2024-03-20,,2.28,Active,Full-time,Office,2,24,1,46,emp0363@abcglobal.com
364,EMP0364,Amelia Scott,Female,1987-12-05,38,2017-07-16,,8.96,Active,Full-time,Hybrid,7,29,1,13,emp0364@abcglobal.com
365,EMP0365,Oliver Clark,Male,1985-03-30,41,2017-01-05,,9.48,Active,Full-time,Hybrid,4,39,2,49,emp0365@abcglobal.com
366,EMP0366,Amelia Wright,Not disclosed,1972-06-01,54,2019-05-06,,7.15,Active,Full-time,Office,5,13,6,16,emp0366@abcglobal.com
367,EMP0367,Freya Jackson,Male,1979-05-05,47,2020-07-25,,5.93,Active,Contract,Office,7,27,5,61,emp0367@abcglobal.com
368,EMP0368,Sofia Brown,Male,1989-05-16,37,2024-07-23,,1.94,Active,Full-time,Office,6,3,5,72,emp0368@abcglobal.com
369,EMP0369,Arthur Scott,Female,1987-10-08,38,2024-01-23,,2.43,Active,Full-time,Hybrid,5,14,2,75,emp0369@abcglobal.com
370,EMP0370,Archie Roberts,Female,2000-09-12,25,2019-07-11,,6.97,Active,Full-time,Office,8,4,6,68,emp0370@abcglobal.com
371,EMP0371,Harry Young,Female,1977-12-02,48,2025-02-06,,1.39,Active,Full-time,Hybrid,7,27,1,66,emp0371@abcglobal.com
372,EMP0372,Olivia Patel,Male,1975-04-01,51,2024-02-21,,2.35,Active,Full-time,Office,2,22,4,20,emp0372@abcglobal.com
373,EMP0373,Mia Clark,Male,1985-01-26,41,2024-06-11,,2.05,Active,Full-time,Hybrid,5,11,5,39,emp0373@abcglobal.com
374,EMP0374,Priya Singh,Female,1995-02-10,31,2023-06-09,,3.06,Active,Full-time,Office,2,21,3,,emp0374@abcglobal.com
375,EMP0375,Amelia Roberts,Male,1981-08-14,44,2017-01-20,,9.44,Active,Full-time,Hybrid,5,11,2,69,emp0375@abcglobal.com
376,EMP0376,Ethan Thompson,Male,2004-01-21,22,2018-11-07,2024-12-14,6.1,Left,Full-time,Office,3,34,4,17,emp0376@abcglobal.com
377,EMP0377,Anaya Wilson,Female,1994-07-18,31,2022-04-23,,4.19,Active,Full-time,Hybrid,4,40,6,42,emp0377@abcglobal.com
378,EMP0378,Leo Walker,Male,1977-02-22,49,2017-06-23,2024-02-26,6.68,Left,Part-time,Hybrid,4,39,5,42,emp0378@abcglobal.com
379,EMP0379,Freya Jackson,Male,1984-12-17,41,2022-09-17,,3.78,Active,Full-time,Hybrid,3,31,4,83,emp0379@abcglobal.com
380,EMP0380,Priya Wilson,Female,1992-06-19,34,2017-09-27,,8.76,Active,Contract,Hybrid,8,9,5,1,emp0380@abcglobal.com
381,EMP0381,Anaya Brown,Female,1993-08-30,32,2025-02-09,2026-03-16,1.1,Left,Full-time,Hybrid,6,7,6,9,emp0381@abcglobal.com
382,EMP0382,Oliver Thomas,Female,1986-07-26,39,2025-05-31,,1.08,Active,Full-time,Hybrid,6,3,2,6,emp0382@abcglobal.com
383,EMP0383,Olivia Khan,Female,1976-05-19,50,2021-07-24,,4.93,Active,Contract,Office,8,4,5,50,emp0383@abcglobal.com
384,EMP0384,Mia Taylor,Female,1995-06-05,31,2024-09-04,,1.82,Active,Part-time,Office,7,28,3,48,emp0384@abcglobal.com
385,EMP0385,Leo Brown,Male,1992-05-13,34,2019-01-07,,7.48,Active,Full-time,Office,4,37,5,49,emp0385@abcglobal.com
386,EMP0386,Rohan Smith,Male,1999-05-03,27,2022-07-21,,3.94,Active,Full-time,Hybrid,4,39,5,11,emp0386@abcglobal.com
387,EMP0387,Mia Clark,Female,1992-10-06,33,2023-09-04,,2.82,Active,Part-time,Remote,5,11,1,16,emp0387@abcglobal.com
388,EMP0388,Ishaan Williams,Female,1971-11-11,54,2019-12-07,,6.56,Active,Full-time,Hybrid,7,30,6,47,emp0388@abcglobal.com
389,EMP0389,Ishaan Jones,Male,1975-02-27,51,2018-08-28,,7.84,Active,Full-time,Office,5,11,5,2,emp0389@abcglobal.com
390,EMP0390,Freya Young,Male,1992-05-15,34,2017-03-15,2025-04-06,8.06,Left,Full-time,Office,7,29,4,61,emp0390@abcglobal.com
391,EMP0391,Harry Wilson,Female,1977-05-14,49,2022-08-18,2024-07-22,1.93,Left,Full-time,Remote,4,40,3,5,emp0391@abcglobal.com
392,EMP0392,Oscar Khan,Female,1987-08-07,38,2018-08-11,,7.89,Active,Full-time,Hybrid,2,22,5,34,emp0392@abcglobal.com
393,EMP0393,Arthur King,Female,1993-03-19,33,2018-01-18,,8.45,Active,Full-time,Office,7,26,1,,emp0393@abcglobal.com
394,EMP0394,Freya Young,Male,1995-11-02,30,2022-11-30,,3.58,Active,Part-time,Office,8,4,6,45,emp0394@abcglobal.com
395,EMP0395,Diya Smith,Female,1988-06-21,38,2018-05-12,,8.13,Active,Full-time,Hybrid,8,9,5,76,emp0395@abcglobal.com
396,EMP0396,Leo Hall,Female,1991-06-24,35,2026-03-13,,0.3,Active,Full-time,Hybrid,4,36,3,,emp0396@abcglobal.com
397,EMP0397,Noah Patel,Male,1986-07-05,39,2020-11-22,,5.6,Active,Full-time,Hybrid,7,30,6,59,emp0397@abcglobal.com
398,EMP0398,Diya Smith,Male,1974-11-21,51,2023-07-30,,2.92,Active,Part-time,Office,1,19,6,29,emp0398@abcglobal.com
399,EMP0399,Grace Lewis,Male,1982-10-20,43,2025-09-22,2026-04-22,0.58,Left,Contract,Hybrid,7,27,1,59,emp0399@abcglobal.com
400,EMP0400,Noah Roberts,Male,1997-12-07,28,2021-03-19,,5.28,Active,Contract,Remote,8,6,3,1,emp0400@abcglobal.com
401,EMP0401,Maya Johnson,Female,1986-06-15,40,2021-12-05,,4.57,Active,Full-time,Office,4,39,2,11,emp0401@abcglobal.com
402,EMP0402,Diya Shah,Female,1994-01-26,32,2018-10-31,,7.66,Active,Full-time,Remote,8,4,1,45,emp0402@abcglobal.com
403,EMP0403,Priya Thomas,Female,1986-06-17,40,2021-02-09,,5.39,Active,Full-time,Hybrid,8,9,6,68,emp0403@abcglobal.com
404,EMP0404,Arthur Martin,Female,1984-03-17,42,2020-03-31,,6.25,Active,Full-time,Remote,1,20,6,67,emp0404@abcglobal.com
405,EMP0405,Maya Hall,Female,1999-01-25,27,2025-02-24,,1.34,Active,Full-time,Hybrid,2,22,3,21,emp0405@abcglobal.com
406,EMP0406,Aarav Wright,Female,1999-06-10,27,2019-04-09,,7.23,Active,Full-time,Hybrid,7,29,5,35,emp0406@abcglobal.com
407,EMP0407,Aarav Khan,Male,1985-12-14,40,2019-12-21,,6.52,Active,Full-time,Hybrid,3,31,1,83,emp0407@abcglobal.com
408,EMP0408,Luca Harris,Female,1977-03-01,49,2022-08-19,,3.86,Active,Full-time,Hybrid,7,27,3,56,emp0408@abcglobal.com
409,EMP0409,Olivia Davies,Male,1992-08-02,33,2021-07-06,,4.98,Active,Part-time,Hybrid,8,4,4,3,emp0409@abcglobal.com
410,EMP0410,Isla Clark,Female,1983-07-02,42,2019-06-10,,7.06,Active,Full-time,Hybrid,3,31,1,17,emp0410@abcglobal.com
411,EMP0411,Ishaan Hall,Female,1993-01-14,33,2025-07-01,,1.0,Active,Full-time,Hybrid,8,8,5,68,emp0411@abcglobal.com
412,EMP0412,Anaya King,Male,2000-07-21,25,2026-03-10,,0.31,Active,Full-time,Remote,5,11,1,75,emp0412@abcglobal.com
413,EMP0413,Maya Thompson,Male,1994-06-04,32,2022-03-14,,4.3,Active,Full-time,Office,8,4,6,68,emp0413@abcglobal.com
414,EMP0414,Isla Hall,Male,1985-07-12,40,2023-02-11,,3.38,Active,Full-time,Hybrid,4,39,3,5,emp0414@abcglobal.com
415,EMP0415,Lily Davies,Male,1966-02-06,60,2017-05-26,,9.1,Active,Part-time,Hybrid,7,27,2,66,emp0415@abcglobal.com
416,EMP0416,Aarav Shah,Male,1998-08-26,27,2023-03-20,2026-04-16,3.07,Left,Contract,Office,1,16,4,,emp0416@abcglobal.com
417,EMP0417,Jack King,Male,1997-04-12,29,2024-08-09,2026-04-27,1.71,Left,Full-time,Hybrid,1,19,5,15,emp0417@abcglobal.com
418,EMP0418,Lily Khan,Male,1968-10-11,57,2020-08-11,2025-11-24,5.29,Left,Full-time,Hybrid,8,8,3,63,emp0418@abcglobal.com
419,EMP0419,Amelia Roberts,Female,1982-09-20,43,2018-12-15,2025-01-15,6.09,Left,Full-time,Remote,1,17,6,70,emp0419@abcglobal.com
420,EMP0420,Amelia Thompson,Female,1989-01-21,37,2025-10-06,,0.73,Active,Full-time,Office,7,28,1,44,emp0420@abcglobal.com
421,EMP0421,Isla Roberts,Female,2000-11-06,25,2022-05-22,2026-04-05,3.87,Left,Full-time,Office,8,2,3,,emp0421@abcglobal.com
422,EMP0422,Arthur Jones,Male,2001-01-16,25,2023-12-26,,2.51,Active,Full-time,Remote,3,33,6,17,emp0422@abcglobal.com
423,EMP0423,Mia Clark,Female,1987-07-22,38,2022-05-26,,4.1,Active,Full-time,Hybrid,1,19,6,55,emp0423@abcglobal.com
424,EMP0424,Olivia Harris,Male,2002-05-02,24,2019-08-21,,6.86,Active,Full-time,Office,8,8,1,1,emp0424@abcglobal.com
425,EMP0425,Grace Walker,Male,1976-03-27,50,2020-03-20,,6.28,Active,Full-time,Remote,1,20,3,36,emp0425@abcglobal.com
426,EMP0426,Priya Scott,Male,1995-10-01,30,2022-01-13,,4.46,Active,Full-time,Remote,4,39,5,22,emp0426@abcglobal.com
427,EMP0427,George Harris,Male,1977-01-15,49,2021-03-07,,5.31,Active,Full-time,Remote,1,17,3,29,emp0427@abcglobal.com
428,EMP0428,Lily King,Female,1975-05-02,51,2022-05-10,,4.14,Active,Full-time,Office,5,14,1,75,emp0428@abcglobal.com
429,EMP0429,Olivia King,Male,1973-07-06,52,2025-08-19,2026-03-15,0.57,Left,Part-time,Hybrid,8,4,3,76,emp0429@abcglobal.com
430,EMP0430,Anaya Taylor,Female,1974-09-29,51,2018-11-15,2025-04-07,6.39,Left,Part-time,Hybrid,3,33,5,74,emp0430@abcglobal.com
431,EMP0431,Jack Clark,Female,1975-08-26,50,2020-12-10,2024-02-17,3.19,Left,Full-time,Hybrid,4,37,3,22,emp0431@abcglobal.com
432,EMP0432,Oliver Young,Female,1999-09-15,26,2020-11-15,,5.62,Active,Full-time,Hybrid,8,9,3,68,emp0432@abcglobal.com
433,EMP0433,Arthur Hall,Male,1995-07-06,30,2018-11-29,,7.58,Active,Full-time,Office,6,1,2,,emp0433@abcglobal.com
434,EMP0434,Ishaan Wilson,Male,1999-10-18,26,2022-06-15,,4.04,Active,Full-time,Office,4,40,6,23,emp0434@abcglobal.com
435,EMP0435,Oscar Martin,Male,1989-10-07,36,2024-07-14,2025-03-31,0.71,Left,Part-time,Office,4,37,5,11,emp0435@abcglobal.com
436,EMP0436,George Singh,Male,1992-01-31,34,2022-02-13,,4.38,Active,Full-time,Office,5,11,4,75,emp0436@abcglobal.com
437,EMP0437,Lily Brown,Female,1983-06-01,43,2023-03-30,,3.25,Active,Full-time,Hybrid,2,24,3,46,emp0437@abcglobal.com
438,EMP0438,Archie Williams,Male,1987-10-25,38,2023-05-10,,3.14,Active,Full-time,Office,1,18,2,8,emp0438@abcglobal.com
439,EMP0439,Grace Davies,Male,1982-12-06,43,2025-12-29,,0.5,Active,Full-time,Hybrid,7,28,6,4,emp0439@abcglobal.com
440,EMP0440,Sophia Williams,Male,1991-11-17,34,2023-05-06,,3.15,Active,Full-time,Remote,8,8,6,3,emp0440@abcglobal.com
441,EMP0441,Oscar Green,Male,1989-06-22,37,2020-08-20,,5.86,Active,Full-time,Remote,1,20,1,51,emp0441@abcglobal.com
442,EMP0442,Arthur Thomas,Female,1989-10-20,36,2024-10-26,2026-05-01,1.51,Left,Full-time,Remote,7,27,5,35,emp0442@abcglobal.com
443,EMP0443,Olivia Williams,Male,1978-02-04,48,2023-05-10,,3.14,Active,Full-time,Hybrid,4,37,5,49,emp0443@abcglobal.com
444,EMP0444,Olivia Wright,Male,1984-01-03,42,2020-11-16,,5.62,Active,Full-time,Hybrid,2,24,5,38,emp0444@abcglobal.com
445,EMP0445,Jack Johnson,Female,2001-07-11,24,2026-02-02,,0.41,Active,Full-time,Office,1,17,5,8,emp0445@abcglobal.com
446,EMP0446,Grace Harris,Female,2003-07-18,22,2025-02-02,,1.4,Active,Full-time,Remote,7,30,5,71,emp0446@abcglobal.com
447,EMP0447,Leo Shah,Male,1980-05-22,46,2020-05-16,,6.12,Active,Full-time,Hybrid,4,37,5,5,emp0447@abcglobal.com
448,EMP0448,Oliver Jackson,Female,1983-08-20,42,2022-01-02,,4.49,Active,Full-time,Hybrid,3,34,1,17,emp0448@abcglobal.com
449,EMP0449,Diya White,Female,1997-05-30,29,2025-09-25,,0.76,Active,Full-time,Hybrid,2,25,1,34,emp0449@abcglobal.com
450,EMP0450,Ella Walker,Female,1995-04-25,31,2017-02-19,,9.36,Active,Full-time,Office,4,37,6,49,emp0450@abcglobal.com
451,EMP0451,Ella Khan,Male,1993-06-17,33,2022-04-05,,4.24,Active,Full-time,Office,5,11,6,75,emp0451@abcglobal.com
452,EMP0452,Freya Jackson,Female,1985-04-08,41,2023-04-10,,3.22,Active,Full-time,Office,8,2,5,,emp0452@abcglobal.com
453,EMP0453,Mia Smith,Male,2004-04-12,22,2018-05-26,,8.1,Active,Full-time,Office,4,39,5,42,emp0453@abcglobal.com
454,EMP0454,Oscar Jones,Female,1988-10-20,37,2017-04-02,,9.24,Active,Full-time,Hybrid,8,9,5,45,emp0454@abcglobal.com
455,EMP0455,Sofia Scott,Female,1965-07-15,60,2024-02-14,,2.37,Active,Full-time,Hybrid,2,24,5,34,emp0455@abcglobal.com
456,EMP0456,Diya Shah,Male,1993-04-16,33,2024-09-25,,1.76,Active,Full-time,Hybrid,1,20,1,67,emp0456@abcglobal.com
457,EMP0457,Priya Shah,Female,1996-12-10,29,2023-05-04,,3.16,Active,Full-time,Office,7,26,1,,emp0457@abcglobal.com
458,EMP0458,Mia Davies,Male,1990-04-06,36,2024-12-23,,1.52,Active,Full-time,Office,8,9,1,57,emp0458@abcglobal.com
459,EMP0459,Ishaan Brown,Female,1988-07-02,37,2024-09-05,2026-06-07,1.75,Left,Part-time,Hybrid,7,29,5,44,emp0459@abcglobal.com
460,EMP0460,Isla Shah,Male,1989-10-09,36,2025-11-12,,0.63,Active,Contract,Hybrid,7,28,2,66,emp0460@abcglobal.com
461,EMP0461,Olivia Wilson,Female,1972-09-23,53,2024-06-09,,2.06,Active,Full-time,Hybrid,2,24,4,20,emp0461@abcglobal.com
462,EMP0462,Ella Wilson,Female,1991-08-29,34,2020-10-15,2025-07-22,4.77,Left,Full-time,Office,6,5,1,54,emp0462@abcglobal.com
463,EMP0463,Archie Williams,Male,1982-10-15,43,2017-06-12,,9.05,Active,Full-time,Office,7,28,1,44,emp0463@abcglobal.com
464,EMP0464,Oscar Patel,Female,1982-10-13,43,2019-03-26,,7.26,Active,Full-time,Hybrid,2,22,3,20,emp0464@abcglobal.com
465,EMP0465,Diya Walker,Female,1994-10-25,31,2021-02-09,,5.39,Active,Full-time,Hybrid,1,20,6,24,emp0465@abcglobal.com
466,EMP0466,Muhammad King,Female,1986-03-26,40,2024-02-20,,2.36,Active,Full-time,Office,3,33,3,17,emp0466@abcglobal.com
467,EMP0467,Aarav Roberts,Female,1989-03-23,37,2023-08-04,,2.9,Active,Full-time,Hybrid,7,30,5,56,emp0467@abcglobal.com
468,EMP0468,Priya Jones,Female,1991-08-23,34,2022-04-25,,4.18,Active,Full-time,Hybrid,3,31,3,83,emp0468@abcglobal.com
469,EMP0469,Rohan Brown,Female,1991-10-09,34,2025-02-24,,1.34,Active,Contract,Hybrid,6,5,2,54,emp0469@abcglobal.com
470,EMP0470,Priya Hall,Male,1984-08-16,41,2024-08-12,,1.88,Active,Full-time,Hybrid,8,2,2,,emp0470@abcglobal.com
471,EMP0471,Noah Khan,Male,1981-08-15,44,2020-05-13,,6.13,Active,Part-time,Office,6,5,6,54,emp0471@abcglobal.com
472,EMP0472,Jack Shah,Female,1990-04-17,36,2026-04-13,,0.21,Active,Part-time,Remote,4,38,4,23,emp0472@abcglobal.com
473,EMP0473,Diya Green,Female,1989-02-23,37,2024-08-20,,1.86,Active,Full-time,Hybrid,8,8,1,76,emp0473@abcglobal.com
474,EMP0474,Harry Harris,Male,1973-09-03,52,2022-08-07,,3.9,Active,Full-time,Office,6,10,1,54,emp0474@abcglobal.com
475,EMP0475,Noah Wilson,Female,2001-06-07,25,2021-01-17,,5.45,Active,Full-time,Hybrid,7,29,3,48,emp0475@abcglobal.com
476,EMP0476,Muhammad King,Female,1983-05-17,43,2022-06-24,,4.02,Active,Full-time,Office,4,39,1,5,emp0476@abcglobal.com
477,EMP0477,Oscar Jones,Male,2003-10-23,22,2021-11-14,,4.62,Active,Full-time,Office,8,8,6,68,emp0477@abcglobal.com
478,EMP0478,Ethan Thompson,Male,1990-02-14,36,2023-04-26,,3.18,Active,Full-time,Office,6,10,5,9,emp0478@abcglobal.com
479,EMP0479,Archie Shah,Not disclosed,1986-11-19,39,2021-05-01,,5.16,Active,Full-time,Hybrid,7,26,4,,emp0479@abcglobal.com
480,EMP0480,Oscar King,Female,2003-04-05,23,2023-12-14,,2.54,Active,Full-time,Hybrid,8,4,2,3,emp0480@abcglobal.com
481,EMP0481,Mia Scott,Female,1989-09-16,36,2024-04-17,,2.2,Active,Contract,Remote,8,9,5,76,emp0481@abcglobal.com
482,EMP0482,Jack King,Female,1977-07-19,48,2020-05-26,,6.09,Active,Full-time,Hybrid,4,37,5,42,emp0482@abcglobal.com
483,EMP0483,Lily Singh,Female,1997-04-13,29,2021-05-20,,5.11,Active,Full-time,Remote,5,11,4,2,emp0483@abcglobal.com
484,EMP0484,Sophia Jones,Female,2004-04-22,22,2017-12-15,,8.54,Active,Full-time,Hybrid,1,18,3,8,emp0484@abcglobal.com
485,EMP0485,Ishaan Taylor,Male,1999-01-24,27,2017-02-15,,9.37,Active,Full-time,Hybrid,7,27,4,56,emp0485@abcglobal.com
486,EMP0486,Grace King,Male,1990-03-02,36,2023-04-30,,3.17,Active,Full-time,Hybrid,8,9,5,1,emp0486@abcglobal.com
487,EMP0487,Mia Martin,Female,1983-02-22,43,2018-11-14,,7.62,Active,Full-time,Office,4,39,6,79,emp0487@abcglobal.com
488,EMP0488,Freya Hall,Female,1997-06-21,29,2022-11-19,,3.61,Active,Full-time,Office,5,14,1,69,emp0488@abcglobal.com
489,EMP0489,Mia Scott,Male,1996-02-21,30,2020-11-28,,5.59,Active,Full-time,Office,8,2,5,,emp0489@abcglobal.com
490,EMP0490,Freya Wright,Female,1997-04-23,29,2023-03-15,,3.29,Active,Full-time,Remote,7,30,1,4,emp0490@abcglobal.com
491,EMP0491,Diya Khan,Female,1991-01-23,35,2026-02-07,,0.39,Active,Full-time,Hybrid,5,12,1,,emp0491@abcglobal.com
492,EMP0492,Lily Roberts,Female,1989-03-23,37,2021-10-30,,4.67,Active,Full-time,Hybrid,4,39,4,49,emp0492@abcglobal.com
493,EMP0493,Oliver Khan,Male,1995-06-17,31,2018-09-02,,7.82,Active,Full-time,Hybrid,8,9,1,27,emp0493@abcglobal.com
494,EMP0494,Luca Wright,Female,1994-10-11,31,2022-02-08,,4.39,Active,Full-time,Office,7,27,5,61,emp0494@abcglobal.com
495,EMP0495,Ishaan Young,Female,1999-11-21,26,2018-01-03,,8.49,Active,Full-time,Office,1,18,1,8,emp0495@abcglobal.com
496,EMP0496,Arthur Clark,Female,1982-09-02,43,2025-04-02,,1.24,Active,Full-time,Remote,4,39,5,11,emp0496@abcglobal.com
497,EMP0497,Amelia Taylor,Male,1982-08-30,43,2020-04-23,2025-02-18,4.82,Left,Full-time,Remote,8,8,1,50,emp0497@abcglobal.com
498,EMP0498,Lily Green,Male,1995-11-07,30,2018-05-13,,8.13,Active,Full-time,Office,4,37,3,30,emp0498@abcglobal.com
499,EMP0499,Ethan Wright,Female,1991-03-27,35,2023-09-13,2026-03-19,2.51,Left,Full-time,Office,7,27,1,44,emp0499@abcglobal.com
500,EMP0500,Ethan Harris,Male,1985-05-23,41,2025-07-09,,0.97,Active,Full-time,Office,8,8,4,68,emp0500@abcglobal.com
501,EMP0501,Rohan Wilson,Male,1995-08-15,30,2022-11-27,,3.59,Active,Contract,Hybrid,4,39,3,49,emp0501@abcglobal.com
502,EMP0502,Sofia Clark,Male,1993-09-30,32,2026-01-14,,0.46,Active,Full-time,Remote,7,27,6,48,emp0502@abcglobal.com
503,EMP0503,Sofia Jackson,Male,1997-03-13,29,2018-07-10,,7.97,Active,Part-time,Hybrid,6,7,5,12,emp0503@abcglobal.com
504,EMP0504,George Martin,Female,1994-04-09,32,2026-01-07,,0.48,Active,Part-time,Remote,7,28,3,48,emp0504@abcglobal.com
505,EMP0505,Maya King,Female,1990-06-09,36,2021-03-07,,5.31,Active,Full-time,Remote,2,22,2,7,emp0505@abcglobal.com
506,EMP0506,Archie Brown,Other,1984-01-25,42,2022-09-19,,3.78,Active,Part-time,Hybrid,8,8,5,68,emp0506@abcglobal.com
507,EMP0507,Amelia Clark,Not disclosed,1989-02-22,37,2022-08-31,,3.83,Active,Full-time,Remote,4,39,1,5,emp0507@abcglobal.com
508,EMP0508,Lily Green,Male,1982-07-06,43,2025-05-05,,1.15,Active,Full-time,Remote,6,7,1,62,emp0508@abcglobal.com
509,EMP0509,Ishaan Johnson,Male,1987-07-16,38,2023-01-31,,3.41,Active,Full-time,Hybrid,3,34,5,74,emp0509@abcglobal.com
510,EMP0510,Rohan Hall,Male,1990-01-21,36,2019-01-01,2025-04-14,6.28,Left,Full-time,Office,8,8,1,57,emp0510@abcglobal.com
511,EMP0511,Mia Patel,Female,1998-04-20,28,2025-02-06,2026-03-09,1.08,Left,Full-time,Hybrid,6,3,1,26,emp0511@abcglobal.com
512,EMP0512,Sophia Smith,Female,2004-04-25,22,2020-08-07,,5.89,Active,Full-time,Remote,6,5,2,54,emp0512@abcglobal.com
513,EMP0513,George Roberts,Male,2000-12-05,25,2022-02-28,,4.33,Active,Full-time,Office,5,13,5,2,emp0513@abcglobal.com
514,EMP0514,Maya Green,Male,1992-10-15,33,2017-07-17,,8.95,Active,Full-time,Hybrid,4,39,5,82,emp0514@abcglobal.com
515,EMP0515,Mia Martin,Male,1982-02-21,44,2019-02-07,,7.39,Active,Full-time,Office,2,24,5,38,emp0515@abcglobal.com
516,EMP0516,Maya Martin,Male,2003-08-10,22,2021-09-05,,4.82,Active,Full-time,Office,7,30,3,4,emp0516@abcglobal.com
517,EMP0517,Ethan Khan,Female,1982-12-11,43,2022-07-20,,3.95,Active,Full-time,Remote,4,39,5,5,emp0517@abcglobal.com
518,EMP0518,Isla Wilson,Male,1991-09-11,34,2019-02-21,,7.35,Active,Full-time,Hybrid,8,8,5,50,emp0518@abcglobal.com
519,EMP0519,Noah Harris,Male,2000-04-03,26,2021-04-16,,5.2,Active,Full-time,Office,7,29,4,80,emp0519@abcglobal.com
520,EMP0520,Aarav Taylor,Not disclosed,1995-09-16,30,2018-03-05,,8.32,Active,Part-time,Hybrid,8,9,5,50,emp0520@abcglobal.com
521,EMP0521,Oliver Patel,Female,1991-05-02,35,2020-06-26,,6.01,Active,Full-time,Hybrid,6,3,6,6,emp0521@abcglobal.com
522,EMP0522,Oscar Patel,Male,1986-12-10,39,2024-05-23,,2.1,Active,Full-time,Remote,4,37,5,65,emp0522@abcglobal.com
523,EMP0523,Priya Jackson,Male,1980-02-24,46,2025-05-13,2026-06-13,1.08,Left,Contract,Office,4,40,4,30,emp0523@abcglobal.com
524,EMP0524,Maya King,Male,1995-11-03,30,2017-02-17,,9.36,Active,Part-time,Hybrid,3,31,4,74,emp0524@abcglobal.com
525,EMP0525,Lily King,Female,1990-10-22,35,2023-12-16,,2.54,Active,Full-time,Office,2,24,3,20,emp0525@abcglobal.com
526,EMP0526,Oscar Hall,Male,1987-05-19,39,2025-02-07,,1.39,Active,Full-time,Office,2,24,1,7,emp0526@abcglobal.com
527,EMP0527,Isla Davies,Female,1975-01-20,51,2025-01-11,,1.46,Active,Full-time,Hybrid,1,18,6,8,emp0527@abcglobal.com
528,EMP0528,Oliver Williams,Female,1975-01-02,51,2021-07-06,,4.98,Active,Part-time,Hybrid,3,32,5,,emp0528@abcglobal.com
529,EMP0529,Aarav Walker,Male,1986-03-16,40,2017-05-31,,9.08,Active,Full-time,Hybrid,3,31,6,74,emp0529@abcglobal.com
530,EMP0530,Leo Wright,Female,1988-07-16,37,2019-12-20,2024-07-09,4.55,Left,Full-time,Remote,5,12,2,,emp0530@abcglobal.com
531,EMP0531,Priya Wilson,Female,1973-05-20,53,2025-11-06,,0.65,Active,Full-time,Office,3,31,1,74,emp0531@abcglobal.com
532,EMP0532,Sofia Lewis,Female,1990-06-10,36,2020-05-06,,6.15,Active,Full-time,Hybrid,4,40,1,22,emp0532@abcglobal.com
533,EMP0533,George Harris,Male,1982-01-22,44,2017-08-04,,8.9,Active,Full-time,Hybrid,7,30,4,13,emp0533@abcglobal.com
534,EMP0534,Noah Smith,Female,1984-11-14,41,2025-09-06,2026-05-08,0.67,Left,Full-time,Office,8,8,4,63,emp0534@abcglobal.com
535,EMP0535,Harry Martin,Other,1982-12-24,43,2024-05-17,2025-12-05,1.55,Left,Full-time,Hybrid,3,31,6,17,emp0535@abcglobal.com
536,EMP0536,Rohan Scott,Male,1989-04-22,37,2025-04-27,2025-12-10,0.62,Left,Full-time,Office,1,19,3,19,emp0536@abcglobal.com
537,EMP0537,Sofia Scott,Female,1987-01-26,39,2018-02-24,2025-05-20,7.23,Left,Full-time,Remote,4,40,1,30,emp0537@abcglobal.com
538,EMP0538,Oliver Scott,Female,1988-10-13,37,2019-03-15,,7.29,Active,Full-time,Hybrid,7,29,5,59,emp0538@abcglobal.com
539,EMP0539,Aarav King,Female,1986-07-11,39,2024-10-26,,1.68,Active,Contract,Office,7,30,3,80,emp0539@abcglobal.com
540,EMP0540,Ishaan Roberts,Male,1980-12-19,45,2017-09-20,,8.77,Active,Full-time,Hybrid,7,30,2,58,emp0540@abcglobal.com
541,EMP0541,Sofia Lewis,Male,1986-08-04,39,2024-08-15,,1.87,Active,Full-time,Hybrid,8,8,5,76,emp0541@abcglobal.com
542,EMP0542,Aarav Green,Female,1994-11-09,31,2021-09-20,,4.77,Active,Part-time,Remote,3,33,3,74,emp0542@abcglobal.com
543,EMP0543,Archie Scott,Female,1992-12-02,33,2019-06-19,,7.03,Active,Full-time,Office,2,22,4,41,emp0543@abcglobal.com
544,EMP0544,Ishaan Patel,Not disclosed,1989-06-30,36,2026-03-25,,0.27,Active,Full-time,Hybrid,8,6,3,1,emp0544@abcglobal.com
545,EMP0545,Lily Wilson,Female,2003-10-17,22,2023-03-05,,3.32,Active,Full-time,Hybrid,7,29,5,13,emp0545@abcglobal.com
546,EMP0546,Olivia Lewis,Male,1987-04-26,39,2026-02-01,,0.41,Active,Full-time,Hybrid,6,3,6,62,emp0546@abcglobal.com
547,EMP0547,Aarav Thomas,Male,1984-11-24,41,2024-03-12,,2.3,Active,Full-time,Office,6,5,2,54,emp0547@abcglobal.com
548,EMP0548,Amelia Wright,Male,1991-03-30,35,2022-07-19,,3.95,Active,Full-time,Office,2,24,3,46,emp0548@abcglobal.com
549,EMP0549,Rohan Khan,Male,1982-12-22,43,2025-08-19,,0.86,Active,Full-time,Hybrid,2,24,4,38,emp0549@abcglobal.com
550,EMP0550,Sophia Johnson,Male,1998-05-09,28,2024-11-11,,1.63,Active,Full-time,Hybrid,3,34,3,74,emp0550@abcglobal.com
551,EMP0551,Arthur Wright,Male,1981-06-10,45,2019-06-10,,7.06,Active,Full-time,Hybrid,6,7,2,54,emp0551@abcglobal.com
552,EMP0552,Maya Thompson,Female,2004-03-12,22,2021-05-29,,5.09,Active,Full-time,Remote,7,30,6,14,emp0552@abcglobal.com
553,EMP0553,Sophia Jackson,Female,1993-08-02,32,2021-07-15,,4.96,Active,Contract,Hybrid,4,39,6,23,emp0553@abcglobal.com
554,EMP0554,Maya Patel,Not disclosed,1982-08-05,43,2019-11-21,,6.61,Active,Part-time,Remote,4,40,5,65,emp0554@abcglobal.com
555,EMP0555,Leo Clark,Female,1986-10-10,39,2021-04-03,2026-03-02,4.91,Left,Full-time,Office,7,27,6,14,emp0555@abcglobal.com
556,EMP0556,Aarav Harris,Female,1978-12-30,47,2020-12-29,,5.5,Active,Full-time,Hybrid,7,28,1,44,emp0556@abcglobal.com
557,EMP0557,Isla Lewis,Female,1991-03-20,35,2018-04-30,,8.17,Active,Full-time,Remote,4,40,2,22,emp0557@abcglobal.com
558,EMP0558,Rohan Williams,Male,1978-01-29,48,2019-08-10,,6.89,Active,Full-time,Office,8,8,4,45,emp0558@abcglobal.com
559,EMP0559,Oscar Davies,Female,1989-11-30,36,2017-04-05,,9.23,Active,Contract,Hybrid,6,7,4,64,emp0559@abcglobal.com
560,EMP0560,Oscar Wilson,Male,1983-07-14,42,2023-05-27,2025-10-18,2.4,Left,Part-time,Remote,4,40,6,81,emp0560@abcglobal.com
561,EMP0561,Sophia Shah,Male,1991-08-25,34,2021-05-04,,5.16,Active,Full-time,Hybrid,2,24,2,21,emp0561@abcglobal.com
562,EMP0562,Luca Scott,Female,1996-09-10,29,2019-05-01,,7.16,Active,Part-time,Remote,4,37,6,79,emp0562@abcglobal.com
563,EMP0563,Diya Patel,Male,1972-07-09,53,2025-12-06,,0.56,Active,Full-time,Hybrid,2,22,4,34,emp0563@abcglobal.com
564,EMP0564,Arthur Jones,Female,1995-07-22,30,2023-10-05,,2.74,Active,Full-time,Office,7,29,5,78,emp0564@abcglobal.com
565,EMP0565,Freya Thomas,Female,1980-09-05,45,2023-04-19,,3.2,Active,Full-time,Office,4,40,2,65,emp0565@abcglobal.com
566,EMP0566,Anaya Scott,Female,2001-09-24,24,2021-08-17,,4.87,Active,Full-time,Remote,2,25,5,33,emp0566@abcglobal.com
567,EMP0567,Mia Singh,Female,1977-02-21,49,2019-10-17,,6.7,Active,Full-time,Hybrid,8,4,2,57,emp0567@abcglobal.com
568,EMP0568,Archie Smith,Male,1986-05-18,40,2025-12-30,,0.5,Active,Full-time,Hybrid,1,20,1,24,emp0568@abcglobal.com
569,EMP0569,Oliver Wright,Male,1988-08-16,37,2020-08-18,,5.86,Active,Full-time,Hybrid,1,19,5,55,emp0569@abcglobal.com
570,EMP0570,Lily King,Other,1983-12-24,42,2024-01-23,,2.43,Active,Part-time,Hybrid,7,29,5,59,emp0570@abcglobal.com
571,EMP0571,Anaya Wright,Female,1986-09-21,39,2025-07-08,,0.98,Active,Full-time,Hybrid,4,38,1,42,emp0571@abcglobal.com
572,EMP0572,Diya Brown,Male,1967-09-20,58,2023-09-03,,2.82,Active,Part-time,Office,8,4,3,3,emp0572@abcglobal.com
573,EMP0573,Diya Jackson,Other,1988-11-19,37,2022-04-11,,4.22,Active,Full-time,Hybrid,7,27,2,52,emp0573@abcglobal.com
574,EMP0574,George King,Other,1982-05-16,44,2025-09-27,,0.76,Active,Part-time,Office,7,27,4,59,emp0574@abcglobal.com
575,EMP0575,Muhammad Scott,Female,1982-05-14,44,2020-06-13,,6.05,Active,Part-time,Remote,7,29,1,28,emp0575@abcglobal.com
576,EMP0576,Muhammad Taylor,Female,1986-08-09,39,2021-01-10,,5.47,Active,Full-time,Office,4,37,5,79,emp0576@abcglobal.com
577,EMP0577,Olivia Johnson,Male,1976-04-28,50,2023-10-30,,2.67,Active,Full-time,Hybrid,7,30,5,71,emp0577@abcglobal.com
578,EMP0578,Leo Williams,Female,1986-05-03,40,2024-06-17,,2.03,Active,Part-time,Hybrid,1,17,1,36,emp0578@abcglobal.com
579,EMP0579,Amelia Thomas,Male,1982-05-06,44,2020-04-22,2025-06-23,5.17,Left,Contract,Office,1,19,1,73,emp0579@abcglobal.com
580,EMP0580,Leo Young,Female,1991-01-28,35,2023-05-16,,3.12,Active,Full-time,Hybrid,2,24,5,41,emp0580@abcglobal.com
581,EMP0581,Priya Young,Male,1981-12-10,44,2024-09-20,,1.77,Active,Full-time,Hybrid,8,8,5,45,emp0581@abcglobal.com
582,EMP0582,Noah Walker,Female,1997-04-07,29,2025-01-24,,1.43,Active,Full-time,Office,7,28,1,66,emp0582@abcglobal.com
583,EMP0583,Mia White,Female,1990-08-11,35,2018-08-31,,7.83,Active,Full-time,Hybrid,2,22,5,46,emp0583@abcglobal.com
584,EMP0584,Ella Williams,Female,1989-08-30,36,2017-09-19,,8.78,Active,Full-time,Hybrid,1,19,1,15,emp0584@abcglobal.com
585,EMP0585,Ethan Martin,Male,1982-08-22,43,2017-09-25,2026-06-12,8.71,Left,Full-time,Hybrid,4,39,4,82,emp0585@abcglobal.com
586,EMP0586,Ella Johnson,Female,1990-10-12,35,2022-03-26,2024-08-03,2.36,Left,Full-time,Hybrid,4,37,5,5,emp0586@abcglobal.com
587,EMP0587,Anaya Patel,Male,1989-08-20,36,2019-11-10,,6.64,Active,Full-time,Office,8,4,6,45,emp0587@abcglobal.com
588,EMP0588,Lily Martin,Female,1987-07-09,38,2023-11-09,,2.64,Active,Full-time,Remote,2,24,6,46,emp0588@abcglobal.com
589,EMP0589,Sophia Johnson,Female,1973-06-29,53,2017-02-17,,9.36,Active,Full-time,Office,4,39,5,65,emp0589@abcglobal.com
590,EMP0590,George Martin,Other,1986-05-18,40,2019-04-14,,7.21,Active,Full-time,Hybrid,4,38,6,10,emp0590@abcglobal.com
591,EMP0591,Mia Jones,Female,2002-10-05,23,2018-06-21,,8.02,Active,Full-time,Office,5,11,6,69,emp0591@abcglobal.com
592,EMP0592,Muhammad Williams,Male,1995-08-28,30,2017-08-02,,8.91,Active,Full-time,Hybrid,4,40,5,11,emp0592@abcglobal.com
593,EMP0593,Anaya Davies,Female,2001-09-04,24,2020-12-29,2024-04-23,3.32,Left,Full-time,Office,7,27,5,32,emp0593@abcglobal.com
594,EMP0594,Maya White,Female,1997-06-10,29,2024-08-24,,1.85,Active,Full-time,Office,7,29,1,78,emp0594@abcglobal.com
595,EMP0595,Rohan Taylor,Male,1991-01-03,35,2023-09-23,,2.77,Active,Full-time,Remote,1,17,5,8,emp0595@abcglobal.com
596,EMP0596,Ishaan Jones,Female,1994-11-12,31,2025-12-17,2026-06-30,0.53,Left,Full-time,Hybrid,3,34,5,83,emp0596@abcglobal.com
597,EMP0597,Archie Patel,Male,1985-10-23,40,2020-03-09,2026-01-03,5.82,Left,Full-time,Remote,7,29,6,48,emp0597@abcglobal.com
598,EMP0598,Oliver Brown,Male,1968-08-09,57,2017-12-21,,8.52,Active,Full-time,Remote,8,8,3,1,emp0598@abcglobal.com
599,EMP0599,Diya Walker,Female,1990-09-02,35,2019-07-14,,6.96,Active,Full-time,Hybrid,4,38,6,42,emp0599@abcglobal.com
600,EMP0600,Jack Jones,Male,1985-12-21,40,2022-08-15,,3.87,Active,Full-time,Office,3,32,4,,emp0600@abcglobal.com
