performance_key,performance_id,employee_key,review_year,review_period,performance_rating,potential_rating,promotion_flag,manager_key
1,PERF000001,1,2024,Annual,4,5,0,51
2,PERF000002,1,2025,Annual,5,5,0,51
3,PERF000003,1,2025,Mid-Year,5,4,0,51
4,PERF000004,2,2024,Annual,4,4,0,
5,PERF000005,2,2025,Annual,4,4,0,
6,PERF000006,2,2025,Mid-Year,4,4,0,
7,PERF000007,3,2024,Annual,4,3,0,4
8,PERF000008,3,2025,Annual,4,4,0,4
9,PERF000009,3,2025,Mid-Year,4,4,1,4
10,PERF000010,4,2024,Annual,3,3,0,23
11,PERF000011,4,2025,Annual,3,3,0,23
12,PERF000012,4,2025,Mid-Year,3,2,0,23
13,PERF000013,5,2024,Annual,4,3,0,47
14,PERF000014,5,2024,Mid-Year,3,2,0,47
15,PERF000015,5,2025,Annual,3,4,0,47
16,PERF000016,5,2025,Mid-Year,3,3,0,47
17,PERF000017,6,2024,Annual,3,3,0,
18,PERF000018,6,2025,Annual,3,4,0,
19,PERF000019,7,2024,Annual,4,4,0,62
20,PERF000020,7,2025,Annual,4,4,0,62
21,PERF000021,7,2025,Mid-Year,3,3,0,62
22,PERF000022,8,2024,Annual,3,5,0,81
23,PERF000023,8,2025,Annual,4,4,0,81
24,PERF000024,10,2025,Annual,5,5,0,74
25,PERF000025,11,2024,Annual,2,2,0,38
26,PERF000026,11,2025,Annual,3,3,0,38
27,PERF000027,11,2025,Mid-Year,3,4,0,38
28,PERF000028,12,2024,Annual,5,5,0,59
29,PERF000029,12,2024,Mid-Year,3,4,0,59
30,PERF000030,12,2025,Annual,5,5,0,59
31,PERF000031,13,2024,Annual,3,3,0,69
32,PERF000032,13,2024,Mid-Year,2,1,0,69
33,PERF000033,13,2025,Annual,3,4,0,69
34,PERF000034,14,2024,Annual,4,3,0,53
35,PERF000035,14,2024,Mid-Year,5,5,0,53
36,PERF000036,14,2025,Annual,4,4,0,53
37,PERF000037,14,2025,Mid-Year,4,4,0,53
38,PERF000038,15,2025,Annual,3,3,0,74
39,PERF000039,16,2024,Annual,3,4,0,25
40,PERF000040,16,2025,Annual,4,5,1,25
41,PERF000041,17,2024,Annual,5,5,1,37
42,PERF000042,17,2025,Annual,5,5,1,37
43,PERF000043,19,2024,Annual,3,3,0,18
44,PERF000044,19,2025,Annual,3,4,0,18
45,PERF000045,19,2025,Mid-Year,3,3,0,18
46,PERF000046,20,2024,Annual,4,4,0,63
47,PERF000047,20,2024,Mid-Year,4,4,1,63
48,PERF000048,20,2025,Annual,5,4,1,63
49,PERF000049,21,2024,Annual,4,5,0,16
50,PERF000050,21,2025,Annual,5,5,0,16
51,PERF000051,21,2025,Mid-Year,4,5,0,16
52,PERF000052,22,2024,Annual,3,3,0,3
53,PERF000053,22,2024,Mid-Year,4,5,1,3
54,PERF000054,22,2025,Annual,4,4,0,3
55,PERF000055,22,2025,Mid-Year,4,4,0,3
56,PERF000056,23,2024,Annual,4,3,0,4
57,PERF000057,23,2025,Annual,5,5,0,4
58,PERF000058,24,2025,Annual,5,5,1,
59,PERF000059,24,2025,Mid-Year,4,4,0,
60,PERF000060,25,2024,Annual,5,5,0,81
61,PERF000061,25,2024,Mid-Year,4,4,0,81
62,PERF000062,25,2025,Annual,5,5,0,81
63,PERF000063,26,2024,Annual,4,4,0,45
64,PERF000064,26,2025,Annual,2,2,0,45
65,PERF000065,27,2024,Annual,2,1,0,36
66,PERF000066,27,2024,Mid-Year,4,3,0,36
67,PERF000067,27,2025,Annual,4,4,0,36
68,PERF000068,29,2024,Annual,4,4,0,2
69,PERF000069,29,2024,Mid-Year,4,4,1,2
70,PERF000070,29,2025,Annual,2,2,0,2
71,PERF000071,29,2025,Mid-Year,3,2,0,2
72,PERF000072,30,2024,Annual,4,4,0,82
73,PERF000073,30,2024,Mid-Year,4,4,1,82
74,PERF000074,30,2025,Annual,4,5,1,82
75,PERF000075,31,2025,Annual,3,3,0,55
76,PERF000076,31,2025,Mid-Year,3,4,0,55
77,PERF000077,32,2024,Annual,4,5,1,
78,PERF000078,32,2025,Annual,4,4,1,
79,PERF000079,32,2025,Mid-Year,3,3,0,
80,PERF000080,34,2024,Annual,2,3,0,47
81,PERF000081,34,2024,Mid-Year,3,2,0,47
82,PERF000082,34,2025,Annual,2,3,0,47
83,PERF000083,35,2024,Annual,4,5,0,55
84,PERF000084,35,2024,Mid-Year,3,2,0,55
85,PERF000085,35,2025,Annual,4,5,0,55
86,PERF000086,36,2024,Annual,3,4,0,54
87,PERF000087,36,2025,Annual,2,2,0,54
88,PERF000088,37,2024,Annual,3,3,0,19
89,PERF000089,37,2024,Mid-Year,4,4,0,19
90,PERF000090,37,2025,Annual,4,4,0,19
91,PERF000091,38,2024,Annual,4,3,0,35
92,PERF000092,38,2024,Mid-Year,4,3,0,35
93,PERF000093,38,2025,Annual,4,2,0,35
94,PERF000094,38,2025,Mid-Year,4,4,0,35
95,PERF000095,39,2024,Annual,4,3,0,77
96,PERF000096,39,2024,Mid-Year,3,5,0,77
97,PERF000097,39,2025,Annual,3,3,0,77
98,PERF000098,39,2025,Mid-Year,4,4,0,77
99,PERF000099,40,2024,Annual,3,3,0,40
100,PERF000100,40,2024,Mid-Year,4,5,0,40
101,PERF000101,40,2025,Annual,4,5,0,40
102,PERF000102,41,2024,Annual,2,3,0,65
103,PERF000103,41,2025,Annual,2,2,0,65
104,PERF000104,42,2024,Annual,2,2,0,76
105,PERF000105,42,2024,Mid-Year,2,2,0,76
106,PERF000106,42,2025,Annual,2,3,0,76
107,PERF000107,43,2025,Annual,3,3,0,39
108,PERF000108,44,2024,Annual,4,2,0,24
109,PERF000109,44,2024,Mid-Year,3,4,0,24
110,PERF000110,44,2025,Annual,4,4,0,24
111,PERF000111,45,2024,Annual,3,3,0,71
112,PERF000112,45,2024,Mid-Year,4,5,0,71
113,PERF000113,45,2025,Annual,4,4,0,71
114,PERF000114,45,2025,Mid-Year,3,2,0,71
115,PERF000115,46,2024,Annual,4,3,0,41
116,PERF000116,46,2024,Mid-Year,4,3,0,41
117,PERF000117,46,2025,Annual,3,3,0,41
118,PERF000118,46,2025,Mid-Year,4,4,1,41
119,PERF000119,47,2024,Annual,4,5,0,31
120,PERF000120,47,2024,Mid-Year,3,3,0,31
121,PERF000121,47,2025,Annual,4,4,1,31
122,PERF000122,47,2025,Mid-Year,3,3,0,31
123,PERF000123,48,2025,Annual,2,2,0,10
124,PERF000124,48,2025,Mid-Year,2,2,0,10
125,PERF000125,49,2024,Annual,2,1,0,45
126,PERF000126,49,2025,Annual,4,5,0,45
127,PERF000127,49,2025,Mid-Year,4,3,0,45
128,PERF000128,51,2024,Annual,3,2,0,38
129,PERF000129,51,2025,Annual,4,3,0,38
130,PERF000130,52,2024,Annual,5,4,0,47
131,PERF000131,52,2024,Mid-Year,5,5,0,47
132,PERF000132,53,2024,Annual,4,4,0,9
133,PERF000133,53,2025,Annual,4,4,0,9
134,PERF000134,53,2025,Mid-Year,5,5,0,9
135,PERF000135,54,2025,Annual,5,5,0,55
136,PERF000136,54,2025,Mid-Year,3,4,0,55
137,PERF000137,55,2024,Annual,3,2,0,21
138,PERF000138,55,2025,Annual,2,2,0,21
139,PERF000139,55,2025,Mid-Year,3,3,0,21
140,PERF000140,57,2024,Annual,2,3,0,30
141,PERF000141,57,2025,Annual,3,2,0,30
142,PERF000142,57,2025,Mid-Year,2,1,0,30
143,PERF000143,58,2024,Annual,3,3,0,57
144,PERF000144,58,2025,Annual,2,3,0,57
145,PERF000145,59,2024,Annual,4,4,1,83
146,PERF000146,59,2025,Annual,4,3,0,83
147,PERF000147,59,2025,Mid-Year,5,5,0,83
148,PERF000148,60,2024,Annual,2,2,0,3
149,PERF000149,60,2025,Annual,3,3,0,3
150,PERF000150,61,2024,Annual,5,5,0,30
151,PERF000151,61,2025,Annual,5,5,0,30
152,PERF000152,61,2025,Mid-Year,5,4,1,30
153,PERF000153,62,2024,Annual,4,4,0,61
154,PERF000154,62,2024,Mid-Year,4,4,0,61
155,PERF000155,62,2025,Annual,4,3,0,61
156,PERF000156,62,2025,Mid-Year,3,3,0,61
157,PERF000157,63,2024,Annual,2,1,0,
158,PERF000158,63,2024,Mid-Year,3,2,0,
159,PERF000159,63,2025,Annual,3,3,0,
160,PERF000160,64,2024,Annual,4,4,0,51
161,PERF000161,64,2024,Mid-Year,4,3,0,51
162,PERF000162,64,2025,Annual,4,4,0,51
163,PERF000163,64,2025,Mid-Year,4,4,0,51
164,PERF000164,65,2024,Annual,4,4,1,27
165,PERF000165,65,2024,Mid-Year,4,3,0,27
166,PERF000166,65,2025,Annual,3,3,0,27
167,PERF000167,65,2025,Mid-Year,4,3,0,27
168,PERF000168,66,2024,Annual,4,4,0,67
169,PERF000169,66,2025,Annual,5,5,0,67
170,PERF000170,68,2024,Annual,2,2,0,76
171,PERF000171,68,2025,Annual,3,3,0,76
172,PERF000172,70,2024,Annual,3,4,0,24
173,PERF000173,70,2025,Annual,3,3,0,24
174,PERF000174,71,2024,Annual,5,5,0,12
175,PERF000175,72,2025,Annual,3,3,0,81
176,PERF000176,73,2025,Annual,3,3,0,39
177,PERF000177,74,2024,Annual,5,5,1,63
178,PERF000178,74,2024,Mid-Year,3,4,0,63
179,PERF000179,74,2025,Annual,3,3,0,63
180,PERF000180,75,2024,Annual,5,4,0,72
181,PERF000181,75,2025,Annual,4,4,0,72
182,PERF000182,77,2024,Annual,4,4,0,65
183,PERF000183,77,2024,Mid-Year,3,2,0,65
184,PERF000184,77,2025,Annual,3,3,0,65
185,PERF000185,79,2024,Annual,3,3,0,78
186,PERF000186,79,2024,Mid-Year,3,3,0,78
187,PERF000187,79,2025,Annual,2,2,0,78
188,PERF000188,80,2024,Annual,5,5,1,18
189,PERF000189,80,2024,Mid-Year,5,5,0,18
190,PERF000190,80,2025,Annual,4,3,0,18
191,PERF000191,81,2024,Annual,3,1,0,4
192,PERF000192,81,2025,Annual,4,3,0,4
193,PERF000193,81,2025,Mid-Year,4,4,0,4
194,PERF000194,82,2025,Annual,4,3,0,51
195,PERF000195,82,2025,Mid-Year,3,3,0,51
196,PERF000196,83,2024,Annual,3,2,0,50
197,PERF000197,83,2025,Annual,3,3,0,50
198,PERF000198,84,2025,Annual,3,4,0,36
199,PERF000199,84,2025,Mid-Year,4,4,1,36
200,PERF000200,85,2024,Annual,4,3,0,12
201,PERF000201,85,2024,Mid-Year,4,3,0,12
202,PERF000202,85,2025,Annual,4,3,0,12
203,PERF000203,85,2025,Mid-Year,3,3,0,12
204,PERF000204,86,2024,Annual,3,2,0,48
205,PERF000205,86,2025,Annual,2,2,0,48
206,PERF000206,87,2024,Annual,3,4,0,76
207,PERF000207,87,2025,Annual,3,3,0,76
208,PERF000208,87,2025,Mid-Year,3,5,0,76
209,PERF000209,88,2024,Annual,4,5,0,63
210,PERF000210,88,2025,Annual,3,3,0,63
211,PERF000211,88,2025,Mid-Year,5,5,0,63
212,PERF000212,89,2024,Annual,4,3,0,77
213,PERF000213,89,2024,Mid-Year,3,3,0,77
214,PERF000214,89,2025,Annual,4,4,0,77
215,PERF000215,90,2024,Annual,4,4,0,35
216,PERF000216,90,2024,Mid-Year,5,5,0,35
217,PERF000217,90,2025,Annual,4,3,0,35
218,PERF000218,91,2024,Annual,3,2,0,54
219,PERF000219,91,2025,Annual,2,2,0,54
220,PERF000220,92,2024,Annual,4,5,0,81
221,PERF000221,92,2025,Annual,4,4,0,81
222,PERF000222,93,2025,Annual,2,2,0,74
223,PERF000223,94,2024,Annual,3,2,0,76
224,PERF000224,94,2025,Annual,3,3,0,76
225,PERF000225,94,2025,Mid-Year,2,2,0,76
226,PERF000226,95,2024,Annual,4,4,0,71
227,PERF000227,95,2025,Annual,3,3,0,71
228,PERF000228,95,2025,Mid-Year,3,4,0,71
229,PERF000229,96,2024,Annual,4,3,0,10
230,PERF000230,96,2024,Mid-Year,5,5,0,10
231,PERF000231,96,2025,Annual,4,5,0,10
232,PERF000232,97,2025,Annual,4,5,0,82
233,PERF000233,99,2024,Annual,4,4,0,63
234,PERF000234,99,2024,Mid-Year,3,2,0,63
235,PERF000235,99,2025,Annual,3,4,0,63
236,PERF000236,100,2024,Annual,5,5,0,42
237,PERF000237,100,2025,Annual,5,4,1,42
238,PERF000238,101,2024,Annual,2,2,0,27
239,PERF000239,101,2025,Annual,2,2,0,27
240,PERF000240,101,2025,Mid-Year,2,2,0,27
241,PERF000241,102,2024,Annual,2,2,0,77
242,PERF000242,102,2024,Mid-Year,2,1,0,77
243,PERF000243,102,2025,Annual,3,3,0,77
244,PERF000244,102,2025,Mid-Year,2,3,0,77
245,PERF000245,103,2024,Annual,3,3,0,9
246,PERF000246,103,2025,Annual,4,3,0,9
247,PERF000247,103,2025,Mid-Year,3,4,0,9
248,PERF000248,104,2024,Annual,2,3,0,67
249,PERF000249,104,2024,Mid-Year,1,2,0,67
250,PERF000250,104,2025,Annual,2,3,0,67
251,PERF000251,105,2025,Annual,3,3,0,11
252,PERF000252,105,2025,Mid-Year,3,2,0,11
253,PERF000253,106,2024,Annual,2,3,0,79
254,PERF000254,106,2025,Annual,3,3,0,79
255,PERF000255,107,2025,Annual,4,5,0,74
256,PERF000256,108,2024,Annual,3,4,0,16
257,PERF000257,108,2025,Annual,5,4,0,16
258,PERF000258,108,2025,Mid-Year,3,4,0,16
259,PERF000259,109,2024,Annual,3,4,0,
260,PERF000260,109,2024,Mid-Year,3,4,0,
261,PERF000261,109,2025,Annual,4,5,0,
262,PERF000262,110,2024,Annual,4,5,0,19
263,PERF000263,110,2024,Mid-Year,4,4,0,19
264,PERF000264,110,2025,Annual,3,2,0,19
265,PERF000265,111,2024,Annual,4,4,0,22
266,PERF000266,111,2025,Annual,3,2,0,22
267,PERF000267,112,2024,Annual,4,4,0,70
268,PERF000268,112,2025,Annual,4,5,0,70
269,PERF000269,112,2025,Mid-Year,4,4,0,70
270,PERF000270,113,2024,Annual,5,5,0,42
271,PERF000271,113,2024,Mid-Year,3,3,0,42
272,PERF000272,113,2025,Annual,3,3,0,42
273,PERF000273,113,2025,Mid-Year,4,3,0,42
274,PERF000274,115,2024,Annual,3,2,0,58
275,PERF000275,115,2024,Mid-Year,3,3,0,58
276,PERF000276,115,2025,Annual,2,2,0,58
277,PERF000277,116,2025,Annual,3,3,0,54
278,PERF000278,116,2025,Mid-Year,1,1,0,54
279,PERF000279,117,2024,Annual,4,4,0,45
280,PERF000280,117,2024,Mid-Year,5,5,0,45
281,PERF000281,117,2025,Annual,5,5,0,45
282,PERF000282,118,2024,Annual,4,4,1,68
283,PERF000283,118,2024,Mid-Year,4,4,0,68
284,PERF000284,118,2025,Annual,3,3,0,68
285,PERF000285,118,2025,Mid-Year,4,4,0,68
286,PERF000286,119,2025,Annual,3,3,0,14
287,PERF000287,120,2024,Annual,4,4,0,78
288,PERF000288,120,2024,Mid-Year,4,5,0,78
289,PERF000289,120,2025,Annual,3,3,0,78
290,PERF000290,120,2025,Mid-Year,3,4,0,78
291,PERF000291,121,2024,Annual,4,3,0,23
292,PERF000292,121,2025,Annual,4,4,0,23
293,PERF000293,121,2025,Mid-Year,3,3,0,23
294,PERF000294,122,2024,Annual,3,3,0,16
295,PERF000295,122,2025,Annual,4,4,0,16
296,PERF000296,122,2025,Mid-Year,3,3,0,16
297,PERF000297,123,2024,Annual,1,2,0,48
298,PERF000298,123,2025,Annual,1,1,0,48
299,PERF000299,123,2025,Mid-Year,1,1,0,48
300,PERF000300,125,2024,Annual,5,4,1,34
301,PERF000301,125,2024,Mid-Year,4,4,0,34
302,PERF000302,125,2025,Annual,5,5,0,34
303,PERF000303,126,2024,Annual,4,4,0,61
304,PERF000304,126,2025,Annual,4,5,0,61
305,PERF000305,127,2024,Annual,3,4,0,7
306,PERF000306,127,2025,Annual,4,5,0,7
307,PERF000307,128,2024,Annual,3,4,0,
308,PERF000308,128,2025,Annual,3,3,0,
309,PERF000309,129,2024,Annual,3,3,0,15
310,PERF000310,129,2025,Annual,2,3,0,15
311,PERF000311,129,2025,Mid-Year,2,2,0,15
312,PERF000312,130,2024,Annual,4,3,0,70
313,PERF000313,130,2024,Mid-Year,2,2,0,70
314,PERF000314,131,2025,Annual,4,5,0,83
315,PERF000315,131,2025,Mid-Year,2,3,0,83
316,PERF000316,132,2024,Annual,3,3,0,3
317,PERF000317,132,2025,Annual,3,2,0,3
318,PERF000318,132,2025,Mid-Year,4,4,1,3
319,PERF000319,134,2024,Annual,4,5,0,17
320,PERF000320,134,2025,Annual,5,5,1,17
321,PERF000321,135,2024,Annual,4,3,0,46
322,PERF000322,135,2025,Annual,4,3,0,46
323,PERF000323,136,2024,Annual,4,4,0,51
324,PERF000324,136,2024,Mid-Year,5,4,0,51
325,PERF000325,136,2025,Annual,5,4,0,51
326,PERF000326,136,2025,Mid-Year,4,4,0,51
327,PERF000327,137,2025,Annual,4,5,0,51
328,PERF000328,137,2025,Mid-Year,3,4,0,51
329,PERF000329,138,2024,Annual,4,4,0,11
330,PERF000330,138,2025,Annual,4,4,0,11
331,PERF000331,139,2024,Annual,5,5,0,67
332,PERF000332,139,2024,Mid-Year,5,5,0,67
333,PERF000333,139,2025,Annual,5,5,0,67
334,PERF000334,140,2024,Annual,4,3,0,10
335,PERF000335,140,2024,Mid-Year,4,4,0,10
336,PERF000336,140,2025,Annual,3,3,0,10
337,PERF000337,140,2025,Mid-Year,4,5,0,10
338,PERF000338,141,2025,Annual,4,4,0,
339,PERF000339,142,2024,Annual,3,3,0,43
340,PERF000340,142,2024,Mid-Year,2,2,0,43
341,PERF000341,142,2025,Annual,3,2,0,43
342,PERF000342,143,2024,Annual,4,4,0,53
343,PERF000343,143,2024,Mid-Year,3,3,0,53
344,PERF000344,143,2025,Annual,4,4,0,53
345,PERF000345,143,2025,Mid-Year,4,5,0,53
346,PERF000346,144,2025,Annual,4,4,0,1
347,PERF000347,145,2024,Annual,2,3,0,16
348,PERF000348,145,2025,Annual,4,5,1,16
349,PERF000349,146,2024,Annual,3,3,0,67
350,PERF000350,146,2025,Annual,4,4,0,67
351,PERF000351,147,2024,Annual,3,1,0,13
352,PERF000352,147,2024,Mid-Year,2,2,0,13
353,PERF000353,147,2025,Annual,3,3,0,13
354,PERF000354,148,2024,Annual,3,3,0,23
355,PERF000355,148,2025,Annual,4,4,0,23
356,PERF000356,149,2024,Annual,4,4,0,5
357,PERF000357,149,2025,Annual,4,5,0,5
358,PERF000358,149,2025,Mid-Year,4,4,1,5
359,PERF000359,150,2024,Annual,3,3,0,34
360,PERF000360,150,2025,Annual,2,2,0,34
361,PERF000361,152,2024,Annual,3,3,0,26
362,PERF000362,152,2025,Annual,3,2,0,26
363,PERF000363,152,2025,Mid-Year,3,2,0,26
364,PERF000364,153,2024,Annual,3,3,0,42
365,PERF000365,153,2025,Annual,3,2,0,42
366,PERF000366,154,2024,Annual,3,4,0,27
367,PERF000367,154,2025,Annual,4,4,1,27
368,PERF000368,154,2025,Mid-Year,3,4,0,27
369,PERF000369,155,2024,Annual,3,4,0,11
370,PERF000370,155,2025,Annual,4,3,0,11
371,PERF000371,156,2024,Annual,3,2,0,41
372,PERF000372,156,2024,Mid-Year,3,3,0,41
373,PERF000373,156,2025,Annual,3,3,0,41
374,PERF000374,157,2024,Annual,3,3,0,79
375,PERF000375,157,2024,Mid-Year,4,4,0,79
376,PERF000376,157,2025,Annual,3,3,0,79
377,PERF000377,158,2024,Annual,3,3,0,6
378,PERF000378,158,2025,Annual,2,1,0,6
379,PERF000379,158,2025,Mid-Year,2,1,0,6
380,PERF000380,159,2024,Annual,5,5,0,70
381,PERF000381,159,2025,Annual,5,5,0,70
382,PERF000382,159,2025,Mid-Year,5,5,0,70
383,PERF000383,160,2024,Annual,5,5,1,30
384,PERF000384,160,2025,Annual,5,4,0,30
385,PERF000385,160,2025,Mid-Year,5,5,0,30
386,PERF000386,161,2024,Annual,4,4,0,3
387,PERF000387,161,2025,Annual,3,5,0,3
388,PERF000388,162,2024,Annual,5,4,0,75
389,PERF000389,162,2025,Annual,4,3,0,75
390,PERF000390,163,2024,Annual,3,4,0,43
391,PERF000391,163,2024,Mid-Year,4,5,0,43
392,PERF000392,163,2025,Annual,3,4,0,43
393,PERF000393,164,2024,Annual,3,2,0,35
394,PERF000394,165,2024,Annual,3,3,0,
395,PERF000395,165,2025,Annual,3,3,0,
396,PERF000396,166,2024,Annual,5,5,0,17
397,PERF000397,166,2025,Annual,5,5,0,17
398,PERF000398,167,2024,Annual,2,2,0,41
399,PERF000399,167,2025,Annual,4,5,0,41
400,PERF000400,168,2024,Annual,4,5,0,40
401,PERF000401,168,2025,Annual,3,3,0,40
402,PERF000402,168,2025,Mid-Year,4,3,0,40
403,PERF000403,169,2024,Annual,3,4,0,41
404,PERF000404,169,2025,Annual,3,2,0,41
405,PERF000405,169,2025,Mid-Year,2,2,0,41
406,PERF000406,170,2024,Annual,2,1,0,17
407,PERF000407,170,2025,Annual,3,3,0,17
408,PERF000408,170,2025,Mid-Year,4,3,0,17
409,PERF000409,171,2024,Annual,4,4,0,78
410,PERF000410,171,2024,Mid-Year,3,3,0,78
411,PERF000411,171,2025,Annual,4,3,0,78
412,PERF000412,172,2024,Annual,3,3,0,79
413,PERF000413,172,2025,Annual,3,4,0,79
414,PERF000414,173,2024,Annual,4,4,0,42
415,PERF000415,173,2025,Annual,3,2,0,42
416,PERF000416,173,2025,Mid-Year,4,3,0,42
417,PERF000417,174,2024,Annual,4,5,0,74
418,PERF000418,174,2024,Mid-Year,5,5,0,74
419,PERF000419,174,2025,Annual,5,5,0,74
420,PERF000420,174,2025,Mid-Year,5,5,0,74
421,PERF000421,175,2024,Annual,2,3,0,34
422,PERF000422,175,2025,Annual,3,3,0,34
423,PERF000423,176,2024,Annual,5,5,0,29
424,PERF000424,176,2025,Annual,4,4,0,29
425,PERF000425,177,2025,Annual,2,1,0,76
426,PERF000426,178,2024,Annual,2,2,0,65
427,PERF000427,178,2025,Annual,2,1,0,65
428,PERF000428,179,2024,Annual,3,3,0,8
429,PERF000429,179,2024,Mid-Year,3,2,0,8
430,PERF000430,179,2025,Annual,3,2,0,8
431,PERF000431,180,2024,Annual,4,5,0,66
432,PERF000432,180,2025,Annual,4,4,0,66
433,PERF000433,180,2025,Mid-Year,4,4,0,66
434,PERF000434,181,2024,Annual,4,3,0,28
435,PERF000435,181,2025,Annual,3,3,0,28
436,PERF000436,181,2025,Mid-Year,4,5,0,28
437,PERF000437,182,2025,Annual,4,5,1,35
438,PERF000438,182,2025,Mid-Year,3,3,0,35
439,PERF000439,183,2024,Annual,5,5,0,30
440,PERF000440,183,2025,Annual,5,5,0,30
441,PERF000441,183,2025,Mid-Year,4,4,0,30
442,PERF000442,184,2024,Annual,2,2,0,11
443,PERF000443,184,2024,Mid-Year,1,1,0,11
444,PERF000444,184,2025,Annual,2,1,0,11
445,PERF000445,185,2024,Annual,3,3,0,76
446,PERF000446,185,2025,Annual,4,4,1,76
447,PERF000447,185,2025,Mid-Year,3,3,0,76
448,PERF000448,186,2024,Annual,2,1,0,73
449,PERF000449,186,2024,Mid-Year,3,3,0,73
450,PERF000450,186,2025,Annual,4,4,0,73
451,PERF000451,187,2024,Annual,4,4,0,14
452,PERF000452,187,2024,Mid-Year,4,4,0,14
453,PERF000453,187,2025,Annual,4,5,0,14
454,PERF000454,188,2024,Annual,3,2,0,22
455,PERF000455,188,2024,Mid-Year,3,3,0,22
456,PERF000456,189,2024,Annual,3,2,0,43
457,PERF000457,189,2025,Annual,3,3,0,43
458,PERF000458,190,2024,Annual,5,5,0,57
459,PERF000459,190,2024,Mid-Year,4,4,1,57
460,PERF000460,191,2024,Annual,3,3,0,74
461,PERF000461,192,2024,Annual,5,5,0,57
462,PERF000462,192,2024,Mid-Year,5,5,0,57
463,PERF000463,192,2025,Annual,5,5,0,57
464,PERF000464,192,2025,Mid-Year,4,4,0,57
465,PERF000465,193,2024,Annual,4,4,0,17
466,PERF000466,193,2024,Mid-Year,3,2,0,17
467,PERF000467,193,2025,Annual,3,4,0,17
468,PERF000468,194,2024,Annual,5,5,0,52
469,PERF000469,194,2024,Mid-Year,5,4,0,52
470,PERF000470,194,2025,Annual,4,4,1,52
471,PERF000471,195,2024,Annual,2,2,0,16
472,PERF000472,195,2024,Mid-Year,3,3,0,16
473,PERF000473,195,2025,Annual,3,3,0,16
474,PERF000474,198,2024,Annual,4,4,0,17
475,PERF000475,198,2025,Annual,4,5,0,17
476,PERF000476,199,2024,Annual,5,5,0,7
477,PERF000477,199,2025,Annual,5,5,0,7
478,PERF000478,200,2024,Annual,3,3,0,30
479,PERF000479,201,2024,Annual,3,3,0,57
480,PERF000480,201,2025,Annual,3,3,0,57
481,PERF000481,201,2025,Mid-Year,3,4,0,57
482,PERF000482,202,2024,Annual,3,2,0,54
483,PERF000483,202,2025,Annual,4,3,0,54
484,PERF000484,203,2024,Annual,3,3,0,3
485,PERF000485,203,2025,Annual,3,2,0,3
486,PERF000486,204,2024,Annual,4,4,0,61
487,PERF000487,204,2025,Annual,4,4,0,61
488,PERF000488,204,2025,Mid-Year,4,4,0,61
489,PERF000489,205,2024,Annual,3,4,0,41
490,PERF000490,205,2024,Mid-Year,2,2,0,41
491,PERF000491,205,2025,Annual,1,1,0,41
492,PERF000492,205,2025,Mid-Year,2,2,0,41
493,PERF000493,206,2024,Annual,2,1,0,46
494,PERF000494,206,2025,Annual,2,3,0,46
495,PERF000495,206,2025,Mid-Year,2,3,0,46
496,PERF000496,207,2024,Annual,4,3,0,11
497,PERF000497,207,2024,Mid-Year,4,5,0,11
498,PERF000498,207,2025,Annual,3,3,0,11
499,PERF000499,207,2025,Mid-Year,4,4,0,11
500,PERF000500,208,2024,Annual,3,3,0,83
501,PERF000501,208,2025,Annual,4,4,0,83
502,PERF000502,208,2025,Mid-Year,4,3,0,83
503,PERF000503,209,2024,Annual,4,4,0,22
504,PERF000504,209,2025,Annual,3,3,0,22
505,PERF000505,210,2025,Annual,4,3,0,73
506,PERF000506,211,2024,Annual,5,5,0,25
507,PERF000507,211,2025,Annual,5,5,0,25
508,PERF000508,212,2025,Annual,3,3,0,38
509,PERF000509,213,2024,Annual,3,3,0,50
510,PERF000510,213,2024,Mid-Year,3,2,0,50
511,PERF000511,213,2025,Annual,3,2,0,50
512,PERF000512,213,2025,Mid-Year,3,3,0,50
513,PERF000513,214,2024,Annual,3,3,0,1
514,PERF000514,214,2025,Annual,3,1,0,1
515,PERF000515,214,2025,Mid-Year,4,4,0,1
516,PERF000516,215,2024,Annual,4,3,0,5
517,PERF000517,215,2024,Mid-Year,4,4,0,5
518,PERF000518,215,2025,Annual,4,4,0,5
519,PERF000519,216,2024,Annual,4,5,1,47
520,PERF000520,217,2024,Annual,2,3,0,17
521,PERF000521,217,2025,Annual,2,2,0,17
522,PERF000522,217,2025,Mid-Year,2,2,0,17
523,PERF000523,218,2024,Annual,3,2,0,
524,PERF000524,218,2024,Mid-Year,2,2,0,
525,PERF000525,218,2025,Annual,2,2,0,
526,PERF000526,219,2024,Annual,5,4,0,49
527,PERF000527,219,2024,Mid-Year,5,5,0,49
528,PERF000528,219,2025,Annual,4,3,0,49
529,PERF000529,220,2024,Annual,4,4,0,10
530,PERF000530,220,2024,Mid-Year,4,4,0,10
531,PERF000531,220,2025,Annual,4,4,0,10
532,PERF000532,221,2024,Annual,5,5,0,56
533,PERF000533,221,2024,Mid-Year,4,4,0,56
534,PERF000534,221,2025,Annual,4,4,0,56
535,PERF000535,221,2025,Mid-Year,4,4,0,56
536,PERF000536,222,2025,Annual,2,3,0,27
537,PERF000537,222,2025,Mid-Year,3,3,0,27
538,PERF000538,223,2025,Annual,5,5,0,11
539,PERF000539,223,2025,Mid-Year,4,3,0,11
540,PERF000540,224,2024,Annual,4,4,0,21
541,PERF000541,224,2024,Mid-Year,4,2,0,21
542,PERF000542,224,2025,Annual,4,3,0,21
543,PERF000543,224,2025,Mid-Year,4,5,0,21
544,PERF000544,225,2024,Annual,4,2,0,42
545,PERF000545,225,2024,Mid-Year,4,3,0,42
546,PERF000546,225,2025,Annual,4,5,0,42
547,PERF000547,225,2025,Mid-Year,4,3,0,42
548,PERF000548,226,2024,Annual,4,4,0,8
549,PERF000549,226,2024,Mid-Year,4,3,0,8
550,PERF000550,226,2025,Annual,4,4,0,8
551,PERF000551,226,2025,Mid-Year,4,4,0,8
552,PERF000552,228,2024,Annual,4,5,0,26
553,PERF000553,228,2025,Annual,3,4,0,26
554,PERF000554,229,2024,Annual,4,5,1,43
555,PERF000555,229,2024,Mid-Year,3,3,0,43
556,PERF000556,229,2025,Annual,4,4,1,43
557,PERF000557,230,2024,Annual,3,3,0,21
558,PERF000558,230,2025,Annual,3,2,0,21
559,PERF000559,231,2024,Annual,5,5,0,68
560,PERF000560,231,2025,Annual,5,5,0,68
561,PERF000561,232,2024,Annual,3,2,0,42
562,PERF000562,232,2025,Annual,2,2,0,42
563,PERF000563,232,2025,Mid-Year,3,3,0,42
564,PERF000564,233,2024,Annual,2,1,0,21
565,PERF000565,233,2025,Annual,2,2,0,21
566,PERF000566,234,2024,Annual,5,5,1,57
567,PERF000567,234,2024,Mid-Year,5,5,0,57
568,PERF000568,234,2025,Annual,5,5,0,57
569,PERF000569,235,2024,Annual,3,3,0,31
570,PERF000570,235,2024,Mid-Year,3,3,0,31
571,PERF000571,235,2025,Annual,4,5,0,31
572,PERF000572,236,2024,Annual,2,1,0,73
573,PERF000573,236,2025,Annual,3,4,0,73
574,PERF000574,237,2024,Annual,2,2,0,39
575,PERF000575,237,2025,Annual,3,2,0,39
576,PERF000576,237,2025,Mid-Year,4,4,0,39
577,PERF000577,238,2024,Annual,4,5,0,27
578,PERF000578,238,2025,Annual,4,5,0,27
579,PERF000579,238,2025,Mid-Year,3,3,0,27
580,PERF000580,239,2024,Annual,4,4,0,56
581,PERF000581,239,2024,Mid-Year,4,3,0,56
582,PERF000582,239,2025,Annual,4,3,0,56
583,PERF000583,240,2024,Annual,2,1,0,64
584,PERF000584,240,2025,Annual,3,3,0,64
585,PERF000585,241,2024,Annual,4,3,0,12
586,PERF000586,241,2025,Annual,4,4,0,12
587,PERF000587,242,2024,Annual,2,2,0,28
588,PERF000588,242,2024,Mid-Year,2,2,0,28
589,PERF000589,242,2025,Annual,4,4,0,28
590,PERF000590,242,2025,Mid-Year,3,2,0,28
591,PERF000591,243,2024,Annual,4,3,0,51
592,PERF000592,243,2025,Annual,4,3,0,51
593,PERF000593,244,2024,Annual,3,3,0,41
594,PERF000594,244,2025,Annual,5,5,0,41
595,PERF000595,244,2025,Mid-Year,5,4,0,41
596,PERF000596,245,2024,Annual,3,3,0,26
597,PERF000597,246,2024,Annual,3,4,0,42
598,PERF000598,246,2025,Annual,2,2,0,42
599,PERF000599,248,2024,Annual,4,4,0,49
600,PERF000600,248,2025,Annual,4,4,0,49
601,PERF000601,248,2025,Mid-Year,3,4,0,49
602,PERF000602,249,2024,Annual,4,4,0,17
603,PERF000603,249,2024,Mid-Year,4,4,0,17
604,PERF000604,249,2025,Annual,5,5,0,17
605,PERF000605,250,2024,Annual,3,4,0,43
606,PERF000606,250,2025,Annual,3,2,0,43
607,PERF000607,250,2025,Mid-Year,3,2,0,43
608,PERF000608,251,2024,Annual,3,3,0,73
609,PERF000609,252,2024,Annual,4,5,0,71
610,PERF000610,252,2024,Mid-Year,4,4,0,71
611,PERF000611,252,2025,Annual,3,3,0,71
612,PERF000612,252,2025,Mid-Year,4,5,0,71
613,PERF000613,253,2024,Annual,3,3,0,61
614,PERF000614,253,2024,Mid-Year,4,5,0,61
615,PERF000615,253,2025,Annual,4,4,1,61
616,PERF000616,253,2025,Mid-Year,3,3,0,61
617,PERF000617,254,2024,Annual,4,4,0,6
618,PERF000618,254,2024,Mid-Year,4,3,0,6
619,PERF000619,254,2025,Annual,5,5,0,6
620,PERF000620,255,2024,Annual,3,3,0,39
621,PERF000621,255,2024,Mid-Year,4,4,0,39
622,PERF000622,255,2025,Annual,3,2,0,39
623,PERF000623,255,2025,Mid-Year,3,2,0,39
624,PERF000624,256,2024,Annual,4,4,0,4
625,PERF000625,256,2025,Annual,4,5,0,4
626,PERF000626,257,2024,Annual,4,4,0,40
627,PERF000627,257,2025,Annual,5,5,0,40
628,PERF000628,257,2025,Mid-Year,4,3,0,40
629,PERF000629,258,2024,Annual,4,3,0,71
630,PERF000630,258,2024,Mid-Year,3,3,0,71
631,PERF000631,258,2025,Annual,3,3,0,71
632,PERF000632,259,2025,Annual,3,2,0,43
633,PERF000633,261,2024,Annual,3,3,0,62
634,PERF000634,261,2024,Mid-Year,3,3,0,62
635,PERF000635,261,2025,Annual,2,1,0,62
636,PERF000636,261,2025,Mid-Year,2,2,0,62
637,PERF000637,262,2024,Annual,4,4,0,79
638,PERF000638,262,2025,Annual,4,4,0,79
639,PERF000639,262,2025,Mid-Year,4,5,0,79
640,PERF000640,264,2024,Annual,4,4,0,63
641,PERF000641,264,2025,Annual,3,3,0,63
642,PERF000642,265,2024,Annual,3,4,0,65
643,PERF000643,265,2025,Annual,3,4,0,65
644,PERF000644,265,2025,Mid-Year,3,2,0,65
645,PERF000645,266,2024,Annual,4,5,0,49
646,PERF000646,266,2024,Mid-Year,3,3,0,49
647,PERF000647,266,2025,Annual,3,3,0,49
648,PERF000648,267,2024,Annual,2,3,0,81
649,PERF000649,267,2024,Mid-Year,2,1,0,81
650,PERF000650,267,2025,Annual,3,2,0,81
651,PERF000651,267,2025,Mid-Year,2,1,0,81
652,PERF000652,268,2024,Annual,1,1,0,24
653,PERF000653,268,2025,Annual,2,3,0,24
654,PERF000654,268,2025,Mid-Year,1,1,0,24
655,PERF000655,269,2024,Annual,2,2,0,54
656,PERF000656,269,2025,Annual,2,2,0,54
657,PERF000657,271,2024,Annual,3,3,0,62
658,PERF000658,271,2025,Annual,3,3,0,62
659,PERF000659,271,2025,Mid-Year,2,1,0,62
660,PERF000660,272,2024,Annual,2,3,0,54
661,PERF000661,272,2025,Annual,3,3,0,54
662,PERF000662,273,2024,Annual,4,4,0,47
663,PERF000663,273,2025,Annual,5,5,0,47
664,PERF000664,274,2024,Annual,3,3,0,14
665,PERF000665,274,2024,Mid-Year,3,4,0,14
666,PERF000666,274,2025,Annual,3,3,0,14
667,PERF000667,274,2025,Mid-Year,4,5,0,14
668,PERF000668,275,2024,Annual,4,5,0,51
669,PERF000669,275,2024,Mid-Year,4,4,0,51
670,PERF000670,275,2025,Annual,4,2,0,51
671,PERF000671,276,2024,Annual,5,4,0,54
672,PERF000672,276,2024,Mid-Year,5,5,1,54
673,PERF000673,276,2025,Annual,5,5,0,54
674,PERF000674,277,2025,Annual,5,5,0,3
675,PERF000675,277,2025,Mid-Year,4,4,0,3
676,PERF000676,278,2024,Annual,3,3,0,48
677,PERF000677,278,2024,Mid-Year,2,1,0,48
678,PERF000678,278,2025,Annual,4,4,0,48
679,PERF000679,279,2025,Annual,3,3,0,57
680,PERF000680,279,2025,Mid-Year,3,2,0,57
681,PERF000681,280,2024,Annual,3,4,0,67
682,PERF000682,280,2025,Annual,3,2,0,67
683,PERF000683,280,2025,Mid-Year,4,3,0,67
684,PERF000684,281,2024,Annual,3,4,0,45
685,PERF000685,281,2025,Annual,3,4,0,45
686,PERF000686,282,2024,Annual,4,3,0,1
687,PERF000687,282,2025,Annual,4,3,0,1
688,PERF000688,283,2024,Annual,3,4,0,48
689,PERF000689,283,2025,Annual,5,4,0,48
690,PERF000690,284,2024,Annual,4,4,0,16
691,PERF000691,284,2025,Annual,4,4,1,16
692,PERF000692,284,2025,Mid-Year,5,5,0,16
693,PERF000693,285,2024,Annual,3,4,0,44
694,PERF000694,285,2025,Annual,3,3,0,44
695,PERF000695,286,2024,Annual,5,4,0,8
696,PERF000696,286,2024,Mid-Year,5,5,0,8
697,PERF000697,286,2025,Annual,5,5,1,8
698,PERF000698,287,2024,Annual,2,3,0,5
699,PERF000699,287,2024,Mid-Year,3,3,0,5
700,PERF000700,287,2025,Annual,3,3,0,5
701,PERF000701,287,2025,Mid-Year,3,3,0,5
702,PERF000702,288,2024,Annual,3,3,0,77
703,PERF000703,288,2025,Annual,4,3,0,77
704,PERF000704,288,2025,Mid-Year,3,3,0,77
705,PERF000705,289,2024,Annual,3,3,0,22
706,PERF000706,289,2024,Mid-Year,2,2,0,22
707,PERF000707,290,2024,Annual,4,5,0,31
708,PERF000708,290,2024,Mid-Year,4,4,0,31
709,PERF000709,290,2025,Annual,4,5,0,31
710,PERF000710,290,2025,Mid-Year,3,4,0,31
711,PERF000711,291,2024,Annual,4,3,0,72
712,PERF000712,291,2025,Annual,4,4,0,72
713,PERF000713,292,2024,Annual,3,3,0,23
714,PERF000714,292,2025,Annual,1,2,0,23
715,PERF000715,292,2025,Mid-Year,3,4,0,23
716,PERF000716,293,2024,Annual,4,3,0,83
717,PERF000717,293,2025,Annual,3,2,0,83
718,PERF000718,293,2025,Mid-Year,3,4,0,83
719,PERF000719,294,2024,Annual,2,3,0,74
720,PERF000720,294,2025,Annual,3,3,0,74
721,PERF000721,294,2025,Mid-Year,2,2,0,74
722,PERF000722,295,2024,Annual,5,4,0,80
723,PERF000723,295,2025,Annual,4,3,0,80
724,PERF000724,296,2024,Annual,4,4,0,21
725,PERF000725,296,2024,Mid-Year,5,5,0,21
726,PERF000726,296,2025,Annual,4,4,0,21
727,PERF000727,297,2024,Annual,3,4,0,1
728,PERF000728,297,2025,Annual,4,3,0,1
729,PERF000729,298,2024,Annual,5,5,1,41
730,PERF000730,298,2025,Annual,3,3,0,41
731,PERF000731,298,2025,Mid-Year,4,4,0,41
732,PERF000732,299,2024,Annual,3,2,0,70
733,PERF000733,300,2024,Annual,4,4,0,80
734,PERF000734,300,2024,Mid-Year,4,4,0,80
735,PERF000735,300,2025,Annual,5,5,1,80
736,PERF000736,301,2024,Annual,4,4,0,15
737,PERF000737,301,2025,Annual,4,4,0,15
738,PERF000738,301,2025,Mid-Year,5,4,1,15
739,PERF000739,302,2024,Annual,3,4,0,71
740,PERF000740,302,2024,Mid-Year,4,5,1,71
741,PERF000741,302,2025,Annual,3,3,0,71
742,PERF000742,303,2024,Annual,3,3,0,44
743,PERF000743,303,2025,Annual,3,3,0,44
744,PERF000744,304,2024,Annual,4,4,0,68
745,PERF000745,304,2024,Mid-Year,3,4,0,68
746,PERF000746,304,2025,Annual,3,3,0,68
747,PERF000747,305,2024,Annual,4,4,1,73
748,PERF000748,305,2025,Annual,4,2,0,73
749,PERF000749,305,2025,Mid-Year,3,2,0,73
750,PERF000750,306,2024,Annual,5,5,0,11
751,PERF000751,306,2024,Mid-Year,5,5,0,11
752,PERF000752,306,2025,Annual,4,4,0,11
753,PERF000753,306,2025,Mid-Year,4,4,0,11
754,PERF000754,307,2024,Annual,4,5,0,41
755,PERF000755,307,2025,Annual,5,5,1,41
756,PERF000756,307,2025,Mid-Year,5,4,0,41
757,PERF000757,308,2024,Annual,3,2,0,40
758,PERF000758,308,2024,Mid-Year,4,4,0,40
759,PERF000759,308,2025,Annual,3,4,0,40
760,PERF000760,308,2025,Mid-Year,3,3,0,40
761,PERF000761,309,2024,Annual,4,3,0,14
762,PERF000762,309,2024,Mid-Year,3,4,0,14
763,PERF000763,309,2025,Annual,3,3,0,14
764,PERF000764,310,2024,Annual,4,4,1,74
765,PERF000765,310,2024,Mid-Year,3,2,0,74
766,PERF000766,310,2025,Annual,3,3,0,74
767,PERF000767,310,2025,Mid-Year,3,3,0,74
768,PERF000768,311,2024,Annual,1,1,0,43
769,PERF000769,311,2025,Annual,2,1,0,43
770,PERF000770,311,2025,Mid-Year,1,1,0,43
771,PERF000771,312,2024,Annual,3,4,0,58
772,PERF000772,312,2025,Annual,2,1,0,58
773,PERF000773,313,2025,Annual,5,5,0,34
774,PERF000774,313,2025,Mid-Year,5,5,0,34
775,PERF000775,314,2025,Annual,4,4,0,38
776,PERF000776,314,2025,Mid-Year,5,5,1,38
777,PERF000777,316,2024,Annual,3,2,0,65
778,PERF000778,316,2025,Annual,3,3,0,65
779,PERF000779,317,2024,Annual,4,4,0,19
780,PERF000780,317,2024,Mid-Year,5,5,1,19
781,PERF000781,317,2025,Annual,5,5,1,19
782,PERF000782,318,2024,Annual,5,4,0,11
783,PERF000783,318,2025,Annual,5,5,0,11
784,PERF000784,318,2025,Mid-Year,5,5,0,11
785,PERF000785,319,2024,Annual,5,5,0,41
786,PERF000786,319,2024,Mid-Year,5,5,1,41
787,PERF000787,320,2024,Annual,4,4,0,40
788,PERF000788,320,2024,Mid-Year,4,5,0,40
789,PERF000789,320,2025,Annual,4,4,0,40
790,PERF000790,321,2024,Annual,3,4,0,12
791,PERF000791,321,2025,Annual,4,4,0,12
792,PERF000792,322,2024,Annual,3,3,0,35
793,PERF000793,322,2025,Annual,2,3,0,35
794,PERF000794,323,2024,Annual,3,2,0,54
795,PERF000795,323,2025,Annual,4,4,0,54
796,PERF000796,325,2024,Annual,1,1,0,76
797,PERF000797,325,2024,Mid-Year,2,2,0,76
798,PERF000798,325,2025,Annual,2,2,0,76
799,PERF000799,326,2024,Annual,3,3,0,64
800,PERF000800,326,2025,Annual,4,4,0,64
801,PERF000801,326,2025,Mid-Year,4,4,0,64
802,PERF000802,327,2024,Annual,3,3,0,68
803,PERF000803,327,2025,Annual,3,3,0,68
804,PERF000804,328,2024,Annual,4,4,1,48
805,PERF000805,328,2024,Mid-Year,3,3,0,48
806,PERF000806,328,2025,Annual,3,1,0,48
807,PERF000807,328,2025,Mid-Year,3,3,0,48
808,PERF000808,329,2024,Annual,5,5,1,8
809,PERF000809,329,2024,Mid-Year,3,3,0,8
810,PERF000810,329,2025,Annual,4,4,0,8
811,PERF000811,330,2024,Annual,3,3,0,54
812,PERF000812,330,2025,Annual,3,3,0,54
813,PERF000813,331,2024,Annual,3,3,0,66
814,PERF000814,331,2025,Annual,3,3,0,66
815,PERF000815,332,2024,Annual,3,2,0,22
816,PERF000816,333,2024,Annual,3,3,0,
817,PERF000817,333,2024,Mid-Year,3,3,0,
818,PERF000818,333,2025,Annual,3,3,0,
819,PERF000819,333,2025,Mid-Year,3,4,0,
820,PERF000820,334,2024,Annual,3,3,0,75
821,PERF000821,334,2025,Annual,3,3,0,75
822,PERF000822,334,2025,Mid-Year,3,3,0,75
823,PERF000823,335,2024,Annual,4,4,0,83
824,PERF000824,335,2025,Annual,3,2,0,83
825,PERF000825,336,2024,Annual,4,5,0,47
826,PERF000826,336,2024,Mid-Year,4,4,0,47
827,PERF000827,336,2025,Annual,2,1,0,47
828,PERF000828,337,2024,Annual,4,5,1,51
829,PERF000829,337,2024,Mid-Year,3,3,0,51
830,PERF000830,337,2025,Annual,3,2,0,51
831,PERF000831,337,2025,Mid-Year,3,3,0,51
832,PERF000832,338,2024,Annual,4,3,0,
833,PERF000833,338,2024,Mid-Year,5,4,1,
834,PERF000834,338,2025,Annual,4,4,0,
835,PERF000835,339,2024,Annual,3,3,0,67
836,PERF000836,339,2024,Mid-Year,4,3,0,67
837,PERF000837,339,2025,Annual,3,2,0,67
838,PERF000838,339,2025,Mid-Year,3,3,0,67
839,PERF000839,340,2024,Annual,3,2,0,83
840,PERF000840,340,2025,Annual,3,1,0,83
841,PERF000841,340,2025,Mid-Year,3,3,0,83
842,PERF000842,341,2024,Annual,3,2,0,53
843,PERF000843,341,2025,Annual,3,3,0,53
844,PERF000844,342,2024,Annual,2,1,0,77
845,PERF000845,342,2025,Annual,3,4,0,77
846,PERF000846,343,2024,Annual,1,1,0,36
847,PERF000847,343,2025,Annual,1,2,0,36
848,PERF000848,343,2025,Mid-Year,1,1,0,36
849,PERF000849,344,2024,Annual,4,5,0,7
850,PERF000850,344,2025,Annual,3,1,0,7
851,PERF000851,345,2024,Annual,5,5,0,14
852,PERF000852,345,2025,Annual,5,5,0,14
853,PERF000853,346,2024,Annual,3,3,0,64
854,PERF000854,346,2025,Annual,3,2,0,64
855,PERF000855,347,2024,Annual,4,4,0,47
856,PERF000856,347,2025,Annual,4,4,0,47
857,PERF000857,348,2024,Annual,3,3,0,15
858,PERF000858,348,2025,Annual,3,2,0,15
859,PERF000859,348,2025,Mid-Year,2,2,0,15
860,PERF000860,350,2024,Annual,3,3,0,51
861,PERF000861,350,2024,Mid-Year,4,4,1,51
862,PERF000862,350,2025,Annual,3,3,0,51
863,PERF000863,351,2024,Annual,3,3,0,
864,PERF000864,351,2025,Annual,3,1,0,
865,PERF000865,352,2024,Annual,4,4,1,8
866,PERF000866,352,2025,Annual,4,4,0,8
867,PERF000867,353,2024,Annual,3,3,0,
868,PERF000868,353,2025,Annual,3,4,0,
869,PERF000869,357,2024,Annual,4,4,0,63
870,PERF000870,357,2024,Mid-Year,4,4,0,63
871,PERF000871,357,2025,Annual,5,5,0,63
872,PERF000872,357,2025,Mid-Year,5,5,0,63
873,PERF000873,358,2024,Annual,4,4,0,17
874,PERF000874,358,2024,Mid-Year,3,5,0,17
875,PERF000875,358,2025,Annual,3,3,0,17
876,PERF000876,358,2025,Mid-Year,3,3,0,17
877,PERF000877,359,2024,Annual,3,3,0,60
878,PERF000878,359,2024,Mid-Year,3,4,0,60
879,PERF000879,360,2024,Annual,3,3,0,
880,PERF000880,360,2024,Mid-Year,4,5,1,
881,PERF000881,360,2025,Annual,4,4,0,
882,PERF000882,361,2024,Annual,2,2,0,68
883,PERF000883,361,2025,Annual,4,4,0,68
884,PERF000884,361,2025,Mid-Year,4,5,0,68
885,PERF000885,363,2024,Annual,4,5,0,46
886,PERF000886,363,2025,Annual,4,4,0,46
887,PERF000887,363,2025,Mid-Year,4,4,0,46
888,PERF000888,364,2024,Annual,4,4,0,13
889,PERF000889,364,2024,Mid-Year,3,4,0,13
890,PERF000890,364,2025,Annual,3,1,0,13
891,PERF000891,365,2024,Annual,4,4,0,49
892,PERF000892,365,2025,Annual,3,3,0,49
893,PERF000893,366,2024,Annual,3,4,0,16
894,PERF000894,366,2024,Mid-Year,3,4,0,16
895,PERF000895,366,2025,Annual,3,3,0,16
896,PERF000896,366,2025,Mid-Year,4,4,0,16
897,PERF000897,367,2024,Annual,4,5,0,61
898,PERF000898,367,2025,Annual,3,3,0,61
899,PERF000899,368,2024,Annual,3,3,0,72
900,PERF000900,368,2025,Annual,3,3,0,72
901,PERF000901,368,2025,Mid-Year,3,4,0,72
902,PERF000902,369,2024,Annual,4,3,0,75
903,PERF000903,369,2025,Annual,4,4,0,75
904,PERF000904,369,2025,Mid-Year,4,4,0,75
905,PERF000905,370,2024,Annual,4,4,0,68
906,PERF000906,370,2024,Mid-Year,3,3,0,68
907,PERF000907,370,2025,Annual,4,3,0,68
908,PERF000908,370,2025,Mid-Year,4,3,0,68
909,PERF000909,371,2025,Annual,4,4,0,66
910,PERF000910,372,2024,Annual,2,3,0,20
911,PERF000911,372,2024,Mid-Year,2,3,0,20
912,PERF000912,372,2025,Annual,3,3,0,20
913,PERF000913,373,2024,Annual,3,2,0,39
914,PERF000914,373,2024,Mid-Year,2,2,0,39
915,PERF000915,373,2025,Annual,3,3,0,39
916,PERF000916,373,2025,Mid-Year,3,3,0,39
917,PERF000917,374,2024,Annual,3,4,0,
918,PERF000918,374,2024,Mid-Year,2,2,0,
919,PERF000919,374,2025,Annual,2,3,0,
920,PERF000920,375,2024,Annual,5,5,1,69
921,PERF000921,375,2024,Mid-Year,4,3,0,69
922,PERF000922,375,2025,Annual,5,5,0,69
923,PERF000923,377,2024,Annual,4,5,0,42
924,PERF000924,377,2025,Annual,5,5,1,42
925,PERF000925,377,2025,Mid-Year,4,5,0,42
926,PERF000926,379,2024,Annual,4,4,0,83
927,PERF000927,379,2024,Mid-Year,5,4,0,83
928,PERF000928,379,2025,Annual,4,3,0,83
929,PERF000929,379,2025,Mid-Year,4,4,0,83
930,PERF000930,380,2024,Annual,3,3,0,1
931,PERF000931,380,2025,Annual,4,5,1,1
932,PERF000932,381,2025,Annual,1,1,0,9
933,PERF000933,382,2025,Annual,2,2,0,6
934,PERF000934,383,2024,Annual,4,3,0,50
935,PERF000935,383,2025,Annual,4,4,0,50
936,PERF000936,384,2024,Annual,4,4,0,48
937,PERF000937,384,2024,Mid-Year,2,2,0,48
938,PERF000938,384,2025,Annual,3,2,0,48
939,PERF000939,385,2024,Annual,2,2,0,49
940,PERF000940,385,2024,Mid-Year,3,3,0,49
941,PERF000941,385,2025,Annual,1,1,0,49
942,PERF000942,385,2025,Mid-Year,1,1,0,49
943,PERF000943,386,2024,Annual,4,4,0,11
944,PERF000944,386,2025,Annual,4,5,0,11
945,PERF000945,387,2024,Annual,4,4,0,16
946,PERF000946,387,2025,Annual,3,4,0,16
947,PERF000947,388,2024,Annual,4,4,0,47
948,PERF000948,388,2025,Annual,4,5,0,47
949,PERF000949,388,2025,Mid-Year,4,4,0,47
950,PERF000950,389,2024,Annual,5,5,0,2
951,PERF000951,389,2025,Annual,5,5,0,2
952,PERF000952,390,2024,Annual,3,2,0,61
953,PERF000953,390,2024,Mid-Year,3,2,0,61
954,PERF000954,392,2024,Annual,3,3,0,34
955,PERF000955,392,2025,Annual,4,4,0,34
956,PERF000956,393,2024,Annual,3,4,0,
957,PERF000957,393,2025,Annual,4,5,0,
958,PERF000958,393,2025,Mid-Year,3,3,0,
959,PERF000959,394,2024,Annual,5,5,0,45
960,PERF000960,394,2025,Annual,5,5,1,45
961,PERF000961,395,2024,Annual,1,1,0,76
962,PERF000962,395,2024,Mid-Year,2,1,0,76
963,PERF000963,395,2025,Annual,3,3,0,76
964,PERF000964,395,2025,Mid-Year,3,3,0,76
965,PERF000965,397,2024,Annual,2,2,0,59
966,PERF000966,397,2025,Annual,2,1,0,59
967,PERF000967,398,2024,Annual,4,4,1,29
968,PERF000968,398,2025,Annual,3,2,0,29
969,PERF000969,399,2025,Annual,2,2,0,59
970,PERF000970,399,2025,Mid-Year,1,1,0,59
971,PERF000971,400,2024,Annual,4,4,0,1
972,PERF000972,400,2025,Annual,3,4,0,1
973,PERF000973,401,2024,Annual,4,4,0,11
974,PERF000974,401,2025,Annual,3,3,0,11
975,PERF000975,401,2025,Mid-Year,2,1,0,11
976,PERF000976,402,2024,Annual,3,3,0,45
977,PERF000977,402,2025,Annual,5,4,0,45
978,PERF000978,403,2024,Annual,4,4,0,68
979,PERF000979,403,2025,Annual,3,2,0,68
980,PERF000980,403,2025,Mid-Year,4,5,0,68
981,PERF000981,404,2024,Annual,3,2,0,67
982,PERF000982,404,2024,Mid-Year,2,3,0,67
983,PERF000983,404,2025,Annual,3,3,0,67
984,PERF000984,405,2025,Annual,5,5,0,21
985,PERF000985,405,2025,Mid-Year,5,3,0,21
986,PERF000986,406,2024,Annual,3,2,0,35
987,PERF000987,406,2025,Annual,3,4,0,35
988,PERF000988,406,2025,Mid-Year,3,4,0,35
989,PERF000989,407,2024,Annual,3,3,0,83
990,PERF000990,407,2024,Mid-Year,2,2,0,83
991,PERF000991,407,2025,Annual,3,4,0,83
992,PERF000992,407,2025,Mid-Year,3,3,0,83
993,PERF000993,408,2024,Annual,3,2,0,56
994,PERF000994,408,2024,Mid-Year,3,3,0,56
995,PERF000995,408,2025,Annual,4,4,0,56
996,PERF000996,409,2024,Annual,3,3,0,3
997,PERF000997,409,2025,Annual,2,1,0,3
998,PERF000998,409,2025,Mid-Year,3,4,0,3
999,PERF000999,410,2024,Annual,3,4,0,17
1000,PERF001000,410,2025,Annual,3,4,0,17
1001,PERF001001,410,2025,Mid-Year,2,1,0,17
1002,PERF001002,411,2025,Annual,3,2,0,68
1003,PERF001003,413,2024,Annual,3,2,0,68
1004,PERF001004,413,2024,Mid-Year,3,3,0,68
1005,PERF001005,413,2025,Annual,3,4,0,68
1006,PERF001006,414,2024,Annual,3,3,0,5
1007,PERF001007,414,2024,Mid-Year,4,4,0,5
1008,PERF001008,414,2025,Annual,5,4,0,5
1009,PERF001009,415,2024,Annual,3,3,0,66
1010,PERF001010,415,2024,Mid-Year,4,3,0,66
1011,PERF001011,415,2025,Annual,4,3,0,66
1012,PERF001012,415,2025,Mid-Year,4,4,0,66
1013,PERF001013,416,2024,Annual,3,3,0,
1014,PERF001014,416,2024,Mid-Year,4,4,0,
1015,PERF001015,416,2025,Annual,4,4,1,
1016,PERF001016,416,2025,Mid-Year,5,5,1,
1017,PERF001017,417,2024,Annual,2,2,0,15
1018,PERF001018,417,2024,Mid-Year,1,1,0,15
1019,PERF001019,417,2025,Annual,1,1,0,15
1020,PERF001020,418,2024,Annual,5,5,1,63
1021,PERF001021,419,2024,Annual,2,2,0,70
1022,PERF001022,420,2025,Annual,3,4,0,44
1023,PERF001023,420,2025,Mid-Year,4,4,0,44
1024,PERF001024,421,2024,Annual,4,5,0,
1025,PERF001025,421,2025,Annual,3,2,0,
1026,PERF001026,421,2025,Mid-Year,3,4,0,
1027,PERF001027,422,2024,Annual,4,4,0,17
1028,PERF001028,422,2025,Annual,4,5,0,17
1029,PERF001029,423,2024,Annual,4,4,0,55
1030,PERF001030,423,2024,Mid-Year,5,4,1,55
1031,PERF001031,423,2025,Annual,5,5,0,55
1032,PERF001032,423,2025,Mid-Year,4,4,0,55
1033,PERF001033,424,2024,Annual,3,3,0,1
1034,PERF001034,424,2025,Annual,3,3,0,1
1035,PERF001035,424,2025,Mid-Year,3,2,0,1
1036,PERF001036,425,2024,Annual,5,5,0,36
1037,PERF001037,425,2024,Mid-Year,4,4,0,36
1038,PERF001038,425,2025,Annual,4,4,0,36
1039,PERF001039,426,2024,Annual,3,3,0,22
1040,PERF001040,426,2024,Mid-Year,3,3,0,22
1041,PERF001041,426,2025,Annual,4,4,1,22
1042,PERF001042,427,2024,Annual,4,5,0,29
1043,PERF001043,427,2025,Annual,4,4,0,29
1044,PERF001044,427,2025,Mid-Year,3,2,0,29
1045,PERF001045,428,2024,Annual,2,2,0,75
1046,PERF001046,428,2024,Mid-Year,4,4,0,75
1047,PERF001047,428,2025,Annual,3,3,0,75
1048,PERF001048,428,2025,Mid-Year,2,2,0,75
1049,PERF001049,429,2025,Annual,4,4,0,76
1050,PERF001050,430,2024,Annual,2,2,0,74
1051,PERF001051,432,2024,Annual,1,2,0,68
1052,PERF001052,432,2025,Annual,3,4,0,68
1053,PERF001053,433,2024,Annual,4,4,0,
1054,PERF001054,433,2025,Annual,4,5,0,
1055,PERF001055,433,2025,Mid-Year,4,3,0,
1056,PERF001056,434,2024,Annual,4,4,0,23
1057,PERF001057,434,2024,Mid-Year,4,4,1,23
1058,PERF001058,434,2025,Annual,4,5,0,23
1059,PERF001059,435,2024,Annual,4,3,0,11
1060,PERF001060,436,2024,Annual,3,3,0,75
1061,PERF001061,436,2025,Annual,3,2,0,75
1062,PERF001062,436,2025,Mid-Year,3,3,0,75
1063,PERF001063,437,2024,Annual,4,4,1,46
1064,PERF001064,437,2025,Annual,4,4,1,46
1065,PERF001065,438,2024,Annual,2,2,0,8
1066,PERF001066,438,2025,Annual,4,3,0,8
1067,PERF001067,438,2025,Mid-Year,3,3,0,8
1068,PERF001068,440,2024,Annual,3,3,0,3
1069,PERF001069,440,2024,Mid-Year,2,1,0,3
1070,PERF001070,440,2025,Annual,3,3,0,3
1071,PERF001071,440,2025,Mid-Year,4,3,0,3
1072,PERF001072,441,2024,Annual,4,4,0,51
1073,PERF001073,441,2024,Mid-Year,4,3,0,51
1074,PERF001074,441,2025,Annual,3,3,0,51
1075,PERF001075,442,2024,Annual,3,3,0,35
1076,PERF001076,442,2024,Mid-Year,4,4,0,35
1077,PERF001077,442,2025,Annual,4,3,0,35
1078,PERF001078,443,2024,Annual,4,4,0,49
1079,PERF001079,443,2024,Mid-Year,5,5,0,49
1080,PERF001080,443,2025,Annual,3,4,0,49
1081,PERF001081,443,2025,Mid-Year,3,3,0,49
1082,PERF001082,444,2024,Annual,1,1,0,38
1083,PERF001083,444,2025,Annual,1,1,0,38
1084,PERF001084,446,2025,Annual,3,4,0,71
1085,PERF001085,447,2024,Annual,3,4,0,5
1086,PERF001086,447,2025,Annual,2,2,0,5
1087,PERF001087,447,2025,Mid-Year,4,4,1,5
1088,PERF001088,448,2024,Annual,3,4,0,17
1089,PERF001089,448,2025,Annual,4,4,0,17
1090,PERF001090,448,2025,Mid-Year,5,4,0,17
1091,PERF001091,449,2025,Annual,4,4,0,34
1092,PERF001092,449,2025,Mid-Year,4,3,0,34
1093,PERF001093,450,2024,Annual,4,5,0,49
1094,PERF001094,450,2024,Mid-Year,4,5,0,49
1095,PERF001095,450,2025,Annual,4,3,0,49
1096,PERF001096,450,2025,Mid-Year,4,3,0,49
1097,PERF001097,451,2024,Annual,3,3,0,75
1098,PERF001098,451,2025,Annual,4,5,0,75
1099,PERF001099,452,2024,Annual,5,5,0,
1100,PERF001100,452,2024,Mid-Year,5,5,0,
1101,PERF001101,452,2025,Annual,4,5,0,
1102,PERF001102,453,2024,Annual,4,5,0,42
1103,PERF001103,453,2025,Annual,3,3,0,42
1104,PERF001104,454,2024,Annual,4,4,0,45
1105,PERF001105,454,2024,Mid-Year,3,3,0,45
1106,PERF001106,454,2025,Annual,4,3,0,45
1107,PERF001107,455,2024,Annual,4,3,0,34
1108,PERF001108,455,2024,Mid-Year,4,5,1,34
1109,PERF001109,455,2025,Annual,3,2,0,34
1110,PERF001110,455,2025,Mid-Year,4,3,0,34
1111,PERF001111,456,2024,Annual,5,5,1,67
1112,PERF001112,456,2024,Mid-Year,5,5,0,67
1113,PERF001113,456,2025,Annual,5,5,0,67
1114,PERF001114,456,2025,Mid-Year,5,5,0,67
1115,PERF001115,457,2024,Annual,2,2,0,
1116,PERF001116,457,2024,Mid-Year,2,2,0,
1117,PERF001117,457,2025,Annual,3,3,0,
1118,PERF001118,457,2025,Mid-Year,3,4,0,
1119,PERF001119,458,2025,Annual,3,3,0,57
1120,PERF001120,459,2024,Annual,5,5,0,44
1121,PERF001121,459,2025,Annual,5,5,0,44
1122,PERF001122,459,2025,Mid-Year,5,5,0,44
1123,PERF001123,460,2025,Annual,4,4,0,66
1124,PERF001124,461,2024,Annual,4,4,0,20
1125,PERF001125,461,2025,Annual,4,5,0,20
1126,PERF001126,461,2025,Mid-Year,4,4,0,20
1127,PERF001127,462,2024,Annual,4,5,0,54
1128,PERF001128,463,2024,Annual,4,5,0,44
1129,PERF001129,463,2025,Annual,4,4,0,44
1130,PERF001130,464,2024,Annual,5,5,1,20
1131,PERF001131,464,2024,Mid-Year,4,5,0,20
1132,PERF001132,464,2025,Annual,3,3,0,20
1133,PERF001133,465,2024,Annual,5,5,1,24
1134,PERF001134,465,2025,Annual,5,4,0,24
1135,PERF001135,465,2025,Mid-Year,4,5,1,24
1136,PERF001136,466,2024,Annual,3,2,0,17
1137,PERF001137,466,2025,Annual,2,1,0,17
1138,PERF001138,466,2025,Mid-Year,3,3,0,17
1139,PERF001139,467,2024,Annual,4,3,0,56
1140,PERF001140,467,2024,Mid-Year,4,4,0,56
1141,PERF001141,467,2025,Annual,5,4,1,56
1142,PERF001142,468,2024,Annual,3,4,0,83
1143,PERF001143,468,2024,Mid-Year,2,1,0,83
1144,PERF001144,468,2025,Annual,2,1,0,83
1145,PERF001145,468,2025,Mid-Year,2,2,0,83
1146,PERF001146,469,2025,Annual,4,5,0,54
1147,PERF001147,470,2024,Annual,5,5,0,
1148,PERF001148,470,2025,Annual,5,4,0,
1149,PERF001149,471,2024,Annual,2,2,0,54
1150,PERF001150,471,2024,Mid-Year,2,1,0,54
1151,PERF001151,471,2025,Annual,2,2,0,54
1152,PERF001152,473,2024,Annual,3,3,0,76
1153,PERF001153,473,2025,Annual,3,4,0,76
1154,PERF001154,474,2024,Annual,3,5,0,54
1155,PERF001155,474,2025,Annual,4,4,0,54
1156,PERF001156,474,2025,Mid-Year,4,4,0,54
1157,PERF001157,475,2024,Annual,4,4,1,48
1158,PERF001158,475,2024,Mid-Year,3,3,0,48
1159,PERF001159,475,2025,Annual,4,4,0,48
1160,PERF001160,476,2024,Annual,3,4,0,5
1161,PERF001161,476,2024,Mid-Year,3,3,0,5
1162,PERF001162,476,2025,Annual,2,2,0,5
1163,PERF001163,477,2024,Annual,5,5,0,68
1164,PERF001164,477,2024,Mid-Year,4,5,1,68
1165,PERF001165,477,2025,Annual,4,3,0,68
1166,PERF001166,477,2025,Mid-Year,4,4,0,68
1167,PERF001167,478,2024,Annual,3,1,0,9
1168,PERF001168,478,2025,Annual,3,2,0,9
1169,PERF001169,478,2025,Mid-Year,4,4,1,9
1170,PERF001170,479,2024,Annual,4,3,0,
1171,PERF001171,479,2025,Annual,4,3,0,
1172,PERF001172,479,2025,Mid-Year,3,4,0,
1173,PERF001173,480,2024,Annual,3,3,0,3
1174,PERF001174,480,2024,Mid-Year,3,3,0,3
1175,PERF001175,480,2025,Annual,4,3,0,3
1176,PERF001176,480,2025,Mid-Year,4,2,0,3
1177,PERF001177,481,2024,Annual,3,3,0,76
1178,PERF001178,481,2025,Annual,3,3,0,76
1179,PERF001179,482,2024,Annual,2,2,0,42
1180,PERF001180,482,2024,Mid-Year,2,2,0,42
1181,PERF001181,482,2025,Annual,2,2,0,42
1182,PERF001182,483,2024,Annual,3,3,0,2
1183,PERF001183,483,2024,Mid-Year,4,4,0,2
1184,PERF001184,483,2025,Annual,3,3,0,2
1185,PERF001185,483,2025,Mid-Year,3,4,0,2
1186,PERF001186,484,2024,Annual,3,4,0,8
1187,PERF001187,484,2025,Annual,2,1,0,8
1188,PERF001188,485,2024,Annual,2,2,0,56
1189,PERF001189,485,2025,Annual,1,1,0,56
1190,PERF001190,485,2025,Mid-Year,2,3,0,56
1191,PERF001191,486,2024,Annual,5,5,0,1
1192,PERF001192,486,2025,Annual,4,4,0,1
1193,PERF001193,486,2025,Mid-Year,3,2,0,1
1194,PERF001194,487,2024,Annual,2,2,0,79
1195,PERF001195,487,2025,Annual,2,2,0,79
1196,PERF001196,487,2025,Mid-Year,3,5,0,79
1197,PERF001197,488,2024,Annual,3,3,0,69
1198,PERF001198,488,2025,Annual,3,3,0,69
1199,PERF001199,489,2024,Annual,4,4,0,
1200,PERF001200,489,2025,Annual,3,4,0,
1201,PERF001201,489,2025,Mid-Year,4,4,0,
1202,PERF001202,490,2024,Annual,3,3,0,4
1203,PERF001203,490,2025,Annual,2,2,0,4
1204,PERF001204,492,2024,Annual,3,1,0,49
1205,PERF001205,492,2025,Annual,3,2,0,49
1206,PERF001206,493,2024,Annual,4,2,0,27
1207,PERF001207,493,2025,Annual,4,5,0,27
1208,PERF001208,493,2025,Mid-Year,4,3,0,27
1209,PERF001209,494,2024,Annual,3,3,0,61
1210,PERF001210,494,2025,Annual,4,5,0,61
1211,PERF001211,494,2025,Mid-Year,4,5,0,61
1212,PERF001212,495,2024,Annual,1,1,0,8
1213,PERF001213,495,2024,Mid-Year,2,2,0,8
1214,PERF001214,495,2025,Annual,1,2,0,8
1215,PERF001215,495,2025,Mid-Year,2,2,0,8
1216,PERF001216,496,2025,Annual,4,5,1,11
1217,PERF001217,496,2025,Mid-Year,3,3,0,11
1218,PERF001218,497,2024,Annual,2,2,0,50
1219,PERF001219,498,2024,Annual,3,3,0,30
1220,PERF001220,498,2025,Annual,3,4,0,30
1221,PERF001221,498,2025,Mid-Year,3,2,0,30
1222,PERF001222,499,2024,Annual,3,4,0,44
1223,PERF001223,499,2025,Annual,2,2,0,44
1224,PERF001224,499,2025,Mid-Year,2,2,0,44
1225,PERF001225,500,2025,Annual,4,4,0,68
1226,PERF001226,501,2024,Annual,2,1,0,49
1227,PERF001227,501,2025,Annual,3,3,0,49
1228,PERF001228,501,2025,Mid-Year,3,3,0,49
1229,PERF001229,503,2024,Annual,3,4,0,12
1230,PERF001230,503,2024,Mid-Year,3,2,0,12
1231,PERF001231,503,2025,Annual,2,2,0,12
1232,PERF001232,505,2024,Annual,2,1,0,7
1233,PERF001233,505,2025,Annual,2,2,0,7
1234,PERF001234,505,2025,Mid-Year,2,1,0,7
1235,PERF001235,506,2024,Annual,3,3,0,68
1236,PERF001236,506,2025,Annual,4,5,1,68
1237,PERF001237,507,2024,Annual,3,3,0,5
1238,PERF001238,507,2024,Mid-Year,4,4,0,5
1239,PERF001239,507,2025,Annual,4,4,0,5
1240,PERF001240,507,2025,Mid-Year,4,3,0,5
1241,PERF001241,508,2025,Annual,3,3,0,62
1242,PERF001242,509,2024,Annual,3,2,0,74
1243,PERF001243,509,2025,Annual,4,5,0,74
1244,PERF001244,510,2024,Annual,3,3,0,57
1245,PERF001245,510,2024,Mid-Year,3,4,0,57
1246,PERF001246,511,2025,Annual,2,3,0,26
1247,PERF001247,512,2024,Annual,3,3,0,54
1248,PERF001248,512,2024,Mid-Year,3,3,0,54
1249,PERF001249,512,2025,Annual,4,5,0,54
1250,PERF001250,513,2024,Annual,3,2,0,2
1251,PERF001251,513,2024,Mid-Year,4,4,0,2
1252,PERF001252,513,2025,Annual,4,5,0,2
1253,PERF001253,514,2024,Annual,3,3,0,82
1254,PERF001254,514,2025,Annual,4,5,0,82
1255,PERF001255,515,2024,Annual,2,3,0,38
1256,PERF001256,515,2025,Annual,2,1,0,38
1257,PERF001257,516,2024,Annual,5,5,0,4
1258,PERF001258,516,2025,Annual,4,4,0,4
1259,PERF001259,517,2024,Annual,4,4,0,5
1260,PERF001260,517,2025,Annual,5,5,0,5
1261,PERF001261,518,2024,Annual,2,2,0,50
1262,PERF001262,518,2025,Annual,2,2,0,50
1263,PERF001263,518,2025,Mid-Year,2,1,0,50
1264,PERF001264,519,2024,Annual,3,3,0,80
1265,PERF001265,519,2025,Annual,4,4,1,80
1266,PERF001266,519,2025,Mid-Year,4,4,0,80
1267,PERF001267,520,2024,Annual,3,2,0,50
1268,PERF001268,520,2024,Mid-Year,3,3,0,50
1269,PERF001269,520,2025,Annual,3,2,0,50
1270,PERF001270,520,2025,Mid-Year,4,4,0,50
1271,PERF001271,521,2024,Annual,2,1,0,6
1272,PERF001272,521,2024,Mid-Year,2,2,0,6
1273,PERF001273,521,2025,Annual,2,2,0,6
1274,PERF001274,522,2024,Annual,5,5,0,65
1275,PERF001275,522,2024,Mid-Year,4,4,0,65
1276,PERF001276,522,2025,Annual,4,4,0,65
1277,PERF001277,523,2025,Annual,4,4,1,30
1278,PERF001278,523,2025,Mid-Year,4,4,0,30
1279,PERF001279,524,2024,Annual,5,4,0,74
1280,PERF001280,524,2025,Annual,5,5,0,74
1281,PERF001281,524,2025,Mid-Year,5,4,0,74
1282,PERF001282,525,2024,Annual,3,2,0,20
1283,PERF001283,525,2025,Annual,2,2,0,20
1284,PERF001284,525,2025,Mid-Year,3,4,0,20
1285,PERF001285,526,2025,Annual,4,3,0,7
1286,PERF001286,527,2025,Annual,3,2,0,8
1287,PERF001287,528,2024,Annual,4,5,0,
1288,PERF001288,528,2025,Annual,3,2,0,
1289,PERF001289,529,2024,Annual,4,4,0,74
1290,PERF001290,529,2024,Mid-Year,4,3,0,74
1291,PERF001291,529,2025,Annual,5,4,1,74
1292,PERF001292,529,2025,Mid-Year,5,5,0,74
1293,PERF001293,531,2025,Annual,2,3,0,74
1294,PERF001294,531,2025,Mid-Year,3,3,0,74
1295,PERF001295,532,2024,Annual,3,3,0,22
1296,PERF001296,532,2025,Annual,2,2,0,22
1297,PERF001297,533,2024,Annual,3,3,0,13
1298,PERF001298,533,2024,Mid-Year,3,4,0,13
1299,PERF001299,533,2025,Annual,5,5,0,13
1300,PERF001300,534,2025,Annual,4,4,1,63
1301,PERF001301,535,2024,Annual,2,4,0,17
1302,PERF001302,537,2024,Annual,3,3,0,30
1303,PERF001303,538,2024,Annual,2,1,0,59
1304,PERF001304,538,2024,Mid-Year,2,2,0,59
1305,PERF001305,538,2025,Annual,2,3,0,59
1306,PERF001306,539,2024,Annual,4,3,0,80
1307,PERF001307,539,2025,Annual,3,3,0,80
1308,PERF001308,540,2024,Annual,3,3,0,58
1309,PERF001309,540,2024,Mid-Year,3,3,0,58
1310,PERF001310,540,2025,Annual,3,3,0,58
1311,PERF001311,540,2025,Mid-Year,2,2,0,58
1312,PERF001312,541,2024,Annual,2,1,0,76
1313,PERF001313,541,2024,Mid-Year,2,2,0,76
1314,PERF001314,541,2025,Annual,3,3,0,76
1315,PERF001315,542,2024,Annual,4,4,1,74
1316,PERF001316,542,2025,Annual,5,5,0,74
1317,PERF001317,542,2025,Mid-Year,4,4,0,74
1318,PERF001318,543,2024,Annual,3,3,0,41
1319,PERF001319,543,2024,Mid-Year,4,4,0,41
1320,PERF001320,543,2025,Annual,4,4,0,41
1321,PERF001321,545,2024,Annual,5,5,0,13
1322,PERF001322,545,2024,Mid-Year,5,5,0,13
1323,PERF001323,545,2025,Annual,5,5,0,13
1324,PERF001324,545,2025,Mid-Year,5,3,0,13
1325,PERF001325,547,2024,Annual,4,3,0,54
1326,PERF001326,547,2025,Annual,4,4,0,54
1327,PERF001327,548,2024,Annual,2,1,0,46
1328,PERF001328,548,2025,Annual,3,2,0,46
1329,PERF001329,548,2025,Mid-Year,2,1,0,46
1330,PERF001330,549,2025,Annual,3,3,0,38
1331,PERF001331,550,2024,Annual,3,4,0,74
1332,PERF001332,550,2025,Annual,3,3,0,74
1333,PERF001333,550,2025,Mid-Year,3,3,0,74
1334,PERF001334,551,2024,Annual,4,4,1,54
1335,PERF001335,551,2024,Mid-Year,2,1,0,54
1336,PERF001336,551,2025,Annual,3,3,0,54
1337,PERF001337,552,2024,Annual,3,3,0,14
1338,PERF001338,552,2024,Mid-Year,3,3,0,14
1339,PERF001339,552,2025,Annual,3,3,0,14
1340,PERF001340,553,2024,Annual,4,4,0,23
1341,PERF001341,553,2024,Mid-Year,4,3,0,23
1342,PERF001342,553,2025,Annual,4,4,0,23
1343,PERF001343,553,2025,Mid-Year,5,5,0,23
1344,PERF001344,554,2024,Annual,4,5,0,65
1345,PERF001345,554,2025,Annual,3,3,0,65
1346,PERF001346,555,2024,Annual,3,4,0,14
1347,PERF001347,555,2024,Mid-Year,3,3,0,14
1348,PERF001348,555,2025,Annual,3,3,0,14
1349,PERF001349,556,2024,Annual,3,2,0,44
1350,PERF001350,556,2024,Mid-Year,3,3,0,44
1351,PERF001351,556,2025,Annual,3,3,0,44
1352,PERF001352,556,2025,Mid-Year,3,3,0,44
1353,PERF001353,557,2024,Annual,5,5,1,22
1354,PERF001354,557,2025,Annual,4,5,0,22
1355,PERF001355,558,2024,Annual,3,3,0,45
1356,PERF001356,558,2025,Annual,2,3,0,45
1357,PERF001357,558,2025,Mid-Year,3,2,0,45
1358,PERF001358,559,2024,Annual,3,4,0,64
1359,PERF001359,559,2024,Mid-Year,3,3,0,64
1360,PERF001360,559,2025,Annual,3,3,0,64
1361,PERF001361,559,2025,Mid-Year,3,1,0,64
1362,PERF001362,560,2024,Annual,2,1,0,81
1363,PERF001363,560,2024,Mid-Year,2,1,0,81
1364,PERF001364,561,2024,Annual,4,4,0,21
1365,PERF001365,561,2025,Annual,3,3,0,21
1366,PERF001366,562,2024,Annual,4,4,1,79
1367,PERF001367,562,2024,Mid-Year,5,5,1,79
1368,PERF001368,562,2025,Annual,4,4,0,79
1369,PERF001369,563,2025,Annual,4,4,0,34
1370,PERF001370,564,2024,Annual,4,3,0,78
1371,PERF001371,564,2025,Annual,4,4,1,78
1372,PERF001372,565,2024,Annual,4,5,1,65
1373,PERF001373,565,2025,Annual,3,3,0,65
1374,PERF001374,566,2024,Annual,4,5,0,33
1375,PERF001375,566,2025,Annual,5,5,0,33
1376,PERF001376,566,2025,Mid-Year,4,3,0,33
1377,PERF001377,567,2024,Annual,3,3,0,57
1378,PERF001378,567,2025,Annual,3,3,0,57
1379,PERF001379,567,2025,Mid-Year,3,4,0,57
1380,PERF001380,569,2024,Annual,3,5,0,55
1381,PERF001381,569,2025,Annual,3,3,0,55
1382,PERF001382,570,2024,Annual,5,5,0,59
1383,PERF001383,570,2025,Annual,5,5,0,59
1384,PERF001384,570,2025,Mid-Year,5,5,0,59
1385,PERF001385,571,2025,Annual,2,3,0,42
1386,PERF001386,571,2025,Mid-Year,3,2,0,42
1387,PERF001387,572,2024,Annual,4,4,0,3
1388,PERF001388,572,2024,Mid-Year,3,4,0,3
1389,PERF001389,572,2025,Annual,3,4,0,3
1390,PERF001390,573,2024,Annual,3,3,0,52
1391,PERF001391,573,2025,Annual,3,2,0,52
1392,PERF001392,573,2025,Mid-Year,4,4,0,52
1393,PERF001393,574,2025,Annual,4,4,0,59
1394,PERF001394,575,2024,Annual,4,5,0,28
1395,PERF001395,575,2025,Annual,3,4,0,28
1396,PERF001396,576,2024,Annual,3,3,0,79
1397,PERF001397,576,2024,Mid-Year,4,3,0,79
1398,PERF001398,576,2025,Annual,3,4,0,79
1399,PERF001399,576,2025,Mid-Year,3,4,0,79
1400,PERF001400,577,2024,Annual,3,3,0,71
1401,PERF001401,577,2025,Annual,2,2,0,71
1402,PERF001402,578,2024,Annual,5,4,0,36
1403,PERF001403,578,2024,Mid-Year,4,4,0,36
1404,PERF001404,578,2025,Annual,4,3,0,36
1405,PERF001405,579,2024,Annual,2,2,0,73
1406,PERF001406,580,2024,Annual,3,3,0,41
1407,PERF001407,580,2024,Mid-Year,3,3,0,41
1408,PERF001408,580,2025,Annual,4,4,0,41
1409,PERF001409,581,2024,Annual,4,4,0,45
1410,PERF001410,581,2024,Mid-Year,2,1,0,45
1411,PERF001411,581,2025,Annual,3,3,0,45
1412,PERF001412,581,2025,Mid-Year,3,4,0,45
1413,PERF001413,582,2025,Annual,3,4,0,66
1414,PERF001414,582,2025,Mid-Year,4,4,0,66
1415,PERF001415,583,2024,Annual,4,3,0,46
1416,PERF001416,583,2025,Annual,4,3,0,46
1417,PERF001417,584,2024,Annual,5,5,0,15
1418,PERF001418,584,2024,Mid-Year,5,5,1,15
1419,PERF001419,584,2025,Annual,5,4,0,15
1420,PERF001420,585,2024,Annual,2,1,0,82
1421,PERF001421,585,2024,Mid-Year,3,2,0,82
1422,PERF001422,585,2025,Annual,4,4,0,82
1423,PERF001423,587,2024,Annual,4,4,0,45
1424,PERF001424,587,2025,Annual,4,4,0,45
1425,PERF001425,588,2024,Annual,4,5,1,46
1426,PERF001426,588,2025,Annual,3,2,0,46
1427,PERF001427,589,2024,Annual,2,2,0,65
1428,PERF001428,589,2025,Annual,3,2,0,65
1429,PERF001429,590,2024,Annual,4,4,0,10
1430,PERF001430,590,2024,Mid-Year,4,4,1,10
1431,PERF001431,590,2025,Annual,3,3,0,10
1432,PERF001432,591,2024,Annual,3,3,0,69
1433,PERF001433,591,2024,Mid-Year,3,3,0,69
1434,PERF001434,591,2025,Annual,4,4,0,69
1435,PERF001435,591,2025,Mid-Year,3,2,0,69
1436,PERF001436,592,2024,Annual,3,3,0,11
1437,PERF001437,592,2024,Mid-Year,4,5,0,11
1438,PERF001438,592,2025,Annual,4,4,0,11
1439,PERF001439,594,2024,Annual,4,5,0,78
1440,PERF001440,594,2024,Mid-Year,4,4,0,78
1441,PERF001441,594,2025,Annual,3,3,0,78
1442,PERF001442,595,2024,Annual,4,4,0,8
1443,PERF001443,595,2024,Mid-Year,3,4,0,8
1444,PERF001444,595,2025,Annual,4,5,0,8
1445,PERF001445,597,2024,Annual,4,3,0,48
1446,PERF001446,597,2025,Annual,5,5,0,48
1447,PERF001447,598,2024,Annual,3,3,0,1
1448,PERF001448,598,2024,Mid-Year,3,1,0,1
1449,PERF001449,598,2025,Annual,3,3,0,1
1450,PERF001450,599,2024,Annual,4,4,0,42
1451,PERF001451,599,2025,Annual,3,3,0,42
1452,PERF001452,600,2024,Annual,4,4,0,
1453,PERF001453,600,2024,Mid-Year,4,4,0,
1454,PERF001454,600,2025,Annual,5,5,0,
1455,PERF001455,600,2025,Mid-Year,5,4,0,
