recruitment_key,candidate_id,requisition_id,department_key,job_role_key,location_key,application_date_key,interview_date_key,offer_date_key,hire_date_key,recruitment_source,status,hired_employee_key,time_to_hire_days
1,CAND000136,REQ9967,7,29,5,20231116,20231128,20231208,20240123,Campus,Hired,570,68
2,CAND000027,REQ7593,8,4,5,20231128,20231210,20231218,20240201,Job Board,Hired,99,65
3,CAND000067,REQ6405,2,22,2,20231202,20231207,20231212,20240214,Job Board,Hired,298,74
4,CAND000081,REQ5686,2,22,4,20231213,20231231,20240113,20240221,Referral,Hired,372,70
5,CAND000079,REQ1912,5,14,2,20231227,20240112,20240120,20240123,Agency,Hired,369,27
6,CAND000045,REQ4388,8,4,5,20231231,20240112,20240123,20240203,Agency,Hired,168,34
7,CAND000208,REQ8594,1,19,2,20240102,,,,LinkedIn,Rejected,,
8,CAND000424,REQ9406,7,29,6,20240102,20240119,20240127,,Campus,Offered,,
9,CAND000355,REQ9951,2,25,1,20240105,20240129,,,Job Board,Interviewed,,
10,CAND000478,REQ9741,6,3,5,20240106,20240112,,,Agency,Interviewed,,
11,CAND000214,REQ4155,8,8,6,20240107,,,,LinkedIn,Rejected,,
12,CAND000131,REQ3024,6,5,2,20240108,20240122,20240125,20240312,Referral,Hired,547,64
13,CAND000650,REQ3808,4,39,3,20240108,20240131,20240204,,Job Board,Offered,,
14,CAND000377,REQ8512,1,19,5,20240110,,,,Job Board,Rejected,,
15,CAND000541,REQ7871,8,4,5,20240110,,,,Campus,Rejected,,
16,CAND000100,REQ8842,2,24,5,20240111,20240125,20240131,20240214,Agency,Hired,455,34
17,CAND000263,REQ5252,5,13,4,20240111,20240125,,,Agency,Interviewed,,
18,CAND000366,REQ1916,4,39,1,20240114,20240130,,,Job Board,Interviewed,,
19,CAND000694,REQ3925,6,1,1,20240114,20240128,,,Company Website,Interviewed,,
20,CAND000287,REQ3986,7,27,6,20240115,,,,Job Board,Applied,,
21,CAND000106,REQ7614,3,33,3,20240118,20240123,20240202,20240220,Referral,Hired,466,33
22,CAND000148,REQ2280,6,5,5,20240118,20240203,20240207,,Campus,Offered,,
23,CAND000538,REQ7885,8,8,3,20240122,,,,Referral,Rejected,,
24,CAND000361,REQ2968,4,39,3,20240123,,,,Job Board,Rejected,,
25,CAND000474,REQ6385,3,35,2,20240123,,,,Job Board,Rejected,,
26,CAND000005,REQ4687,7,27,2,20240124,20240201,20240209,20240315,Referral,Hired,23,51
27,CAND000518,REQ6808,7,30,5,20240127,20240214,,,LinkedIn,Interviewed,,
28,CAND000340,REQ5322,7,28,3,20240131,,,,Job Board,Rejected,,
29,CAND000341,REQ3219,7,27,1,20240201,20240222,20240227,,Agency,Offered,,
30,CAND000411,REQ1782,6,3,1,20240203,,,,LinkedIn,Rejected,,
31,CAND000707,REQ1075,7,27,5,20240203,20240213,20240223,,Referral,Offered,,
32,CAND000061,REQ6007,7,27,5,20240204,20240213,20240217,20240408,Referral,Hired,247,64
33,CAND000351,REQ7386,6,3,3,20240204,20240211,20240218,,Referral,Offered,,
34,CAND000380,REQ5018,7,28,1,20240206,20240215,,,Company Website,Interviewed,,
35,CAND000618,REQ7941,5,14,6,20240206,,,,Campus,Rejected,,
36,CAND000002,REQ6642,2,22,1,20240207,20240218,20240222,20240402,LinkedIn,Hired,11,55
37,CAND000716,REQ7388,4,40,5,20240207,,,,Company Website,Applied,,
38,CAND000564,REQ6668,6,7,3,20240208,20240222,20240301,,LinkedIn,Offered,,
39,CAND000586,REQ9587,2,25,6,20240208,,,,Agency,Rejected,,
40,CAND000068,REQ9847,2,23,1,20240210,20240216,20240225,20240401,LinkedIn,Hired,307,51
41,CAND000560,REQ2747,5,14,5,20240211,,,,Job Board,Rejected,,
42,CAND000492,REQ1016,4,40,6,20240214,,,,Referral,Rejected,,
43,CAND000567,REQ6820,1,19,6,20240214,20240307,,,LinkedIn,Interviewed,,
44,CAND000615,REQ1036,7,28,4,20240215,,,,LinkedIn,Rejected,,
45,CAND000077,REQ3377,2,24,1,20240216,20240301,20240308,20240320,Job Board,Hired,363,33
46,CAND000684,REQ9849,2,22,2,20240216,,,,Job Board,Rejected,,
47,CAND000337,REQ4656,5,13,3,20240217,20240224,20240227,,Agency,Offered,,
48,CAND000212,REQ5580,7,29,5,20240218,20240309,20240315,,Company Website,Offered,,
49,CAND000513,REQ1554,3,31,1,20240218,,,,Referral,Applied,,
50,CAND000625,REQ8027,2,24,6,20240218,,,,Referral,Rejected,,
51,CAND000477,REQ4439,7,27,1,20240219,20240226,,,Agency,Interviewed,,
52,CAND000190,REQ3173,8,8,5,20240220,,,,LinkedIn,Rejected,,
53,CAND000631,REQ4936,7,30,2,20240220,20240229,,,LinkedIn,Interviewed,,
54,CAND000359,REQ5273,7,30,1,20240221,,,,Referral,Rejected,,
55,CAND000570,REQ8946,3,32,5,20240222,,,,Company Website,Rejected,,
56,CAND000059,REQ2376,2,24,5,20240223,20240229,20240305,20240326,Agency,Hired,230,32
57,CAND000494,REQ2577,3,33,6,20240223,20240316,,,Job Board,Interviewed,,
58,CAND000329,REQ2892,1,18,2,20240225,,,,Company Website,Rejected,,
59,CAND000176,REQ8732,4,37,5,20240226,,,,LinkedIn,Rejected,,
60,CAND000307,REQ8762,2,25,4,20240304,,,,Job Board,Rejected,,
61,CAND000245,REQ8333,2,25,1,20240305,,,,Company Website,Applied,,
62,CAND000415,REQ5936,8,4,3,20240306,,,,LinkedIn,Rejected,,
63,CAND000632,REQ6864,8,6,6,20240306,,,,LinkedIn,Rejected,,
64,CAND000004,REQ4455,1,17,2,20240307,20240327,20240405,20240409,Campus,Hired,16,33
65,CAND000283,REQ9792,3,33,1,20240308,,,,Agency,Rejected,,
66,CAND000166,REQ7677,1,19,6,20240309,20240319,,,Campus,Interviewed,,
67,CAND000119,REQ4847,4,37,5,20240310,20240318,20240326,20240523,Campus,Hired,522,74
68,CAND000125,REQ3772,3,31,6,20240310,20240316,20240319,20240517,LinkedIn,Hired,535,68
69,CAND000629,REQ5809,1,18,4,20240311,20240324,,,LinkedIn,Interviewed,,
70,CAND000697,REQ4472,7,30,3,20240311,,,,Job Board,Rejected,,
71,CAND000171,REQ1981,4,37,5,20240312,,,,Job Board,Rejected,,
72,CAND000396,REQ3776,6,7,1,20240312,,,,Agency,Rejected,,
73,CAND000317,REQ6274,7,29,5,20240317,20240329,,,Referral,Interviewed,,
74,CAND000685,REQ7677,2,25,3,20240318,,,,Job Board,Rejected,,
75,CAND000015,REQ4787,8,8,6,20240319,20240407,20240411,20240506,Job Board,Hired,60,48
76,CAND000588,REQ2602,2,24,5,20240319,20240407,,,Agency,Interviewed,,
77,CAND000168,REQ6672,7,30,1,20240320,20240404,,,Job Board,Interviewed,,
78,CAND000573,REQ1993,5,13,5,20240324,20240331,,,LinkedIn,Interviewed,,
79,CAND000678,REQ6311,7,29,5,20240325,20240417,20240429,,Company Website,Offered,,
80,CAND000111,REQ4555,8,9,5,20240326,20240415,20240424,20240417,Job Board,Hired,481,22
81,CAND000737,REQ6408,7,28,4,20240331,,,,Campus,Rejected,,
82,CAND000105,REQ3766,2,24,4,20240401,20240407,20240416,20240609,Job Board,Hired,461,69
83,CAND000301,REQ4652,3,32,5,20240402,20240415,20240419,,Job Board,Offered,,
84,CAND000155,REQ3983,1,19,3,20240403,,,,Agency,Rejected,,
85,CAND000574,REQ4156,8,4,3,20240403,,,,Job Board,Applied,,
86,CAND000139,REQ3520,1,17,1,20240404,20240422,20240429,20240617,Job Board,Hired,578,74
87,CAND000732,REQ3341,7,29,5,20240405,,,,Company Website,Applied,,
88,CAND000256,REQ3257,8,8,6,20240407,20240415,,,Company Website,Interviewed,,
89,CAND000551,REQ3498,4,39,5,20240407,,,,Referral,Applied,,
90,CAND000157,REQ3880,3,34,3,20240408,20240414,,,Referral,Interviewed,,
91,CAND000553,REQ5943,1,17,1,20240408,,,,Referral,Applied,,
92,CAND000386,REQ9706,2,22,6,20240409,,,,Job Board,Rejected,,
93,CAND000014,REQ3172,8,9,2,20240410,20240420,20240425,20240610,Agency,Hired,58,61
94,CAND000434,REQ3249,1,20,5,20240410,20240416,,,Job Board,Interviewed,,
95,CAND000445,REQ8042,8,4,1,20240411,20240502,,,Referral,Interviewed,,
96,CAND000347,REQ8185,4,39,1,20240412,,,,Job Board,Rejected,,
97,CAND000529,REQ3228,2,22,5,20240412,,,,Agency,Applied,,
98,CAND000542,REQ4648,5,13,1,20240413,,,,Agency,Rejected,,
99,CAND000082,REQ1226,5,11,5,20240414,20240424,20240505,20240611,Agency,Hired,373,58
100,CAND000713,REQ8426,4,39,5,20240415,20240422,20240428,,Referral,Offered,,
101,CAND000228,REQ6865,3,32,5,20240416,,,,Job Board,Rejected,,
102,CAND000169,REQ2994,8,9,6,20240417,20240509,,,Job Board,Interviewed,,
103,CAND000609,REQ2988,4,37,6,20240420,,,,LinkedIn,Rejected,,
104,CAND000699,REQ3559,8,8,4,20240420,,,,Agency,Rejected,,
105,CAND000326,REQ5372,7,29,5,20240421,,,,LinkedIn,Rejected,,
106,CAND000357,REQ9105,8,4,5,20240422,20240503,,,Job Board,Interviewed,,
107,CAND000297,REQ6828,6,3,5,20240423,20240511,,,Referral,Interviewed,,
108,CAND000354,REQ6056,5,13,1,20240427,,,,Company Website,Rejected,,
109,CAND000370,REQ3972,8,8,6,20240427,20240511,20240515,,Agency,Offered,,
110,CAND000073,REQ2123,7,28,3,20240428,20240514,20240527,20240703,Job Board,Hired,328,66
111,CAND000302,REQ4797,7,29,3,20240428,,,,Job Board,Rejected,,
112,CAND000490,REQ6542,2,24,5,20240428,,,,LinkedIn,Rejected,,
113,CAND000642,REQ7390,8,6,3,20240428,20240506,,,Referral,Interviewed,,
114,CAND000738,REQ2027,7,27,2,20240428,,,,Job Board,Applied,,
115,CAND000071,REQ2637,1,17,5,20240430,20240510,20240515,20240619,Job Board,Hired,317,50
116,CAND000692,REQ3894,1,18,5,20240501,20240514,,,Referral,Interviewed,,
117,CAND000431,REQ7458,1,19,5,20240502,20240507,20240510,,Job Board,Offered,,
118,CAND000627,REQ6718,8,9,2,20240503,,,,Job Board,Rejected,,
119,CAND000739,REQ4959,4,40,5,20240504,20240513,,,Referral,Interviewed,,
120,CAND000072,REQ4591,7,29,6,20240516,20240601,20240607,20240727,Company Website,Hired,322,72
121,CAND000717,REQ7299,8,6,2,20240516,20240523,,,Agency,Interviewed,,
122,CAND000705,REQ1503,4,39,3,20240517,,,,Company Website,Applied,,
123,CAND000247,REQ2304,8,8,5,20240518,20240524,20240601,,Referral,Offered,,
124,CAND000417,REQ7134,7,27,6,20240518,,,,Campus,Rejected,,
125,CAND000444,REQ1774,5,12,5,20240518,,,,Job Board,Rejected,,
126,CAND000177,REQ1515,5,13,5,20240522,20240527,,,Job Board,Interviewed,,
127,CAND000381,REQ1803,4,40,6,20240523,,,,LinkedIn,Rejected,,
128,CAND000039,REQ6201,4,39,6,20240529,20240607,20240616,20240620,Campus,Hired,140,22
129,CAND000554,REQ3750,4,40,6,20240530,,,,LinkedIn,Applied,,
130,CAND000055,REQ6344,4,37,2,20240531,20240613,20240621,20240709,Job Board,Hired,219,39
131,CAND000078,REQ9621,6,3,5,20240601,20240619,20240628,20240723,Job Board,Hired,368,52
132,CAND000441,REQ9133,2,24,6,20240602,20240614,,,Job Board,Interviewed,,
133,CAND000327,REQ7299,4,39,1,20240606,,,,Referral,Rejected,,
134,CAND000091,REQ1613,1,19,5,20240610,20240621,20240703,20240809,LinkedIn,Hired,417,60
135,CAND000205,REQ3010,6,3,5,20240612,,,,Referral,Rejected,,
136,CAND000373,REQ9827,1,18,1,20240612,20240705,,,Referral,Interviewed,,
137,CAND000389,REQ6248,4,39,1,20240613,20240620,,,Agency,Interviewed,,
138,CAND000094,REQ4052,4,37,5,20240614,20240619,20240702,20240714,Agency,Hired,435,30
139,CAND000232,REQ3297,4,40,3,20240616,20240623,20240629,,Agency,Offered,,
140,CAND000336,REQ6500,1,17,1,20240616,,,,Company Website,Rejected,,
141,CAND000108,REQ9977,8,2,2,20240618,20240707,20240719,20240812,Job Board,Hired,470,55
142,CAND000419,REQ6267,7,27,2,20240618,,,,LinkedIn,Applied,,
143,CAND000173,REQ4421,2,25,5,20240621,20240714,20240722,,Job Board,Offered,,
144,CAND000188,REQ1513,7,29,4,20240621,,,,Job Board,Rejected,,
145,CAND000161,REQ3424,8,8,2,20240622,20240714,,,Agency,Interviewed,,
146,CAND000458,REQ8067,4,37,5,20240624,20240704,20240714,,Referral,Offered,,
147,CAND000624,REQ3539,6,7,6,20240625,,,,Referral,Applied,,
148,CAND000128,REQ3707,8,8,5,20240626,20240701,20240706,20240815,Job Board,Hired,541,50
149,CAND000363,REQ4449,7,29,6,20240629,20240708,,,Referral,Interviewed,,
150,CAND000563,REQ4179,1,19,6,20240629,,,,Referral,Rejected,,
151,CAND000316,REQ7998,5,11,5,20240630,20240705,,,Company Website,Interviewed,,
152,CAND000522,REQ4400,6,7,5,20240701,20240710,,,Job Board,Interviewed,,
153,CAND000085,REQ7647,7,28,3,20240706,20240724,20240804,20240904,LinkedIn,Hired,384,60
154,CAND000110,REQ9708,8,8,1,20240706,20240727,20240802,20240820,Job Board,Hired,473,45
155,CAND000487,REQ9945,1,17,1,20240707,,,,LinkedIn,Rejected,,
156,CAND000696,REQ4970,8,8,5,20240707,20240727,20240809,,Job Board,Offered,,
157,CAND000074,REQ6192,1,17,6,20240710,20240725,20240728,20240910,Agency,Hired,348,62
158,CAND000566,REQ8078,4,40,6,20240712,,,,Referral,Rejected,,
159,CAND000260,REQ8000,8,4,5,20240713,,,,Referral,Applied,,
160,CAND000400,REQ4422,7,29,6,20240715,,,,Agency,Rejected,,
161,CAND000593,REQ1533,8,8,6,20240715,,,,LinkedIn,Rejected,,
162,CAND000140,REQ5008,8,8,5,20240716,20240726,20240806,20240920,Job Board,Hired,581,66
163,CAND000254,REQ2496,3,31,6,20240719,20240727,,,Company Website,Interviewed,,
164,CAND000454,REQ2950,4,40,1,20240722,20240812,,,LinkedIn,Interviewed,,
165,CAND000710,REQ9574,4,38,5,20240724,20240730,20240812,,Job Board,Offered,,
166,CAND000729,REQ5694,4,39,4,20240724,20240731,20240804,,LinkedIn,Offered,,
167,CAND000178,REQ2563,4,40,2,20240726,,,,LinkedIn,Applied,,
168,CAND000325,REQ3597,4,39,4,20240727,,,,Referral,Applied,,
169,CAND000142,REQ4405,7,29,1,20240728,20240812,20240821,20240824,LinkedIn,Hired,594,27
170,CAND000503,REQ1257,4,39,2,20240728,,,,Campus,Rejected,,
171,CAND000269,REQ2377,5,11,2,20240729,,,,Referral,Applied,,
172,CAND000591,REQ9051,7,29,1,20240729,,,,LinkedIn,Rejected,,
173,CAND000680,REQ8373,7,30,6,20240801,20240817,,,Job Board,Interviewed,,
174,CAND000236,REQ1698,2,23,5,20240802,,,,Job Board,Rejected,,
175,CAND000019,REQ4758,8,8,3,20240808,20240828,20240831,20240928,Referral,Hired,74,51
176,CAND000623,REQ1033,7,28,1,20240809,,,,LinkedIn,Applied,,
177,CAND000103,REQ6665,7,29,5,20240810,20240824,20240831,20240905,Campus,Hired,459,26
178,CAND000714,REQ9178,4,39,1,20240812,,,,Company Website,Rejected,,
179,CAND000502,REQ9555,2,23,5,20240813,20240828,,,Agency,Interviewed,,
180,CAND000277,REQ9174,8,8,4,20240814,20240823,20240829,,Job Board,Offered,,
181,CAND000266,REQ6834,2,24,1,20240815,20240828,20240903,,LinkedIn,Offered,,
182,CAND000534,REQ8949,8,4,1,20240815,20240826,,,LinkedIn,Interviewed,,
183,CAND000358,REQ6687,4,37,6,20240816,,,,Company Website,Applied,,
184,CAND000049,REQ1565,1,17,3,20240818,20240827,20240830,20241023,Referral,Hired,186,66
185,CAND000397,REQ8256,7,27,5,20240818,,,,Company Website,Rejected,,
186,CAND000649,REQ3658,8,4,4,20240819,20240828,20240910,,Job Board,Offered,,
187,CAND000044,REQ1443,7,29,6,20240824,20240912,20240917,20240918,Campus,Hired,164,25
188,CAND000743,REQ5930,2,24,1,20240827,20240912,,,Referral,Interviewed,,
189,CAND000101,REQ2738,1,20,1,20240829,20240907,20240916,20240925,LinkedIn,Hired,456,27
190,CAND000472,REQ8509,6,3,2,20240829,,,,Job Board,Applied,,
191,CAND000064,REQ2768,1,20,1,20240831,20240916,20240921,20241015,LinkedIn,Hired,268,45
192,CAND000384,REQ6480,7,29,5,20240831,,,,Job Board,Rejected,,
193,CAND000035,REQ3016,1,20,5,20240901,20240910,20240917,20240920,LinkedIn,Hired,129,19
194,CAND000096,REQ7004,7,27,5,20240902,20240918,20240929,20241026,Campus,Hired,442,54
195,CAND000259,REQ6077,7,29,3,20240902,20240919,,,Agency,Interviewed,,
196,CAND000133,REQ3318,3,34,3,20240903,20240920,20240927,20241111,Referral,Hired,550,69
197,CAND000303,REQ3287,4,37,3,20240903,,,,Company Website,Applied,,
198,CAND000298,REQ7386,7,27,3,20240907,,,,Job Board,Rejected,,
199,CAND000240,REQ1027,8,4,6,20240908,20240923,,,Job Board,Interviewed,,
200,CAND000264,REQ2800,7,30,1,20240909,,,,Company Website,Applied,,
201,CAND000423,REQ9580,1,19,1,20240909,20240919,20241002,,Job Board,Offered,,
202,CAND000031,REQ8417,1,19,1,20240910,20240929,20241007,20241116,Job Board,Hired,112,67
203,CAND000726,REQ3104,6,3,1,20240910,20240922,,,LinkedIn,Interviewed,,
204,CAND000127,REQ3103,7,30,3,20240911,20240925,20240930,20241026,Job Board,Hired,539,45
205,CAND000194,REQ3277,7,29,1,20240911,20240925,,,Job Board,Interviewed,,
206,CAND000346,REQ4203,3,34,4,20240911,,,,Job Board,Applied,,
207,CAND000385,REQ1029,5,13,1,20240911,,,,Company Website,Rejected,,
208,CAND000343,REQ4663,7,29,2,20240912,20240928,,,Agency,Interviewed,,
209,CAND000667,REQ9238,4,37,5,20240913,20241007,,,Company Website,Interviewed,,
210,CAND000233,REQ7187,7,26,5,20240916,,,,Campus,Applied,,
211,CAND000058,REQ7720,1,18,5,20240917,20240925,20241003,20241102,Referral,Hired,226,46
212,CAND000523,REQ4776,4,40,6,20240917,,,,LinkedIn,Applied,,
213,CAND000368,REQ9384,4,37,1,20240918,20241008,,,Job Board,Interviewed,,
214,CAND000160,REQ5214,1,18,2,20240921,,,,Agency,Rejected,,
215,CAND000734,REQ1722,3,34,5,20240923,20241017,,,Job Board,Interviewed,,
216,CAND000227,REQ2574,8,8,6,20240925,,,,Company Website,Rejected,,
217,CAND000440,REQ4218,7,27,1,20240927,20241018,,,Job Board,Interviewed,,
218,CAND000498,REQ1562,1,20,5,20240927,,,,Agency,Rejected,,
219,CAND000709,REQ1746,8,4,5,20240927,,,,Company Website,Rejected,,
220,CAND000310,REQ3811,8,8,3,20240930,,,,Company Website,Rejected,,
221,CAND000323,REQ7537,7,30,5,20240930,,,,Agency,Rejected,,
222,CAND000592,REQ1278,7,27,3,20241003,20241012,20241021,,LinkedIn,Offered,,
223,CAND000184,REQ7213,8,6,2,20241004,20241014,,,Company Website,Interviewed,,
224,CAND000267,REQ4331,7,30,2,20241004,,,,Job Board,Rejected,,
225,CAND000048,REQ8215,8,8,6,20241006,20241026,20241103,20241212,Job Board,Hired,185,67
226,CAND000391,REQ7713,4,37,5,20241006,20241019,20241023,,Job Board,Offered,,
227,CAND000509,REQ7308,7,30,2,20241006,,,,Company Website,Applied,,
228,CAND000251,REQ1072,8,9,5,20241007,,,,Job Board,Rejected,,
229,CAND000665,REQ4754,5,13,5,20241009,20241101,,,LinkedIn,Interviewed,,
230,CAND000536,REQ2177,5,11,6,20241010,,,,Referral,Applied,,
231,CAND000442,REQ1477,5,14,3,20241011,20241017,20241028,,Referral,Offered,,
232,CAND000668,REQ5341,7,30,6,20241012,20241105,,,LinkedIn,Interviewed,,
233,CAND000255,REQ6567,1,19,5,20241013,,,,LinkedIn,Rejected,,
234,CAND000450,REQ3139,4,38,5,20241013,,,,Job Board,Rejected,,
235,CAND000299,REQ7650,6,7,4,20241014,,,,Agency,Rejected,,
236,CAND000545,REQ1650,8,9,3,20241015,,,,Referral,Rejected,,
237,CAND000712,REQ6672,6,7,3,20241015,,,,Referral,Rejected,,
238,CAND000102,REQ7321,8,9,1,20241016,20241031,20241109,20241223,Agency,Hired,458,68
239,CAND000348,REQ8222,3,33,6,20241017,,,,Campus,Applied,,
240,CAND000432,REQ3612,4,36,5,20241017,20241107,20241114,,Referral,Offered,,
241,CAND000635,REQ3843,6,7,1,20241017,,,,LinkedIn,Rejected,,
242,CAND000605,REQ9715,8,4,5,20241019,20241104,,,Campus,Interviewed,,
243,CAND000643,REQ3278,8,6,1,20241020,,,,Referral,Rejected,,
244,CAND000517,REQ1479,1,19,2,20241021,,,,Agency,Rejected,,
245,CAND000235,REQ1257,6,3,6,20241022,20241112,,,Job Board,Interviewed,,
246,CAND000069,REQ5478,2,22,6,20241023,20241030,20241107,20241230,LinkedIn,Hired,313,68
247,CAND000375,REQ8439,6,7,5,20241023,,,,Referral,Rejected,,
248,CAND000016,REQ9702,1,17,5,20241024,20241112,20241117,20241214,Referral,Hired,66,51
249,CAND000023,REQ7488,8,8,5,20241024,20241112,20241117,20241124,Company Website,Hired,87,31
250,CAND000042,REQ8902,1,19,2,20241024,20241104,20241109,20241124,LinkedIn,Hired,146,31
251,CAND000013,REQ6178,4,40,6,20241026,20241103,20241114,20241113,Job Board,Hired,57,18
252,CAND000189,REQ9014,1,20,3,20241027,,,,Company Website,Rejected,,
253,CAND000250,REQ2487,7,29,1,20241027,,,,Company Website,Rejected,,
254,CAND000060,REQ1162,8,9,5,20241028,20241108,20241116,20241207,Agency,Hired,234,40
255,CAND000261,REQ8983,4,37,1,20241031,20241121,,,LinkedIn,Interviewed,,
256,CAND000395,REQ2844,8,4,2,20241031,20241121,,,Campus,Interviewed,,
257,CAND000057,REQ6660,4,40,2,20241101,20241113,20241120,20241228,Job Board,Hired,223,57
258,CAND000675,REQ6343,8,8,3,20241101,,,,Campus,Applied,,
259,CAND000145,REQ6673,3,34,5,20241103,,,,LinkedIn,Rejected,,
260,CAND000504,REQ1125,1,17,4,20241103,,,,Referral,Rejected,,
261,CAND000028,REQ8182,6,7,5,20241105,20241122,20241205,20241202,Job Board,Hired,103,27
262,CAND000335,REQ9654,3,31,6,20241105,20241117,20241128,,Campus,Offered,,
263,CAND000122,REQ7804,1,18,6,20241106,20241118,20241127,20250111,Campus,Hired,527,66
264,CAND000154,REQ2142,8,9,1,20241106,20241127,,,Job Board,Interviewed,,
265,CAND000200,REQ6561,4,37,4,20241106,,,,Job Board,Rejected,,
266,CAND000374,REQ6887,5,14,5,20241110,,,,Referral,Rejected,,
267,CAND000320,REQ7627,2,24,6,20241111,20241128,,,LinkedIn,Interviewed,,
268,CAND000050,REQ8816,7,30,3,20241114,20241119,20241126,20241209,LinkedIn,Hired,194,25
269,CAND000676,REQ3413,7,27,1,20241116,,,,Agency,Rejected,,
270,CAND000555,REQ2630,2,25,6,20241117,,,,Job Board,Rejected,,
271,CAND000742,REQ3660,1,19,4,20241117,20241202,20241211,,Referral,Offered,,
272,CAND000274,REQ7337,4,37,1,20241119,,,,Job Board,Rejected,,
273,CAND000286,REQ3130,3,33,5,20241119,,,,LinkedIn,Applied,,
274,CAND000480,REQ3262,8,6,6,20241119,20241207,,,Referral,Interviewed,,
275,CAND000533,REQ4748,8,8,1,20241120,20241209,,,Job Board,Interviewed,,
276,CAND000332,REQ9654,7,29,5,20241123,20241215,20241223,,LinkedIn,Offered,,
277,CAND000652,REQ8825,7,29,5,20241125,,,,Referral,Rejected,,
278,CAND000121,REQ5303,2,24,1,20241202,20241214,20241221,20250207,LinkedIn,Hired,526,67
279,CAND000246,REQ6108,8,8,6,20241202,20241211,20241221,,Job Board,Offered,,
280,CAND000047,REQ7065,7,30,1,20241206,20241211,20241215,20241226,LinkedIn,Hired,182,20
281,CAND000098,REQ4838,7,30,5,20241207,20241219,20241224,20250202,Job Board,Hired,446,57
282,CAND000448,REQ4410,7,30,5,20241207,,,,Referral,Rejected,,
283,CAND000646,REQ5261,7,30,1,20241207,20241227,20250102,,LinkedIn,Offered,,
284,CAND000670,REQ7989,4,37,5,20241207,,,,Job Board,Rejected,,
285,CAND000550,REQ2169,8,6,2,20241210,,,,LinkedIn,Rejected,,
286,CAND000557,REQ2129,8,8,6,20241210,20241223,,,Referral,Interviewed,,
287,CAND000644,REQ6233,7,29,6,20241214,,,,Job Board,Rejected,,
288,CAND000080,REQ8866,7,27,1,20241218,20241225,20241231,20250206,Job Board,Hired,371,50
289,CAND000622,REQ3432,1,20,6,20241218,,,,LinkedIn,Rejected,,
290,CAND000312,REQ1331,3,33,3,20241220,20241227,20250105,,Job Board,Offered,,
291,CAND000118,REQ3520,6,3,1,20241221,20250106,20250109,20250206,Company Website,Hired,511,47
292,CAND000612,REQ4681,1,19,5,20241221,,,,LinkedIn,Applied,,
293,CAND000083,REQ3427,6,7,6,20241222,20241229,20250101,20250209,Referral,Hired,381,49
294,CAND000599,REQ7265,7,28,3,20241223,,,,Agency,Rejected,,
295,CAND000226,REQ2403,1,17,3,20241225,,,,Referral,Rejected,,
296,CAND000546,REQ7986,8,4,1,20241226,,,,Job Board,Rejected,,
297,CAND000172,REQ5785,8,8,5,20241228,,,,Company Website,Rejected,,
298,CAND000621,REQ4192,3,34,6,20241228,,,,LinkedIn,Rejected,,
299,CAND000296,REQ7564,4,39,5,20241230,,,,Agency,Rejected,,
300,CAND000034,REQ6089,7,28,1,20241231,20250121,20250128,20250208,Job Board,Hired,119,39
301,CAND000141,REQ3345,7,28,1,20241231,20250113,20250121,20250124,Agency,Hired,582,24
302,CAND000152,REQ7535,7,30,2,20250101,,,,Agency,Applied,,
303,CAND000204,REQ9267,6,10,6,20250102,,,,LinkedIn,Rejected,,
304,CAND000483,REQ9007,2,22,6,20250102,,,,Job Board,Applied,,
305,CAND000569,REQ4719,1,17,5,20250102,20250111,20250120,,Job Board,Offered,,
306,CAND000421,REQ9722,4,37,6,20250103,20250125,20250129,,LinkedIn,Offered,,
307,CAND000041,REQ6306,8,9,2,20250106,20250116,20250127,20250211,Agency,Hired,144,36
308,CAND000406,REQ1422,7,27,2,20250108,20250115,,,LinkedIn,Interviewed,,
309,CAND000436,REQ7319,8,8,3,20250109,,,,Referral,Rejected,,
310,CAND000040,REQ8316,5,12,5,20250110,20250120,20250127,20250214,LinkedIn,Hired,141,35
311,CAND000238,REQ3217,8,8,5,20250110,20250129,,,Agency,Interviewed,,
312,CAND000362,REQ9538,8,9,5,20250110,,,,Agency,Applied,,
313,CAND000422,REQ4046,3,31,1,20250111,20250123,,,Job Board,Interviewed,,
314,CAND000088,REQ8423,2,22,3,20250112,20250202,20250206,20250224,Referral,Hired,405,43
315,CAND000107,REQ5996,6,5,2,20250113,20250127,20250207,20250224,LinkedIn,Hired,469,42
316,CAND000322,REQ3624,8,4,1,20250115,,,,Job Board,Rejected,,
317,CAND000289,REQ4298,1,20,5,20250116,,,,Referral,Applied,,
318,CAND000318,REQ2507,7,30,4,20250119,,,,Agency,Rejected,,
319,CAND000342,REQ3007,6,3,5,20250120,20250204,,,Job Board,Interviewed,,
320,CAND000390,REQ6486,2,23,3,20250120,20250203,,,LinkedIn,Interviewed,,
321,CAND000408,REQ7256,8,8,5,20250120,20250203,,,Company Website,Interviewed,,
322,CAND000559,REQ7867,7,28,1,20250120,,,,Agency,Rejected,,
323,CAND000674,REQ8205,4,38,5,20250122,,,,Job Board,Rejected,,
324,CAND000501,REQ5162,5,14,4,20250123,,,,LinkedIn,Rejected,,
325,CAND000475,REQ9664,2,25,4,20250125,20250207,,,LinkedIn,Interviewed,,
326,CAND000024,REQ7842,3,31,2,20250127,20250216,20250219,20250325,LinkedIn,Hired,93,57
327,CAND000333,REQ9639,4,40,1,20250128,,,,LinkedIn,Applied,,
328,CAND000661,REQ9520,6,7,1,20250129,,,,Agency,Rejected,,
329,CAND000508,REQ7342,6,3,3,20250130,20250220,20250224,,Agency,Offered,,
330,CAND000062,REQ7246,8,4,1,20250131,20250212,20250220,20250221,Job Board,Hired,259,21
331,CAND000003,REQ8022,3,33,4,20250201,20250210,20250215,20250301,Job Board,Hired,15,28
332,CAND000356,REQ8267,7,27,6,20250202,,,,Campus,Rejected,,
333,CAND000584,REQ7121,3,32,6,20250202,20250207,20250214,,Job Board,Offered,,
334,CAND000006,REQ5338,7,26,1,20250203,20250222,20250301,20250401,Company Website,Hired,24,57
335,CAND000590,REQ1975,2,25,4,20250203,,,,Referral,Applied,,
336,CAND000606,REQ2810,1,19,6,20250203,20250225,,,Job Board,Interviewed,,
337,CAND000651,REQ7598,8,8,4,20250204,20250215,20250225,,Agency,Offered,,
338,CAND000207,REQ8208,7,29,4,20250205,,,,Job Board,Applied,,
339,CAND000334,REQ8354,7,29,5,20250205,20250215,,,Agency,Interviewed,,
340,CAND000695,REQ7507,1,17,2,20250205,,,,LinkedIn,Rejected,,
341,CAND000199,REQ3390,5,13,2,20250206,20250222,,,Job Board,Interviewed,,
342,CAND000465,REQ4189,6,3,1,20250206,,,,Company Website,Applied,,
343,CAND000350,REQ1180,8,6,1,20250210,,,,Referral,Applied,,
344,CAND000113,REQ7124,4,39,5,20250211,20250226,20250302,20250402,LinkedIn,Hired,496,50
345,CAND000679,REQ6913,1,18,5,20250214,20250227,,,LinkedIn,Interviewed,,
346,CAND000349,REQ3579,6,10,1,20250216,20250309,,,LinkedIn,Interviewed,,
347,CAND000258,REQ3036,1,17,1,20250217,20250227,,,Job Board,Interviewed,,
348,CAND000537,REQ8799,6,7,1,20250219,20250308,,,Referral,Interviewed,,
349,CAND000021,REQ7683,1,19,1,20250222,20250303,20250314,20250420,LinkedIn,Hired,82,57
350,CAND000293,REQ6765,7,27,5,20250223,,,,LinkedIn,Rejected,,
351,CAND000614,REQ8335,2,24,5,20250223,,,,LinkedIn,Rejected,,
352,CAND000495,REQ6423,1,20,5,20250224,,,,Referral,Applied,,
353,CAND000126,REQ3188,1,19,3,20250301,20250316,20250322,20250427,Job Board,Hired,536,57
354,CAND000010,REQ9490,5,11,5,20250304,20250323,20250402,20250516,Job Board,Hired,43,73
355,CAND000641,REQ1926,4,37,5,20250305,20250318,,,Referral,Interviewed,,
356,CAND000681,REQ4361,8,8,6,20250306,20250311,,,Job Board,Interviewed,,
357,CAND000029,REQ2201,4,40,6,20250308,20250324,20250328,20250404,Job Board,Hired,105,27
358,CAND000723,REQ4502,4,39,4,20250308,,,,Agency,Rejected,,
359,CAND000198,REQ2454,2,22,2,20250309,20250328,20250405,,Job Board,Offered,,
360,CAND000544,REQ1282,3,34,5,20250309,,,,Job Board,Rejected,,
361,CAND000426,REQ7139,4,40,6,20250312,,,,Job Board,Rejected,,
362,CAND000203,REQ6232,8,8,3,20250314,,,,LinkedIn,Rejected,,
363,CAND000671,REQ7491,4,39,5,20250314,20250321,,,Agency,Interviewed,,
364,CAND000607,REQ6946,2,22,5,20250316,20250331,,,Job Board,Interviewed,,
365,CAND000211,REQ7414,5,13,4,20250317,20250404,,,Job Board,Interviewed,,
366,CAND000412,REQ1722,2,24,4,20250318,,,,LinkedIn,Rejected,,
367,CAND000280,REQ1868,8,8,6,20250320,,,,LinkedIn,Rejected,,
368,CAND000666,REQ5469,6,10,2,20250320,20250408,,,Company Website,Interviewed,,
369,CAND000291,REQ8743,8,8,6,20250321,20250414,,,Job Board,Interviewed,,
370,CAND000673,REQ7470,8,9,4,20250322,20250405,,,Agency,Interviewed,,
371,CAND000120,REQ5729,4,40,4,20250324,20250402,20250415,20250513,Job Board,Hired,523,50
372,CAND000243,REQ1548,8,9,2,20250324,,,,LinkedIn,Rejected,,
373,CAND000193,REQ5679,8,8,1,20250325,20250331,20250410,,Agency,Offered,,
374,CAND000150,REQ1618,4,37,5,20250326,20250416,,,Job Board,Interviewed,,
375,CAND000677,REQ7550,7,26,1,20250326,20250331,,,Agency,Interviewed,,
376,CAND000730,REQ1467,6,3,1,20250326,,,,Job Board,Applied,,
377,CAND000496,REQ2867,8,6,1,20250327,,,,LinkedIn,Applied,,
378,CAND000231,REQ8575,1,20,3,20250328,20250406,,,Job Board,Interviewed,,
379,CAND000268,REQ8916,5,13,5,20250328,,,,Referral,Rejected,,
380,CAND000365,REQ7435,3,33,4,20250330,,,,Referral,Rejected,,
381,CAND000526,REQ7394,1,19,5,20250330,,,,Company Website,Rejected,,
382,CAND000689,REQ2009,7,27,5,20250401,20250424,,,LinkedIn,Interviewed,,
383,CAND000001,REQ4783,3,33,3,20250405,20250424,20250503,20250502,Campus,Hired,10,27
384,CAND000464,REQ3695,8,4,6,20250406,,,,Referral,Rejected,,
385,CAND000387,REQ4372,7,27,5,20250407,,,,Job Board,Rejected,,
386,CAND000117,REQ8504,6,7,1,20250410,20250417,20250422,20250505,LinkedIn,Hired,508,25
387,CAND000053,REQ7915,1,20,3,20250411,20250427,20250501,20250611,LinkedIn,Hired,210,61
388,CAND000493,REQ6090,2,25,1,20250412,,,,Job Board,Rejected,,
389,CAND000576,REQ6561,7,29,6,20250414,,,,LinkedIn,Applied,,
390,CAND000324,REQ1706,5,14,6,20250415,,,,Agency,Rejected,,
391,CAND000510,REQ9238,8,2,5,20250415,20250505,,,Job Board,Interviewed,,
392,CAND000339,REQ1299,8,9,3,20250416,,,,LinkedIn,Applied,,
393,CAND000089,REQ6873,8,8,5,20250419,20250430,20250512,20250701,LinkedIn,Hired,411,73
394,CAND000084,REQ2557,6,3,2,20250424,20250508,20250517,20250531,Job Board,Hired,382,37
395,CAND000306,REQ6520,4,40,5,20250425,,,,LinkedIn,Rejected,,
396,CAND000579,REQ7939,8,4,6,20250426,,,,Job Board,Rejected,,
397,CAND000137,REQ4250,4,38,1,20250427,20250506,20250514,20250708,Job Board,Hired,571,72
398,CAND000210,REQ4244,1,20,2,20250427,,,,Company Website,Applied,,
399,CAND000690,REQ4920,1,18,6,20250428,20250511,,,Job Board,Interviewed,,
400,CAND000388,REQ8108,2,25,5,20250501,,,,LinkedIn,Rejected,,
401,CAND000653,REQ5000,4,40,4,20250504,,,,Agency,Applied,,
402,CAND000704,REQ4246,4,40,2,20250504,20250509,20250515,,Job Board,Offered,,
403,CAND000011,REQ9613,4,37,5,20250507,20250524,20250529,20250530,Job Board,Hired,48,23
404,CAND000683,REQ1519,7,30,4,20250511,,,,Referral,Applied,,
405,CAND000025,REQ6103,4,39,1,20250512,20250522,20250602,20250614,Agency,Hired,97,33
406,CAND000022,REQ3253,1,20,5,20250515,20250521,20250602,20250709,LinkedIn,Hired,84,55
407,CAND000741,REQ2463,7,27,6,20250519,,,,LinkedIn,Rejected,,
408,CAND000054,REQ7224,2,24,5,20250522,20250610,20250613,20250628,Agency,Hired,212,37
409,CAND000244,REQ5860,1,20,6,20250522,,,,Referral,Rejected,,
410,CAND000159,REQ3763,8,8,1,20250524,,,,Job Board,Rejected,,
411,CAND000535,REQ4001,3,31,6,20250524,20250601,,,Referral,Interviewed,,
412,CAND000220,REQ2448,5,15,4,20250525,20250604,,,Company Website,Interviewed,,
413,CAND000114,REQ6999,8,8,4,20250526,20250610,20250615,20250709,Campus,Hired,500,44
414,CAND000249,REQ1430,1,18,5,20250528,,,,Job Board,Rejected,,
415,CAND000410,REQ6890,7,29,3,20250528,,,,LinkedIn,Rejected,,
416,CAND000008,REQ3765,1,19,6,20250529,20250610,20250615,20250723,Job Board,Hired,31,55
417,CAND000265,REQ1238,1,19,5,20250529,,,,LinkedIn,Applied,,
418,CAND000149,REQ1592,7,29,4,20250530,,,,Job Board,Rejected,,
419,CAND000511,REQ2721,6,5,1,20250531,20250617,,,LinkedIn,Interviewed,,
420,CAND000276,REQ7885,1,20,3,20250601,20250615,,,LinkedIn,Interviewed,,
421,CAND000647,REQ7033,7,27,6,20250601,20250614,20250625,,Referral,Offered,,
422,CAND000628,REQ8317,3,33,5,20250606,,,,LinkedIn,Applied,,
423,CAND000239,REQ3433,8,4,1,20250608,,,,Referral,Rejected,,
424,CAND000352,REQ7039,7,30,5,20250609,20250620,,,LinkedIn,Interviewed,,
425,CAND000658,REQ5108,1,17,5,20250610,,,,LinkedIn,Rejected,,
426,CAND000402,REQ3111,4,40,2,20250613,,,,Job Board,Applied,,
427,CAND000558,REQ5379,4,39,5,20250613,,,,Job Board,Applied,,
428,CAND000708,REQ5651,8,8,1,20250615,20250626,,,Job Board,Interviewed,,
429,CAND000319,REQ2195,2,22,5,20250616,,,,Company Website,Rejected,,
430,CAND000290,REQ2252,7,29,6,20250619,,,,LinkedIn,Rejected,,
431,CAND000364,REQ1977,2,24,6,20250621,20250709,,,Agency,Interviewed,,
432,CAND000468,REQ5132,4,39,1,20250622,20250715,,,LinkedIn,Interviewed,,
433,CAND000672,REQ6671,4,37,1,20250622,,,,LinkedIn,Rejected,,
434,CAND000616,REQ7207,1,20,1,20250623,,,,Job Board,Rejected,,
435,CAND000595,REQ5738,8,4,6,20250624,,,,LinkedIn,Rejected,,
436,CAND000403,REQ9694,1,19,6,20250626,,,,Referral,Rejected,,
437,CAND000516,REQ4613,4,38,6,20250626,20250719,20250723,,Campus,Offered,,
438,CAND000294,REQ7265,6,5,1,20250627,,,,Agency,Rejected,,
439,CAND000132,REQ9592,2,24,4,20250628,20250714,20250717,20250819,Job Board,Hired,549,52
440,CAND000124,REQ7566,8,8,4,20250629,20250716,20250723,20250906,LinkedIn,Hired,534,69
441,CAND000331,REQ7654,6,7,2,20250629,20250713,,,Job Board,Interviewed,,
442,CAND000604,REQ9637,7,29,1,20250629,,,,LinkedIn,Applied,,
443,CAND000046,REQ3069,8,4,4,20250630,20250706,20250717,20250825,Referral,Hired,177,56
444,CAND000038,REQ3885,1,20,3,20250701,20250708,20250716,20250910,Referral,Hired,137,71
445,CAND000284,REQ9512,8,9,6,20250701,20250719,20250728,,Job Board,Offered,,
446,CAND000213,REQ2194,8,4,5,20250702,20250722,,,Agency,Interviewed,,
447,CAND000393,REQ7936,6,3,5,20250702,20250710,,,Referral,Interviewed,,
448,CAND000272,REQ5694,1,17,1,20250703,,,,Referral,Rejected,,
449,CAND000379,REQ7938,1,19,1,20250703,,,,Job Board,Applied,,
450,CAND000065,REQ5814,8,8,1,20250704,20250723,20250802,20250725,Referral,Hired,277,21
451,CAND000222,REQ9844,8,8,3,20250705,,,,Job Board,Rejected,,
452,CAND000030,REQ9274,3,34,4,20250708,20250721,20250731,20250901,Referral,Hired,107,55
453,CAND000033,REQ4940,6,5,6,20250708,20250727,20250807,20250903,Agency,Hired,116,57
454,CAND000195,REQ7884,7,29,6,20250708,,,,Agency,Applied,,
455,CAND000353,REQ4117,3,32,5,20250708,,,,Job Board,Rejected,,
456,CAND000372,REQ5418,8,8,5,20250708,20250714,20250720,,Job Board,Offered,,
457,CAND000462,REQ1696,1,19,3,20250708,20250718,,,LinkedIn,Interviewed,,
458,CAND000234,REQ1872,6,3,3,20250712,,,,LinkedIn,Rejected,,
459,CAND000330,REQ1457,3,31,5,20250713,20250803,20250807,,Referral,Offered,,
460,CAND000499,REQ8281,8,8,3,20250713,20250718,20250725,,Job Board,Offered,,
461,CAND000435,REQ3293,2,22,2,20250714,,,,LinkedIn,Applied,,
462,CAND000093,REQ5465,8,4,3,20250720,20250809,20250822,20250819,Referral,Hired,429,30
463,CAND000181,REQ5194,7,30,6,20250720,,,,Job Board,Rejected,,
464,CAND000600,REQ7450,6,10,6,20250720,,,,Job Board,Rejected,,
465,CAND000722,REQ2142,2,24,5,20250721,20250808,,,Company Website,Interviewed,,
466,CAND000218,REQ5093,6,10,5,20250723,,,,LinkedIn,Rejected,,
467,CAND000413,REQ2276,4,39,4,20250723,,,,Agency,Rejected,,
468,CAND000425,REQ1714,3,31,5,20250724,,,,LinkedIn,Applied,,
469,CAND000070,REQ3990,2,23,2,20250725,20250806,20250809,20250814,LinkedIn,Hired,314,20
470,CAND000170,REQ7998,4,38,5,20250725,20250806,20250818,,LinkedIn,Offered,,
471,CAND000237,REQ8240,4,39,5,20250726,,,,Referral,Applied,,
472,CAND000409,REQ9770,4,37,1,20250726,,,,Campus,Rejected,,
473,CAND000521,REQ7631,3,33,4,20250727,,,,Job Board,Rejected,,
474,CAND000138,REQ2428,7,27,4,20250729,20250811,20250823,20250927,LinkedIn,Hired,574,60
475,CAND000253,REQ2662,8,9,5,20250731,,,,Company Website,Rejected,,
476,CAND000527,REQ8883,4,40,5,20250731,,,,Campus,Applied,,
477,CAND000575,REQ7028,7,27,3,20250731,,,,Company Website,Rejected,,
478,CAND000398,REQ6697,8,6,5,20250802,20250821,,,LinkedIn,Interviewed,,
479,CAND000594,REQ6842,8,4,6,20250802,20250822,,,Referral,Interviewed,,
480,CAND000202,REQ3338,2,22,2,20250803,,,,Referral,Rejected,,
481,CAND000430,REQ6777,1,19,5,20250803,,,,LinkedIn,Rejected,,
482,CAND000473,REQ5687,2,24,1,20250803,,,,Referral,Rejected,,
483,CAND000639,REQ6223,4,37,6,20250804,20250821,,,Campus,Interviewed,,
484,CAND000383,REQ3588,6,7,3,20250805,20250829,,,Agency,Interviewed,,
485,CAND000449,REQ1325,1,19,6,20250805,20250811,20250823,,LinkedIn,Offered,,
486,CAND000479,REQ6393,6,3,4,20250805,20250815,20250827,,LinkedIn,Offered,,
487,CAND000740,REQ6741,8,8,3,20250805,,,,Job Board,Applied,,
488,CAND000512,REQ9546,3,31,3,20250806,,,,Job Board,Rejected,,
489,CAND000262,REQ1025,4,39,6,20250807,,,,Company Website,Rejected,,
490,CAND000018,REQ7214,5,11,4,20250808,20250821,20250902,20250924,LinkedIn,Hired,73,47
491,CAND000688,REQ3339,8,9,5,20250808,,,,Referral,Rejected,,
492,CAND000371,REQ4028,8,9,5,20250809,,,,LinkedIn,Rejected,,
493,CAND000460,REQ1223,7,27,1,20250810,,,,LinkedIn,Applied,,
494,CAND000066,REQ5176,8,6,4,20250811,20250818,20250823,20250829,LinkedIn,Hired,279,18
495,CAND000252,REQ8731,8,9,5,20250812,,,,Agency,Rejected,,
496,CAND000446,REQ6048,1,17,6,20250812,20250826,,,Agency,Interviewed,,
497,CAND000278,REQ8467,7,29,3,20250815,,,,Campus,Rejected,,
498,CAND000620,REQ1228,8,4,5,20250816,,,,Job Board,Rejected,,
499,CAND000275,REQ3144,2,24,5,20250820,20250901,,,LinkedIn,Interviewed,,
500,CAND000715,REQ2765,8,8,5,20250820,20250825,,,Referral,Interviewed,,
501,CAND000701,REQ3443,1,19,4,20250821,,,,Referral,Rejected,,
502,CAND000451,REQ6471,4,40,1,20250824,20250913,,,Job Board,Interviewed,,
503,CAND000087,REQ3459,7,27,1,20250825,20250914,20250920,20250922,LinkedIn,Hired,399,28
504,CAND000636,REQ4188,5,13,1,20250826,20250910,,,Agency,Interviewed,,
505,CAND000532,REQ3876,8,8,6,20250828,,,,LinkedIn,Applied,,
506,CAND000720,REQ6901,8,4,6,20250828,20250903,20250910,,LinkedIn,Offered,,
507,CAND000092,REQ3043,7,28,1,20250829,20250909,20250919,20251006,Campus,Hired,420,38
508,CAND000099,REQ9018,2,25,1,20250831,20250912,20250916,20250925,Campus,Hired,449,25
509,CAND000165,REQ9126,4,39,6,20250831,20250912,,,Job Board,Interviewed,,
510,CAND000488,REQ3453,7,29,6,20250902,20250917,,,Agency,Interviewed,,
511,CAND000581,REQ1506,5,15,5,20250904,,,,LinkedIn,Applied,,
512,CAND000520,REQ4505,7,28,5,20250907,20250915,,,Job Board,Interviewed,,
513,CAND000201,REQ4826,1,19,2,20250908,20250920,,,Job Board,Interviewed,,
514,CAND000733,REQ1320,7,28,5,20250908,,,,Referral,Rejected,,
515,CAND000162,REQ7987,3,31,5,20250909,,,,Job Board,Applied,,
516,CAND000466,REQ6134,3,33,5,20250909,,,,Job Board,Rejected,,
517,CAND000531,REQ9554,7,29,5,20250910,20250917,,,LinkedIn,Interviewed,,
518,CAND000338,REQ9968,1,17,1,20250913,20251006,,,Referral,Interviewed,,
519,CAND000156,REQ5471,2,22,1,20250914,20250921,,,Campus,Interviewed,,
520,CAND000416,REQ4336,3,34,5,20250915,,,,Agency,Rejected,,
521,CAND000659,REQ4004,6,7,6,20250916,,,,LinkedIn,Rejected,,
522,CAND000123,REQ7823,3,31,1,20250917,20250929,20251012,20251106,Referral,Hired,531,50
523,CAND000655,REQ2976,7,30,1,20250917,,,,Campus,Rejected,,
524,CAND000686,REQ7683,7,28,5,20250917,,,,LinkedIn,Applied,,
525,CAND000420,REQ7012,2,24,3,20250919,,,,Agency,Applied,,
526,CAND000562,REQ4215,1,20,6,20250919,,,,LinkedIn,Rejected,,
527,CAND000036,REQ7026,3,34,3,20250920,20251007,20251015,20251009,LinkedIn,Hired,131,19
528,CAND000104,REQ3768,7,28,2,20250921,20250930,20251008,20251112,LinkedIn,Hired,460,52
529,CAND000186,REQ5910,8,8,3,20250921,,,,Job Board,Rejected,,
530,CAND000702,REQ4684,7,26,5,20250922,,,,Referral,Rejected,,
531,CAND000230,REQ7724,8,8,4,20250924,20251007,20251013,,LinkedIn,Offered,,
532,CAND000506,REQ6825,4,40,6,20250924,,,,Referral,Applied,,
533,CAND000382,REQ4606,2,22,5,20250925,20250930,,,Job Board,Interviewed,,
534,CAND000183,REQ3422,2,23,5,20250926,20251006,,,Agency,Interviewed,,
535,CAND000602,REQ7316,6,3,1,20250926,,,,Job Board,Rejected,,
536,CAND000056,REQ2227,8,8,2,20250927,20251014,20251022,20251202,Referral,Hired,222,66
537,CAND000539,REQ9748,1,19,3,20251004,,,,LinkedIn,Rejected,,
538,CAND000703,REQ5458,2,24,1,20251005,20251025,,,LinkedIn,Interviewed,,
539,CAND000017,REQ6289,4,37,5,20251006,20251023,20251103,20251102,Agency,Hired,72,27
540,CAND000311,REQ1600,6,7,4,20251006,,,,LinkedIn,Applied,,
541,CAND000664,REQ8889,4,37,4,20251007,,,,Referral,Rejected,,
542,CAND000505,REQ3843,3,31,3,20251008,20251015,,,Job Board,Interviewed,,
543,CAND000682,REQ4159,8,8,5,20251010,,,,LinkedIn,Rejected,,
544,CAND000727,REQ4314,6,3,4,20251010,,,,LinkedIn,Rejected,,
545,CAND000328,REQ3052,1,19,3,20251012,,,,LinkedIn,Applied,,
546,CAND000012,REQ9445,1,20,3,20251013,20251027,20251031,20251103,Job Board,Hired,54,21
547,CAND000700,REQ8877,8,2,3,20251014,20251027,,,LinkedIn,Interviewed,,
548,CAND000197,REQ3019,1,20,1,20251015,20251026,,,Referral,Interviewed,,
549,CAND000484,REQ1273,7,27,5,20251015,,,,LinkedIn,Applied,,
550,CAND000191,REQ8423,1,19,1,20251016,,,,LinkedIn,Applied,,
551,CAND000640,REQ5638,8,8,6,20251017,,,,Referral,Rejected,,
552,CAND000143,REQ9883,3,34,5,20251021,20251102,20251113,20251217,Agency,Hired,596,57
553,CAND000095,REQ2426,7,28,6,20251022,20251107,20251113,20251229,LinkedIn,Hired,439,68
554,CAND000209,REQ7807,1,19,5,20251023,,,,Campus,Rejected,,
555,CAND000611,REQ3453,1,19,3,20251023,,,,LinkedIn,Rejected,,
556,CAND000167,REQ8241,8,4,1,20251025,,,,LinkedIn,Rejected,,
557,CAND000134,REQ9476,2,22,4,20251028,20251104,20251110,20251206,Referral,Hired,563,39
558,CAND000187,REQ2988,7,29,5,20251029,20251106,20251111,,LinkedIn,Offered,,
559,CAND000597,REQ9993,2,23,3,20251031,20251117,,,Job Board,Interviewed,,
560,CAND000401,REQ5829,6,3,5,20251101,,,,Job Board,Rejected,,
561,CAND000309,REQ1354,7,27,5,20251102,20251126,,,Campus,Interviewed,,
562,CAND000367,REQ3572,7,27,2,20251102,,,,Referral,Rejected,,
563,CAND000547,REQ5182,7,29,6,20251102,20251114,,,Company Website,Interviewed,,
564,CAND000115,REQ3522,7,27,6,20251103,20251111,20251120,20260114,Job Board,Hired,502,72
565,CAND000052,REQ7070,7,30,6,20251104,20251124,20251205,20251221,Referral,Hired,197,47
566,CAND000076,REQ2493,7,30,4,20251104,20251121,20251128,20260108,LinkedIn,Hired,362,65
567,CAND000257,REQ2305,7,27,5,20251105,20251113,,,Campus,Interviewed,,
568,CAND000637,REQ1353,8,6,1,20251105,20251120,20251201,,LinkedIn,Offered,,
569,CAND000549,REQ5967,8,8,2,20251111,,,,Job Board,Applied,,
570,CAND000224,REQ4452,3,34,5,20251112,,,,Agency,Rejected,,
571,CAND000583,REQ8763,2,24,3,20251115,,,,Job Board,Applied,,
572,CAND000719,REQ5061,8,8,4,20251116,,,,Campus,Rejected,,
573,CAND000528,REQ2634,1,20,3,20251117,,,,Agency,Rejected,,
574,CAND000662,REQ9036,1,17,5,20251118,20251208,,,Job Board,Interviewed,,
575,CAND000447,REQ6652,4,39,6,20251119,20251211,20251216,,Job Board,Offered,,
576,CAND000215,REQ8356,6,5,1,20251121,20251201,20251208,,Job Board,Offered,,
577,CAND000144,REQ9280,5,13,1,20251124,,,,LinkedIn,Rejected,,
578,CAND000418,REQ8050,7,29,3,20251124,20251130,,,Referral,Interviewed,,
579,CAND000568,REQ4338,4,40,4,20251125,,,,Referral,Rejected,,
580,CAND000433,REQ9041,4,40,5,20251126,20251211,,,LinkedIn,Interviewed,,
581,CAND000486,REQ4364,1,18,3,20251127,,,,LinkedIn,Rejected,,
582,CAND000135,REQ7529,1,20,1,20251130,20251211,20251215,20251230,Agency,Hired,568,30
583,CAND000587,REQ1107,8,6,5,20251130,20251211,,,Agency,Interviewed,,
584,CAND000313,REQ1219,4,39,1,20251201,20251211,,,Referral,Interviewed,,
585,CAND000273,REQ5470,1,20,5,20251202,,,,Referral,Rejected,,
586,CAND000279,REQ4473,2,24,3,20251203,,,,LinkedIn,Rejected,,
587,CAND000097,REQ8956,1,17,5,20251206,20251223,20260103,20260202,Referral,Hired,445,58
588,CAND000601,REQ9150,6,3,2,20251208,20251218,,,Agency,Interviewed,,
589,CAND000116,REQ7460,7,28,3,20251209,20251223,20260104,20260107,Campus,Hired,504,29
590,CAND000613,REQ6251,1,19,2,20251210,,,,Job Board,Rejected,,
591,CAND000037,REQ8353,3,33,1,20251212,20251229,20260104,20260118,Company Website,Hired,133,37
592,CAND000130,REQ1550,6,3,6,20251212,20251231,20260107,20260201,LinkedIn,Hired,546,51
593,CAND000241,REQ2127,2,24,2,20251212,,,,LinkedIn,Rejected,,
594,CAND000292,REQ7653,1,17,6,20251214,20260102,,,Referral,Interviewed,,
595,CAND000565,REQ5568,1,19,5,20251214,,,,Job Board,Rejected,,
596,CAND000721,REQ1771,1,19,5,20251214,,,,LinkedIn,Applied,,
597,CAND000219,REQ7273,7,29,2,20251218,,,,LinkedIn,Rejected,,
598,CAND000174,REQ2795,5,14,1,20251219,,,,Job Board,Rejected,,
599,CAND000270,REQ2994,4,40,1,20251219,20251227,20260105,,Campus,Offered,,
600,CAND000009,REQ2397,2,22,4,20251222,20251227,20260109,20260214,Referral,Hired,33,54
601,CAND000345,REQ9826,1,20,6,20251223,,,,Job Board,Applied,,
602,CAND000378,REQ8956,6,3,4,20251224,20260102,,,Company Website,Interviewed,,
603,CAND000515,REQ9471,7,30,6,20251225,,,,Referral,Rejected,,
604,CAND000020,REQ6724,6,3,1,20251226,20260114,20260124,20260226,Job Board,Hired,78,62
605,CAND000470,REQ8426,4,38,2,20251226,,,,Referral,Applied,,
606,CAND000032,REQ6977,2,24,1,20251227,20260101,20260112,20260118,Agency,Hired,114,22
607,CAND000225,REQ7901,4,38,2,20251228,20260119,,,Referral,Interviewed,,
608,CAND000112,REQ1136,5,12,1,20251231,20260105,20260116,20260207,LinkedIn,Hired,491,38
609,CAND000660,REQ8242,1,19,5,20260102,20260113,,,Agency,Interviewed,,
610,CAND000026,REQ3502,1,17,1,20260104,20260125,20260205,20260313,LinkedIn,Hired,98,68
611,CAND000467,REQ6562,4,39,6,20260104,,,,Campus,Rejected,,
612,CAND000489,REQ1014,1,19,5,20260104,20260117,,,Job Board,Interviewed,,
613,CAND000552,REQ8690,1,20,4,20260105,20260117,,,Agency,Interviewed,,
614,CAND000043,REQ9353,8,4,3,20260108,20260116,20260124,20260226,LinkedIn,Hired,151,49
615,CAND000452,REQ3701,8,8,6,20260109,,,,Campus,Rejected,,
616,CAND000075,REQ5284,8,4,4,20260111,20260127,20260209,20260219,Campus,Hired,349,39
617,CAND000500,REQ3122,6,10,3,20260111,20260121,,,LinkedIn,Interviewed,,
618,CAND000146,REQ7780,2,24,6,20260112,20260120,20260126,,Referral,Offered,,
619,CAND000223,REQ5686,7,30,1,20260113,,,,Referral,Rejected,,
620,CAND000724,REQ9204,8,6,5,20260114,,,,LinkedIn,Rejected,,
621,CAND000063,REQ5570,6,3,3,20260118,20260206,20260214,20260222,Agency,Hired,263,35
622,CAND000669,REQ7612,1,19,5,20260118,20260128,,,Referral,Interviewed,,
623,CAND000217,REQ1586,3,33,5,20260119,20260203,,,Company Website,Interviewed,,
624,CAND000476,REQ1331,2,22,5,20260119,20260207,20260216,,Referral,Offered,,
625,CAND000086,REQ6805,4,36,3,20260120,20260204,20260211,20260313,LinkedIn,Hired,396,52
626,CAND000129,REQ5266,8,6,3,20260121,20260126,20260131,20260325,Job Board,Hired,544,63
627,CAND000582,REQ9526,2,25,5,20260124,20260214,,,Referral,Interviewed,,
628,CAND000090,REQ1662,5,11,1,20260125,20260209,20260217,20260310,Job Board,Hired,412,44
629,CAND000459,REQ9942,8,9,3,20260126,20260219,,,Company Website,Interviewed,,
630,CAND000530,REQ8558,6,10,5,20260128,,,,Company Website,Rejected,,
631,CAND000608,REQ6502,5,13,4,20260128,,,,Job Board,Rejected,,
632,CAND000610,REQ2659,4,37,6,20260129,,,,LinkedIn,Applied,,
633,CAND000617,REQ6573,7,27,5,20260129,20260210,,,Agency,Interviewed,,
634,CAND000580,REQ8859,2,25,4,20260130,,,,Job Board,Rejected,,
635,CAND000461,REQ5713,1,20,5,20260201,,,,LinkedIn,Rejected,,
636,CAND000242,REQ4820,1,18,5,20260202,20260213,,,LinkedIn,Interviewed,,
637,CAND000295,REQ8422,7,27,5,20260202,,,,Job Board,Applied,,
638,CAND000657,REQ8016,8,4,2,20260205,20260301,,,Job Board,Interviewed,,
639,CAND000438,REQ2042,2,24,5,20260206,20260226,,,Referral,Interviewed,,
640,CAND000482,REQ6171,4,39,1,20260206,,,,Job Board,Rejected,,
641,CAND000007,REQ6362,6,3,1,20260207,20260214,20260217,20260415,Referral,Hired,28,67
642,CAND000519,REQ5796,4,37,4,20260207,20260226,,,LinkedIn,Interviewed,,
643,CAND000711,REQ8810,6,3,2,20260213,20260219,,,Agency,Interviewed,,
644,CAND000206,REQ8160,8,2,4,20260217,20260223,20260303,,Job Board,Offered,,
645,CAND000731,REQ1659,7,28,2,20260217,,,,Job Board,Rejected,,
646,CAND000109,REQ6459,4,38,4,20260218,20260307,20260320,20260413,LinkedIn,Hired,472,54
647,CAND000175,REQ4902,8,6,3,20260218,,,,Job Board,Rejected,,
648,CAND000221,REQ4180,7,27,6,20260218,20260302,,,LinkedIn,Interviewed,,
649,CAND000706,REQ3166,8,4,5,20260219,,,,Job Board,Rejected,,
650,CAND000182,REQ2823,7,28,4,20260223,20260307,,,LinkedIn,Interviewed,,
651,CAND000248,REQ1845,3,33,2,20260223,,,,Agency,Rejected,,
652,CAND000308,REQ8068,4,39,6,20260223,20260308,,,Campus,Interviewed,,
653,CAND000051,REQ5153,4,39,5,20260224,20260310,20260319,20260321,Referral,Hired,196,25
654,CAND000282,REQ9440,2,23,5,20260224,,,,Campus,Applied,,
655,CAND000645,REQ6070,6,7,1,20260225,,,,Job Board,Applied,,
656,CAND000638,REQ2421,8,9,5,20260226,20260318,,,LinkedIn,Interviewed,,
657,CAND000735,REQ5265,7,27,5,20260226,20260309,,,Company Website,Interviewed,,
658,CAND000619,REQ5088,4,39,5,20260228,20260316,,,Job Board,Interviewed,,
659,CAND000439,REQ9269,3,31,6,20260301,20260321,,,Job Board,Interviewed,,
660,CAND000585,REQ6851,7,29,2,20260301,,,,LinkedIn,Rejected,,
661,CAND000481,REQ8032,6,7,6,20260305,,,,Company Website,Rejected,,
662,CAND000314,REQ6232,7,27,4,20260307,,,,Job Board,Rejected,,
663,CAND000153,REQ6841,7,30,1,20260310,,,,Campus,Rejected,,
664,CAND000634,REQ5974,4,39,2,20260311,,,,Campus,Rejected,,
665,CAND000179,REQ8228,7,30,1,20260314,,,,Referral,Applied,,
666,CAND000491,REQ2971,4,40,6,20260315,20260331,20260406,,Campus,Offered,,
667,CAND000271,REQ7892,8,6,5,20260316,20260331,,,Company Website,Interviewed,,
668,CAND000548,REQ3252,7,30,5,20260316,20260327,,,Job Board,Interviewed,,
669,CAND000216,REQ4357,1,19,6,20260318,,,,Job Board,Rejected,,
670,CAND000285,REQ4214,2,22,5,20260319,,,,Referral,Rejected,,
671,CAND000656,REQ8812,2,22,6,20260319,,,,Job Board,Rejected,,
672,CAND000471,REQ3959,1,20,1,20260320,20260412,,,Referral,Interviewed,,
673,CAND000305,REQ1374,2,25,2,20260323,,,,Company Website,Rejected,,
674,CAND000524,REQ6322,1,20,2,20260326,,,,Job Board,Rejected,,
675,CAND000163,REQ2062,1,20,3,20260327,,,,LinkedIn,Rejected,,
676,CAND000376,REQ6448,4,40,5,20260327,,,,Company Website,Rejected,,
677,CAND000315,REQ8011,4,37,6,20260329,,,,LinkedIn,Rejected,,
678,CAND000561,REQ6996,4,39,6,20260329,20260406,20260414,,LinkedIn,Offered,,
679,CAND000578,REQ2250,1,18,4,20260330,,,,Job Board,Rejected,,
680,CAND000304,REQ4931,1,20,5,20260331,,,,Agency,Rejected,,
681,CAND000654,REQ2357,1,20,1,20260331,,,,Referral,Applied,,
682,CAND000540,REQ8874,8,9,5,20260404,20260421,20260428,,LinkedIn,Offered,,
683,CAND000196,REQ3690,7,30,2,20260405,,,,LinkedIn,Rejected,,
684,CAND000556,REQ1141,7,30,4,20260406,,,,Company Website,Rejected,,
685,CAND000687,REQ3804,7,27,2,20260406,,,,Job Board,Applied,,
686,CAND000394,REQ1739,2,23,1,20260408,,,,Job Board,Rejected,,
687,CAND000404,REQ4300,6,3,1,20260409,,,,LinkedIn,Applied,,
688,CAND000589,REQ2770,7,30,6,20260409,,,,Company Website,Applied,,
689,CAND000525,REQ8574,7,28,3,20260410,,,,Job Board,Rejected,,
690,CAND000572,REQ3508,8,2,6,20260411,,,,Agency,Rejected,,
691,CAND000463,REQ6046,2,24,5,20260412,,,,Company Website,Rejected,,
692,CAND000164,REQ5065,1,20,5,20260413,,,,Company Website,Rejected,,
693,CAND000633,REQ8172,6,7,5,20260413,,,,Job Board,Rejected,,
694,CAND000300,REQ8753,4,37,6,20260414,,,,Referral,Rejected,,
695,CAND000158,REQ9525,7,29,5,20260415,,,,Agency,Rejected,,
696,CAND000192,REQ1726,4,37,2,20260415,,,,Referral,Rejected,,
697,CAND000281,REQ8861,8,8,6,20260417,,,,LinkedIn,Applied,,
698,CAND000543,REQ8462,7,27,1,20260417,,,,Company Website,Rejected,,
699,CAND000577,REQ5424,7,27,4,20260417,20260503,,,Company Website,Interviewed,,
700,CAND000360,REQ1919,8,9,2,20260421,,,,Job Board,Applied,,
701,CAND000571,REQ5574,7,27,2,20260421,,,,Referral,Applied,,
702,CAND000429,REQ9564,1,19,6,20260422,20260430,,,LinkedIn,Interviewed,,
703,CAND000180,REQ6123,7,29,1,20260424,,,,Job Board,Applied,,
704,CAND000507,REQ9105,7,27,6,20260425,,,,Company Website,Rejected,,
705,CAND000728,REQ7676,8,4,4,20260425,,,,Company Website,Applied,,
706,CAND000399,REQ2335,1,16,2,20260427,20260507,,,Job Board,Interviewed,,
707,CAND000693,REQ7161,3,31,5,20260427,20260510,20260514,,Campus,Offered,,
708,CAND000185,REQ8380,4,40,5,20260430,,,,LinkedIn,Rejected,,
709,CAND000455,REQ9516,1,19,5,20260501,20260521,,,LinkedIn,Interviewed,,
710,CAND000427,REQ6006,5,14,2,20260502,,,,Job Board,Rejected,,
711,CAND000453,REQ6346,7,30,6,20260502,20260515,20260523,,LinkedIn,Offered,,
712,CAND000443,REQ5063,7,30,5,20260503,20260515,20260523,,LinkedIn,Offered,,
713,CAND000469,REQ5398,1,19,4,20260504,20260522,,,Job Board,Interviewed,,
714,CAND000288,REQ1614,7,27,5,20260505,20260527,,,Agency,Interviewed,,
715,CAND000485,REQ4653,8,6,5,20260505,,,,Referral,Rejected,,
716,CAND000321,REQ4277,2,22,6,20260506,,,,Referral,Rejected,,
717,CAND000369,REQ1862,2,24,6,20260506,,,,LinkedIn,Rejected,,
718,CAND000392,REQ3462,1,17,5,20260507,,,,LinkedIn,Rejected,,
719,CAND000718,REQ4318,7,27,5,20260511,,,,LinkedIn,Rejected,,
720,CAND000151,REQ1921,4,39,1,20260514,,,,Job Board,Rejected,,
721,CAND000407,REQ7219,2,24,4,20260516,,,,LinkedIn,Rejected,,
722,CAND000626,REQ9348,4,37,5,20260518,,,,Job Board,Applied,,
723,CAND000457,REQ6586,3,34,4,20260520,20260526,,,Job Board,Interviewed,,
724,CAND000663,REQ1232,2,25,1,20260520,20260606,,,Campus,Interviewed,,
725,CAND000437,REQ7341,6,10,1,20260526,,,,Referral,Rejected,,
726,CAND000229,REQ8963,2,22,1,20260529,20260614,,,Agency,Interviewed,,
727,CAND000147,REQ6431,3,34,6,20260530,,,,Job Board,Applied,,
728,CAND000698,REQ4188,4,37,4,20260531,20260612,20260615,,LinkedIn,Offered,,
729,CAND000691,REQ8033,1,17,5,20260601,,,,Referral,Rejected,,
730,CAND000414,REQ1717,8,6,4,20260603,,,,LinkedIn,Applied,,
731,CAND000514,REQ3742,1,20,5,20260603,20260617,20260621,,LinkedIn,Offered,,
732,CAND000344,REQ7606,8,8,3,20260607,,,,Job Board,Applied,,
733,CAND000428,REQ6736,4,39,6,20260609,,,,Company Website,Rejected,,
734,CAND000456,REQ4039,7,30,5,20260609,20260702,,,Job Board,Interviewed,,
735,CAND000736,REQ5242,1,17,6,20260610,,,,Company Website,Rejected,,
736,CAND000497,REQ1674,6,10,5,20260612,,,,Company Website,Applied,,
737,CAND000598,REQ5010,8,9,1,20260613,20260622,,,Job Board,Interviewed,,
738,CAND000630,REQ3746,7,28,1,20260613,20260622,,,Company Website,Interviewed,,
739,CAND000603,REQ4595,1,19,1,20260615,20260702,,,Agency,Interviewed,,
740,CAND000596,REQ2089,7,29,2,20260621,20260627,,,LinkedIn,Interviewed,,
741,CAND000725,REQ2758,7,28,1,20260622,20260704,,,Referral,Interviewed,,
742,CAND000648,REQ8016,7,29,1,20260629,,,,LinkedIn,Applied,,
743,CAND000405,REQ4180,2,24,6,20260630,,,,Company Website,Applied,,
