employee_id,first_name,last_name,gender,date_of_birth,hire_date,department,job_role,job_level,location,country,work_mode,manager_id,employment_type,employee_status,email
EMP0001,Isla,Lewis,Female,1990-12-25,2018-03-13,Customer Support,Senior Support Specialist,Senior,London,United Kingdom,Remote,EMP0416,Full-time,Active,emp0001@abcglobal.com
EMP0002,Lily,White,Male,1984-01-01,2017-05-30,Sales,Sales Director,Director,Bristol,United Kingdom,Hybrid,,Full-time,Active,emp0002@abcglobal.com
EMP0003,Maya,Thomas,Male,1987-04-04,2023-05-15,Operations,Operations Analyst,Mid,Bristol,United Kingdom,Remote,EMP0024,Full-time,Active,emp0003@abcglobal.com
EMP0004,Freya,Brown,Male,1981-09-13,2019-11-02,IT,Data Analyst,Mid,Leeds,United Kingdom,Hybrid,EMP0218,Full-time,Active,emp0004@abcglobal.com
EMP0005,Ava,Wright,Male,1991-09-23,2023-09-28,Operations,Operations Analyst,Mid,Bristol,United Kingdom,Office,EMP0384,Full-time,Active,emp0005@abcglobal.com
EMP0006,Maya,Taylor,Female,1992-03-27,2023-09-09,Legal,Legal Manager,Manager,Leeds,United Kingdom,Office,,Contract,Active,emp0006@abcglobal.com
EMP0007,Olivia,Lewis,Male,1986-09-16,2017-05-22,Marketing,Senior Marketing Specialist,Senior,Birmingham,United Kingdom,Hybrid,EMP0469,Full-time,Active,emp0007@abcglobal.com
EMP0008,Lily,Smith,Male,1985-05-03,2022-05-02,IT,Senior Data Engineer,Senior,London,United Kingdom,Hybrid,EMP0590,Full-time,Active,emp0008@abcglobal.com
EMP0009,Ella,Brown,Male,1992-07-10,2019-02-24,Sales,Senior Account Executive,Senior,Leeds,United Kingdom,Hybrid,EMP0421,Full-time,Left,emp0009@abcglobal.com
EMP0010,Ethan,King,Female,1987-04-10,2025-05-02,HR,HR Advisor,Mid,Edinburgh,United Kingdom,Remote,EMP0528,Full-time,Active,emp0010@abcglobal.com
EMP0011,Olivia,Brown,Male,1996-07-01,2024-04-02,Finance,Accounts Assistant,Junior,Birmingham,United Kingdom,Remote,EMP0333,Full-time,Active,emp0011@abcglobal.com
EMP0012,Ishaan,Thompson,Female,1984-06-01,2020-09-16,Operations,Senior Operations Specialist,Senior,Leeds,United Kingdom,Office,EMP0460,Full-time,Active,emp0012@abcglobal.com
EMP0013,Diya,Brown,Female,1993-08-25,2017-03-02,Legal,Legal Advisor,Mid,Edinburgh,United Kingdom,Remote,EMP0491,Full-time,Active,emp0013@abcglobal.com
EMP0014,Maya,Jackson,Female,1999-01-08,2022-07-19,Sales,Sales Development Representative,Junior,Leeds,United Kingdom,Remote,EMP0421,Full-time,Active,emp0014@abcglobal.com
EMP0015,Diya,Jones,Female,1987-10-06,2025-03-01,HR,HR Advisor,Mid,Leeds,United Kingdom,Hybrid,EMP0528,Full-time,Active,emp0015@abcglobal.com
EMP0016,Isla,Martin,Female,1992-12-01,2024-04-09,Customer Support,Customer Support Advisor,Junior,Bristol,United Kingdom,Remote,EMP0275,Contract,Active,emp0016@abcglobal.com
EMP0017,Amelia,Brown,Female,1989-04-25,2023-05-26,Marketing,Marketing Assistant,Junior,Manchester,United Kingdom,Hybrid,EMP0330,Full-time,Active,emp0017@abcglobal.com
EMP0018,Ishaan,White,Female,1977-11-10,2017-11-20,Operations,Operations Assistant,Junior,Leeds,United Kingdom,Remote,EMP0309,Full-time,Left,emp0018@abcglobal.com
EMP0019,Isla,Davies,Male,2003-10-27,2021-11-16,Finance,Senior Finance Analyst,Senior,London,United Kingdom,Hybrid,EMP0169,Full-time,Active,emp0019@abcglobal.com
EMP0020,Luca,Lewis,Male,1990-03-08,2018-06-21,Sales,Sales Manager,Manager,Leeds,United Kingdom,Office,EMP0470,Full-time,Active,emp0020@abcglobal.com
EMP0021,Jack,Scott,Male,1974-06-19,2023-05-27,Legal,Legal Assistant,Junior,Bristol,United Kingdom,Hybrid,EMP0141,Full-time,Active,emp0021@abcglobal.com
EMP0022,Oliver,Scott,Male,1986-11-15,2017-11-05,Sales,Senior Account Executive,Senior,London,United Kingdom,Remote,EMP0020,Full-time,Active,emp0022@abcglobal.com
EMP0023,Mia,Jones,Male,1991-05-18,2024-03-15,Operations,Operations Assistant,Junior,Bristol,United Kingdom,Office,EMP0024,Full-time,Active,emp0023@abcglobal.com
EMP0024,Amelia,Wilson,Female,1984-04-12,2025-04-01,Operations,Operations Director,Director,Birmingham,United Kingdom,Office,,Full-time,Active,emp0024@abcglobal.com
EMP0025,Freya,King,Female,1989-10-21,2020-10-08,IT,Senior Data Engineer,Senior,Birmingham,United Kingdom,Remote,EMP0590,Full-time,Active,emp0025@abcglobal.com
EMP0026,Priya,Johnson,Male,1997-02-22,2022-04-12,Sales,Sales Development Representative,Junior,Manchester,United Kingdom,Hybrid,EMP0361,Full-time,Active,emp0026@abcglobal.com
EMP0027,Rohan,Clark,Male,1996-02-11,2021-08-11,Customer Support,Customer Support Specialist,Mid,Birmingham,United Kingdom,Hybrid,EMP0329,Full-time,Active,emp0027@abcglobal.com
EMP0028,Arthur,Martin,Male,1993-06-03,2026-04-15,Marketing,Marketing Assistant,Junior,Birmingham,United Kingdom,Office,EMP0512,Full-time,Active,emp0028@abcglobal.com
EMP0029,Diya,Williams,Male,1975-08-28,2020-08-30,Legal,Legal Advisor,Mid,Bristol,United Kingdom,Remote,EMP0006,Full-time,Left,emp0029@abcglobal.com
EMP0030,Sophia,Roberts,Male,1990-02-02,2023-04-03,IT,Junior Software Developer,Junior,London,United Kingdom,Remote,EMP0599,Full-time,Active,emp0030@abcglobal.com
EMP0031,George,Young,Male,1988-07-01,2025-07-23,Customer Support,Customer Support Specialist,Mid,Manchester,United Kingdom,Hybrid,EMP0438,Full-time,Active,emp0031@abcglobal.com
EMP0032,George,Davies,Male,1984-12-24,2023-09-22,IT,Technology Director,Director,Birmingham,United Kingdom,Hybrid,,Full-time,Active,emp0032@abcglobal.com
EMP0033,Ethan,Clark,Female,1986-03-04,2026-02-14,Finance,Accounts Assistant,Junior,Leeds,United Kingdom,Hybrid,EMP0319,Contract,Active,emp0033@abcglobal.com
EMP0034,Oliver,Brown,Male,1985-08-03,2019-03-11,Operations,Senior Operations Specialist,Senior,Bristol,United Kingdom,Hybrid,EMP0384,Full-time,Active,emp0034@abcglobal.com
EMP0035,George,Martin,Female,1989-08-18,2018-10-02,Customer Support,Customer Support Specialist,Mid,Birmingham,United Kingdom,Hybrid,EMP0438,Full-time,Active,emp0035@abcglobal.com
EMP0036,Priya,Hall,Male,1998-02-22,2018-11-20,Marketing,Marketing Manager,Manager,Manchester,United Kingdom,Office,EMP0433,Full-time,Active,emp0036@abcglobal.com
EMP0037,Oliver,Johnson,Female,1994-08-23,2019-04-03,Customer Support,Customer Support Specialist,Mid,Leeds,United Kingdom,Hybrid,EMP0179,Full-time,Active,emp0037@abcglobal.com
EMP0038,Freya,Harris,Male,1991-09-20,2021-10-13,Operations,Operations Assistant,Junior,Birmingham,United Kingdom,Office,EMP0328,Full-time,Active,emp0038@abcglobal.com
EMP0039,Amelia,Jones,Female,1990-04-07,2020-11-20,Marketing,Marketing Assistant,Junior,Leeds,United Kingdom,Office,EMP0547,Full-time,Active,emp0039@abcglobal.com
EMP0040,Leo,Davies,Female,1982-01-05,2017-06-15,Sales,Sales Executive,Mid,Leeds,United Kingdom,Office,EMP0341,Full-time,Active,emp0040@abcglobal.com
EMP0041,Diya,White,Female,1972-01-15,2018-07-09,IT,Data Analyst,Mid,Bristol,United Kingdom,Office,EMP0472,Part-time,Active,emp0041@abcglobal.com
EMP0042,Oscar,Harris,Male,2004-02-12,2017-03-06,Sales,Sales Executive,Mid,Manchester,United Kingdom,Office,EMP0544,Full-time,Active,emp0042@abcglobal.com
EMP0043,Amelia,Williams,Male,1987-12-04,2025-05-16,Legal,Legal Assistant,Junior,London,United Kingdom,Remote,EMP0338,Full-time,Active,emp0043@abcglobal.com
EMP0044,Amelia,Thompson,Female,1984-12-18,2023-10-09,Customer Support,Customer Support Specialist,Mid,Birmingham,United Kingdom,Hybrid,EMP0226,Full-time,Active,emp0044@abcglobal.com
EMP0045,Anaya,Jackson,Female,1999-02-25,2021-05-20,Operations,Operations Assistant,Junior,Edinburgh,United Kingdom,Office,EMP0504,Full-time,Active,emp0045@abcglobal.com
EMP0046,Aarav,Jackson,Male,1987-09-11,2023-09-17,Finance,Accounts Assistant,Junior,Leeds,United Kingdom,Office,EMP0351,Contract,Active,emp0046@abcglobal.com
EMP0047,Noah,Singh,Female,1997-04-19,2017-12-04,Finance,Accounts Assistant,Junior,Leeds,United Kingdom,Office,EMP0307,Contract,Active,emp0047@abcglobal.com
EMP0048,Isla,King,Male,1988-09-21,2025-05-30,IT,Junior Software Developer,Junior,London,United Kingdom,Office,EMP0109,Full-time,Left,emp0048@abcglobal.com
EMP0049,George,Wright,Female,1983-08-26,2020-06-18,Sales,Sales Development Representative,Junior,Bristol,United Kingdom,Hybrid,EMP0361,Full-time,Active,emp0049@abcglobal.com
EMP0050,Archie,Wilson,Female,1996-12-17,2021-12-14,Marketing,Marketing Assistant,Junior,Leeds,United Kingdom,Remote,EMP0330,Part-time,Left,emp0050@abcglobal.com
EMP0051,Rohan,Thomas,Female,1982-07-15,2018-12-09,Finance,Finance Manager,Manager,Manchester,United Kingdom,Remote,EMP0333,Full-time,Active,emp0051@abcglobal.com
EMP0052,Priya,Scott,Male,1994-07-25,2020-03-12,Operations,Operations Analyst,Mid,London,United Kingdom,Remote,EMP0384,Full-time,Left,emp0052@abcglobal.com
EMP0053,Lily,Davies,Female,1982-11-06,2019-12-24,Marketing,Marketing Assistant,Junior,London,United Kingdom,Hybrid,EMP0091,Full-time,Active,emp0053@abcglobal.com
EMP0054,Harry,Jones,Female,1981-02-19,2025-11-03,Customer Support,Senior Support Specialist,Senior,Edinburgh,United Kingdom,Hybrid,EMP0438,Full-time,Active,emp0054@abcglobal.com
EMP0055,Aarav,Shah,Female,1984-08-11,2020-01-18,Finance,Accounts Assistant,Junior,Birmingham,United Kingdom,Hybrid,EMP0206,Full-time,Active,emp0055@abcglobal.com
EMP0056,Luca,Young,Female,1989-06-07,2019-12-28,IT,Senior Data Engineer,Senior,Edinburgh,United Kingdom,Hybrid,EMP0472,Full-time,Left,emp0056@abcglobal.com
EMP0057,Ella,Khan,Male,1984-03-07,2024-11-13,IT,Senior Data Engineer,Senior,Manchester,United Kingdom,Office,EMP0287,Part-time,Active,emp0057@abcglobal.com
EMP0058,Arthur,Thompson,Female,1998-01-16,2024-06-10,Sales,Senior Account Executive,Senior,Bristol,United Kingdom,Office,EMP0452,Full-time,Active,emp0058@abcglobal.com
EMP0059,Sofia,King,Not disclosed,1992-01-17,2018-01-17,HR,HR Assistant,Junior,Leeds,United Kingdom,Office,EMP0600,Part-time,Active,emp0059@abcglobal.com
EMP0060,Aarav,Clark,Other,1998-03-04,2024-05-06,Sales,Sales Executive,Mid,Manchester,United Kingdom,Office,EMP0020,Full-time,Active,emp0060@abcglobal.com
EMP0061,Luca,Taylor,Female,1991-05-25,2017-04-29,IT,Junior Software Developer,Junior,London,United Kingdom,Office,EMP0287,Full-time,Active,emp0061@abcglobal.com
EMP0062,Oscar,Clark,Female,2003-11-15,2018-12-11,Operations,Operations Analyst,Mid,Leeds,United Kingdom,Hybrid,EMP0463,Full-time,Active,emp0062@abcglobal.com
EMP0063,Sophia,Thomas,Female,1991-07-21,2019-09-12,Customer Support,Customer Experience Director,Director,Bristol,United Kingdom,Office,,Full-time,Active,emp0063@abcglobal.com
EMP0064,Lily,Shah,Male,2000-01-18,2022-04-06,Customer Support,Customer Support Specialist,Mid,Manchester,United Kingdom,Office,EMP0416,Full-time,Active,emp0064@abcglobal.com
EMP0065,Priya,King,Female,1998-01-30,2018-12-07,Sales,Sales Executive,Mid,London,United Kingdom,Hybrid,EMP0279,Full-time,Active,emp0065@abcglobal.com
EMP0066,George,Wilson,Male,1999-04-19,2024-12-14,Customer Support,Customer Support Advisor,Junior,London,United Kingdom,Office,EMP0484,Full-time,Active,emp0066@abcglobal.com
EMP0067,Luca,Williams,Other,1996-01-11,2018-03-13,IT,Data Analyst,Mid,Edinburgh,United Kingdom,Hybrid,EMP0113,Full-time,Left,emp0067@abcglobal.com
EMP0068,Rohan,King,Female,1995-02-16,2019-12-29,Sales,Sales Executive,Mid,Birmingham,United Kingdom,Hybrid,EMP0544,Full-time,Active,emp0068@abcglobal.com
EMP0069,Leo,Martin,Male,1984-07-29,2022-05-27,IT,Senior Data Engineer,Senior,London,United Kingdom,Remote,EMP0472,Full-time,Left,emp0069@abcglobal.com
EMP0070,Harry,Harris,Female,1992-05-07,2021-08-19,Customer Support,Customer Support Specialist,Mid,Birmingham,United Kingdom,Office,EMP0226,Full-time,Active,emp0070@abcglobal.com
EMP0071,Jack,Scott,Male,1995-06-05,2019-08-27,Marketing,Marketing Executive,Mid,Manchester,United Kingdom,Office,EMP0116,Full-time,Left,emp0071@abcglobal.com
EMP0072,Mia,Jones,Female,1997-12-26,2025-11-02,IT,Junior Software Developer,Junior,London,United Kingdom,Office,EMP0590,Full-time,Left,emp0072@abcglobal.com
EMP0073,Grace,Walker,Not disclosed,1991-03-09,2025-09-24,Legal,Legal Assistant,Junior,Leeds,United Kingdom,Office,EMP0338,Part-time,Active,emp0073@abcglobal.com
EMP0074,Sophia,Scott,Female,1979-12-16,2024-09-28,Sales,Sales Executive,Mid,Edinburgh,United Kingdom,Office,EMP0470,Part-time,Active,emp0074@abcglobal.com
EMP0075,Ishaan,Roberts,Female,1984-10-09,2021-02-28,Marketing,Marketing Executive,Mid,Manchester,United Kingdom,Office,EMP0512,Full-time,Active,emp0075@abcglobal.com
EMP0076,Amelia,Johnson,Female,1982-11-02,2022-11-03,Finance,Accounts Assistant,Junior,London,United Kingdom,Hybrid,EMP0051,Part-time,Left,emp0076@abcglobal.com
EMP0077,Priya,Singh,Male,1980-09-09,2019-02-18,IT,Junior Software Developer,Junior,Manchester,United Kingdom,Hybrid,EMP0472,Full-time,Active,emp0077@abcglobal.com
EMP0078,Isla,Roberts,Female,1985-11-24,2026-02-26,Marketing,Marketing Assistant,Junior,Birmingham,United Kingdom,Office,EMP0276,Full-time,Active,emp0078@abcglobal.com
EMP0079,Anaya,White,Female,1980-02-17,2021-09-20,Operations,Senior Operations Specialist,Senior,Edinburgh,United Kingdom,Hybrid,EMP0556,Full-time,Active,emp0079@abcglobal.com
EMP0080,Oscar,Brown,Male,1986-04-30,2023-08-10,Finance,Accounts Assistant,Junior,London,United Kingdom,Hybrid,EMP0169,Part-time,Active,emp0080@abcglobal.com
EMP0081,George,Roberts,Male,1977-04-25,2018-08-24,Operations,Senior Operations Specialist,Senior,Manchester,United Kingdom,Remote,EMP0024,Full-time,Active,emp0081@abcglobal.com
EMP0082,Luca,Johnson,Male,2004-01-22,2025-04-20,Customer Support,Customer Support Specialist,Mid,Birmingham,United Kingdom,Remote,EMP0416,Contract,Active,emp0082@abcglobal.com
EMP0083,Jack,Martin,Female,1991-05-03,2019-12-07,Sales,Senior Account Executive,Senior,Bristol,United Kingdom,Remote,EMP0400,Part-time,Active,emp0083@abcglobal.com
EMP0084,Archie,King,Female,1989-07-29,2025-07-09,Customer Support,Senior Support Specialist,Senior,London,United Kingdom,Office,EMP0329,Full-time,Active,emp0084@abcglobal.com
EMP0085,Anaya,Lewis,Male,2003-08-13,2017-05-12,Marketing,Senior Marketing Specialist,Senior,London,United Kingdom,Office,EMP0116,Full-time,Active,emp0085@abcglobal.com
EMP0086,Arthur,Roberts,Male,1986-06-04,2019-04-18,Operations,Senior Operations Specialist,Senior,Edinburgh,United Kingdom,Hybrid,EMP0393,Full-time,Active,emp0086@abcglobal.com
EMP0087,Oscar,Harris,Female,1962-02-03,2024-11-24,Sales,Sales Executive,Mid,London,United Kingdom,Remote,EMP0544,Full-time,Active,emp0087@abcglobal.com
EMP0088,Leo,Jones,Male,1979-05-23,2023-10-18,Sales,Senior Account Executive,Senior,Leeds,United Kingdom,Office,EMP0470,Full-time,Active,emp0088@abcglobal.com
EMP0089,Aarav,Walker,Male,1992-03-30,2021-11-18,Marketing,Senior Marketing Specialist,Senior,Edinburgh,United Kingdom,Office,EMP0547,Full-time,Active,emp0089@abcglobal.com
EMP0090,Archie,Jackson,Female,1991-04-16,2020-02-22,Operations,Operations Analyst,Mid,Edinburgh,United Kingdom,Remote,EMP0328,Full-time,Active,emp0090@abcglobal.com
EMP0091,Rohan,Jackson,Female,2001-04-10,2023-12-17,Marketing,Marketing Manager,Manager,London,United Kingdom,Hybrid,EMP0433,Full-time,Active,emp0091@abcglobal.com
EMP0092,Oliver,Clark,Male,1994-06-09,2020-04-05,IT,Data Analyst,Mid,Birmingham,United Kingdom,Office,EMP0590,Part-time,Active,emp0092@abcglobal.com
EMP0093,Oliver,Jones,Not disclosed,1988-02-02,2025-03-25,HR,HR Assistant,Junior,Bristol,United Kingdom,Hybrid,EMP0528,Full-time,Active,emp0093@abcglobal.com
EMP0094,Ishaan,Johnson,Male,1992-09-29,2019-01-09,Sales,Senior Account Executive,Senior,Bristol,United Kingdom,Office,EMP0544,Full-time,Active,emp0094@abcglobal.com
EMP0095,Ella,Hall,Male,1981-03-02,2021-02-11,Operations,Operations Assistant,Junior,Manchester,United Kingdom,Hybrid,EMP0504,Full-time,Active,emp0095@abcglobal.com
EMP0096,Ethan,Clark,Female,1978-12-25,2021-03-16,IT,Data Analyst,Mid,Edinburgh,United Kingdom,Hybrid,EMP0109,Full-time,Active,emp0096@abcglobal.com
EMP0097,Ava,King,Female,2004-03-31,2025-06-14,IT,Data Analyst,Mid,Birmingham,United Kingdom,Hybrid,EMP0599,Full-time,Active,emp0097@abcglobal.com
EMP0098,Noah,White,Male,1981-04-03,2026-03-13,Customer Support,Customer Support Advisor,Junior,Birmingham,United Kingdom,Remote,EMP0416,Full-time,Active,emp0098@abcglobal.com
EMP0099,Aarav,Clark,Female,2004-05-23,2024-02-01,Sales,Sales Development Representative,Junior,London,United Kingdom,Remote,EMP0470,Full-time,Active,emp0099@abcglobal.com
EMP0100,Olivia,Martin,Female,1986-05-15,2017-02-07,IT,Data Analyst,Mid,Manchester,United Kingdom,Office,EMP0353,Full-time,Active,emp0100@abcglobal.com
EMP0101,Oscar,Patel,Female,1988-03-04,2021-02-05,Sales,Sales Development Representative,Junior,London,United Kingdom,Hybrid,EMP0279,Full-time,Active,emp0101@abcglobal.com
EMP0102,Priya,Johnson,Female,1982-12-18,2017-03-02,Marketing,Marketing Assistant,Junior,Bristol,United Kingdom,Remote,EMP0547,Full-time,Left,emp0102@abcglobal.com
EMP0103,Amelia,White,Male,1979-04-25,2024-12-02,Marketing,Marketing Executive,Mid,London,United Kingdom,Hybrid,EMP0091,Full-time,Active,emp0103@abcglobal.com
EMP0104,Leo,Clark,Female,2000-05-16,2019-05-29,Customer Support,Customer Support Specialist,Mid,Bristol,United Kingdom,Office,EMP0484,Full-time,Active,emp0104@abcglobal.com
EMP0105,Leo,Khan,Male,1994-02-22,2025-04-04,IT,Senior Data Engineer,Senior,Manchester,United Kingdom,Remote,EMP0113,Full-time,Active,emp0105@abcglobal.com
EMP0106,Lily,Davies,Female,1974-02-28,2021-04-05,IT,Data Analyst,Mid,Birmingham,United Kingdom,Office,EMP0571,Full-time,Active,emp0106@abcglobal.com
EMP0107,Isla,Lewis,Male,1989-03-24,2025-09-01,HR,HR Business Partner,Senior,Leeds,United Kingdom,Office,EMP0528,Full-time,Active,emp0107@abcglobal.com
EMP0108,Leo,Khan,Female,1986-09-16,2021-09-14,Legal,Legal Advisor,Mid,London,United Kingdom,Office,EMP0141,Contract,Active,emp0108@abcglobal.com
EMP0109,George,Martin,Female,1986-12-07,2018-11-14,IT,Technology Director,Director,London,United Kingdom,Office,,Full-time,Active,emp0109@abcglobal.com
EMP0110,Amelia,Thompson,Female,1962-10-26,2023-12-21,Customer Support,Customer Support Specialist,Mid,London,United Kingdom,Hybrid,EMP0179,Full-time,Active,emp0110@abcglobal.com
EMP0111,Rohan,Walker,Female,2000-09-26,2019-03-30,IT,Junior Software Developer,Junior,Edinburgh,United Kingdom,Office,EMP0215,Full-time,Active,emp0111@abcglobal.com
EMP0112,Lily,Lewis,Not disclosed,1986-10-06,2024-11-16,Customer Support,Customer Support Specialist,Mid,Birmingham,United Kingdom,Office,EMP0495,Full-time,Active,emp0112@abcglobal.com
EMP0113,Aarav,Lewis,Male,1983-11-03,2021-03-08,IT,IT Manager,Manager,London,United Kingdom,Office,EMP0353,Full-time,Active,emp0113@abcglobal.com
EMP0114,Muhammad,Davies,Male,1987-10-30,2026-01-18,Finance,Finance Analyst,Mid,Birmingham,United Kingdom,Hybrid,EMP0319,Part-time,Active,emp0114@abcglobal.com
EMP0115,Maya,Brown,Male,1987-03-15,2019-05-31,Operations,Operations Assistant,Junior,Birmingham,United Kingdom,Remote,EMP0457,Full-time,Active,emp0115@abcglobal.com
EMP0116,Diya,Taylor,Not disclosed,1962-11-29,2025-09-03,Marketing,Marketing Manager,Manager,Manchester,United Kingdom,Remote,EMP0433,Full-time,Active,emp0116@abcglobal.com
EMP0117,Harry,Jones,Male,1988-01-04,2018-04-10,Sales,Senior Account Executive,Senior,London,United Kingdom,Remote,EMP0361,Full-time,Active,emp0117@abcglobal.com
EMP0118,Ella,White,Female,1979-03-13,2021-11-14,Sales,Sales Executive,Mid,Leeds,United Kingdom,Hybrid,EMP0489,Full-time,Active,emp0118@abcglobal.com
EMP0119,Diya,Lewis,Male,1995-12-22,2025-02-08,Operations,Operations Manager,Manager,Birmingham,United Kingdom,Hybrid,EMP0128,Full-time,Active,emp0119@abcglobal.com
EMP0120,Aarav,Taylor,Male,2001-04-13,2019-11-15,Operations,Operations Assistant,Junior,London,United Kingdom,Remote,EMP0556,Full-time,Active,emp0120@abcglobal.com
EMP0121,Sofia,Thomas,Female,1996-02-08,2020-08-03,IT,Data Analyst,Mid,Birmingham,United Kingdom,Remote,EMP0218,Contract,Active,emp0121@abcglobal.com
EMP0122,Ishaan,Taylor,Female,1977-05-05,2020-07-07,Legal,Legal Assistant,Junior,London,United Kingdom,Hybrid,EMP0141,Full-time,Active,emp0122@abcglobal.com
EMP0123,Leo,Clark,Female,1990-08-10,2017-07-11,Operations,Operations Assistant,Junior,Bristol,United Kingdom,Remote,EMP0393,Full-time,Active,emp0123@abcglobal.com
EMP0124,Maya,Jones,Female,1968-02-24,2021-11-12,Customer Support,Senior Support Specialist,Senior,Leeds,United Kingdom,Office,EMP0438,Full-time,Left,emp0124@abcglobal.com
EMP0125,Ethan,Martin,Female,1981-02-28,2023-12-24,Finance,Accounts Assistant,Junior,London,United Kingdom,Hybrid,EMP0319,Contract,Active,emp0125@abcglobal.com
EMP0126,Oliver,Wright,Male,1986-10-01,2019-10-11,Operations,Senior Operations Specialist,Senior,Bristol,United Kingdom,Remote,EMP0463,Full-time,Active,emp0126@abcglobal.com
EMP0127,Mia,Jones,Male,2004-05-23,2017-08-22,Finance,Accounts Assistant,Junior,Leeds,United Kingdom,Office,EMP0051,Part-time,Active,emp0127@abcglobal.com
EMP0128,Sophia,Green,Female,1995-08-30,2022-05-02,Operations,Operations Director,Director,London,United Kingdom,Office,,Full-time,Active,emp0128@abcglobal.com
EMP0129,Ava,Davies,Male,2000-08-06,2024-09-20,Customer Support,Senior Support Specialist,Senior,London,United Kingdom,Hybrid,EMP0136,Full-time,Active,emp0129@abcglobal.com
EMP0130,Oliver,Wilson,Female,1997-08-22,2020-07-30,Customer Support,Customer Support Specialist,Mid,London,United Kingdom,Office,EMP0495,Full-time,Left,emp0130@abcglobal.com
EMP0131,Ishaan,Harris,Male,1991-11-25,2025-10-09,HR,HR Business Partner,Senior,Edinburgh,United Kingdom,Remote,EMP0600,Full-time,Active,emp0131@abcglobal.com
EMP0132,Olivia,Johnson,Male,1993-01-23,2018-05-30,Sales,Sales Development Representative,Junior,Birmingham,United Kingdom,Hybrid,EMP0020,Full-time,Active,emp0132@abcglobal.com
EMP0133,Sophia,Lewis,Female,1989-06-13,2026-01-18,HR,HR Advisor,Mid,Birmingham,United Kingdom,Hybrid,EMP0600,Full-time,Active,emp0133@abcglobal.com
EMP0134,Freya,Davies,Female,1980-03-05,2020-09-11,HR,HR Business Partner,Senior,Birmingham,United Kingdom,Hybrid,EMP0165,Full-time,Active,emp0134@abcglobal.com
EMP0135,Freya,Hall,Male,1982-02-22,2017-01-14,Finance,Finance Manager,Manager,London,United Kingdom,Remote,EMP0374,Full-time,Active,emp0135@abcglobal.com
EMP0136,Muhammad,Taylor,Female,1989-01-02,2017-04-18,Customer Support,Customer Support Manager,Manager,Manchester,United Kingdom,Hybrid,EMP0416,Full-time,Active,emp0136@abcglobal.com
EMP0137,Mia,Roberts,Female,1972-11-29,2025-09-10,Customer Support,Senior Support Specialist,Senior,Edinburgh,United Kingdom,Remote,EMP0416,Contract,Active,emp0137@abcglobal.com
EMP0138,Aarav,Walker,Female,1988-07-03,2022-05-13,IT,Junior Software Developer,Junior,Bristol,United Kingdom,Office,EMP0113,Full-time,Active,emp0138@abcglobal.com
EMP0139,Oliver,Clark,Female,1975-10-23,2020-09-13,Customer Support,Customer Support Specialist,Mid,Birmingham,United Kingdom,Office,EMP0484,Full-time,Active,emp0139@abcglobal.com
EMP0140,Lily,Shah,Female,1994-11-04,2024-06-20,IT,Data Analyst,Mid,Manchester,United Kingdom,Remote,EMP0109,Full-time,Active,emp0140@abcglobal.com
EMP0141,Oliver,Singh,Male,1989-07-24,2025-02-14,Legal,Legal Manager,Manager,London,United Kingdom,Remote,,Full-time,Active,emp0141@abcglobal.com
EMP0142,Rohan,Scott,Female,1994-02-03,2017-02-11,Sales,Sales Development Representative,Junior,Bristol,United Kingdom,Office,EMP0357,Full-time,Active,emp0142@abcglobal.com
EMP0143,Leo,Young,Female,1991-06-10,2021-12-10,Sales,Sales Executive,Mid,Manchester,United Kingdom,Office,EMP0421,Full-time,Active,emp0143@abcglobal.com
EMP0144,Anaya,Roberts,Female,1991-08-05,2025-02-11,Sales,Senior Account Executive,Senior,Bristol,United Kingdom,Office,EMP0002,Part-time,Active,emp0144@abcglobal.com
EMP0145,Isla,Green,Male,1988-11-23,2020-04-23,Legal,Legal Assistant,Junior,Leeds,United Kingdom,Remote,EMP0141,Full-time,Active,emp0145@abcglobal.com
EMP0146,Freya,Hall,Male,1999-09-10,2024-11-24,Customer Support,Customer Support Specialist,Mid,Bristol,United Kingdom,Office,EMP0484,Full-time,Active,emp0146@abcglobal.com
EMP0147,Lily,Johnson,Female,1998-01-29,2017-05-17,Operations,Operations Assistant,Junior,London,United Kingdom,Office,EMP0119,Part-time,Active,emp0147@abcglobal.com
EMP0148,Ethan,Scott,Male,1980-12-13,2021-04-26,IT,Junior Software Developer,Junior,Bristol,United Kingdom,Hybrid,EMP0218,Full-time,Active,emp0148@abcglobal.com
EMP0149,Ishaan,Johnson,Female,1989-03-21,2021-01-09,IT,Junior Software Developer,Junior,London,United Kingdom,Hybrid,EMP0032,Full-time,Active,emp0149@abcglobal.com
EMP0150,Leo,Taylor,Female,1972-08-09,2021-04-09,Finance,Finance Analyst,Mid,Birmingham,United Kingdom,Remote,EMP0319,Full-time,Active,emp0150@abcglobal.com
EMP0151,Ella,Khan,Male,1989-08-12,2026-02-26,Sales,Sales Development Representative,Junior,Edinburgh,United Kingdom,Office,EMP0002,Full-time,Active,emp0151@abcglobal.com
EMP0152,Ella,Williams,Not disclosed,1993-11-19,2023-07-28,Marketing,Senior Marketing Specialist,Senior,Edinburgh,United Kingdom,Office,EMP0276,Part-time,Active,emp0152@abcglobal.com
EMP0153,Ava,Green,Female,1999-12-03,2018-12-09,IT,Senior Data Engineer,Senior,Birmingham,United Kingdom,Hybrid,EMP0353,Full-time,Left,emp0153@abcglobal.com
EMP0154,Ava,Harris,Female,1988-07-26,2018-06-08,Sales,Sales Executive,Mid,Manchester,United Kingdom,Hybrid,EMP0279,Contract,Active,emp0154@abcglobal.com
EMP0155,Jack,Scott,Female,2000-07-03,2018-09-17,IT,Data Analyst,Mid,Birmingham,United Kingdom,Office,EMP0113,Full-time,Left,emp0155@abcglobal.com
EMP0156,Sophia,White,Female,1994-07-25,2018-07-01,Finance,Senior Finance Analyst,Senior,London,United Kingdom,Office,EMP0351,Full-time,Active,emp0156@abcglobal.com
EMP0157,Ishaan,Taylor,Male,1994-12-18,2018-01-13,IT,Junior Software Developer,Junior,Leeds,United Kingdom,Office,EMP0571,Full-time,Active,emp0157@abcglobal.com
EMP0158,Harry,Khan,Female,1987-02-08,2019-06-29,Marketing,Senior Marketing Specialist,Senior,Manchester,United Kingdom,Hybrid,EMP0036,Full-time,Active,emp0158@abcglobal.com
EMP0159,Harry,White,Female,1996-03-08,2022-12-30,Customer Support,Senior Support Specialist,Senior,Manchester,United Kingdom,Hybrid,EMP0495,Contract,Active,emp0159@abcglobal.com
EMP0160,Priya,Johnson,Female,1992-08-01,2020-10-27,IT,Data Analyst,Mid,London,United Kingdom,Remote,EMP0287,Full-time,Active,emp0160@abcglobal.com
EMP0161,Olivia,White,Male,1986-12-16,2019-12-14,Sales,Sales Development Representative,Junior,London,United Kingdom,Hybrid,EMP0020,Full-time,Active,emp0161@abcglobal.com
EMP0162,Archie,Davies,Female,1982-12-01,2020-02-04,Legal,Legal Assistant,Junior,Edinburgh,United Kingdom,Hybrid,EMP0530,Full-time,Active,emp0162@abcglobal.com
EMP0163,Ishaan,Green,Female,1979-10-25,2018-10-20,Sales,Sales Development Representative,Junior,Manchester,United Kingdom,Office,EMP0357,Full-time,Active,emp0163@abcglobal.com
EMP0164,Harry,Martin,Female,1996-03-23,2024-09-18,Operations,Operations Analyst,Mid,Manchester,United Kingdom,Office,EMP0328,Contract,Left,emp0164@abcglobal.com
EMP0165,Muhammad,Khan,Female,1987-06-11,2023-09-02,HR,HR Manager,Manager,Manchester,United Kingdom,Remote,,Contract,Active,emp0165@abcglobal.com
EMP0166,Ava,Jackson,Female,1996-06-21,2017-07-16,HR,HR Advisor,Mid,Edinburgh,United Kingdom,Office,EMP0165,Full-time,Active,emp0166@abcglobal.com
EMP0167,Ishaan,Singh,Male,1994-10-03,2023-01-22,Finance,Accounts Assistant,Junior,Edinburgh,United Kingdom,Hybrid,EMP0351,Part-time,Active,emp0167@abcglobal.com
EMP0168,Aarav,Williams,Male,1981-06-18,2024-02-03,Sales,Sales Development Representative,Junior,London,United Kingdom,Office,EMP0341,Full-time,Active,emp0168@abcglobal.com
EMP0169,Noah,Taylor,Female,1984-07-20,2022-04-03,Finance,Finance Manager,Manager,London,United Kingdom,Hybrid,EMP0351,Full-time,Active,emp0169@abcglobal.com
EMP0170,George,Davies,Male,1982-06-29,2017-09-28,HR,HR Business Partner,Senior,London,United Kingdom,Office,EMP0165,Full-time,Active,emp0170@abcglobal.com
EMP0171,Ella,Thompson,Male,1978-07-17,2017-12-25,Operations,Senior Operations Specialist,Senior,Bristol,United Kingdom,Hybrid,EMP0556,Full-time,Active,emp0171@abcglobal.com
EMP0172,Arthur,Khan,Male,2002-08-20,2021-06-21,IT,Data Analyst,Mid,Manchester,United Kingdom,Remote,EMP0571,Full-time,Active,emp0172@abcglobal.com
EMP0173,Rohan,King,Male,1995-09-16,2019-11-27,IT,Data Analyst,Mid,London,United Kingdom,Hybrid,EMP0353,Full-time,Active,emp0173@abcglobal.com
EMP0174,Isla,King,Female,1987-09-10,2019-09-23,HR,HR Assistant,Junior,Manchester,United Kingdom,Hybrid,EMP0528,Full-time,Left,emp0174@abcglobal.com
EMP0175,Ella,Singh,Female,1991-07-25,2021-06-26,Finance,Accounts Assistant,Junior,Manchester,United Kingdom,Hybrid,EMP0319,Full-time,Active,emp0175@abcglobal.com
EMP0176,Oliver,Brown,Female,1991-11-20,2017-02-04,Customer Support,Customer Support Advisor,Junior,Bristol,United Kingdom,Office,EMP0286,Full-time,Active,emp0176@abcglobal.com
EMP0177,Maya,King,Female,1994-08-19,2025-08-25,Sales,Sales Development Representative,Junior,Leeds,United Kingdom,Remote,EMP0544,Full-time,Active,emp0177@abcglobal.com
EMP0178,George,Walker,Female,1991-01-09,2019-10-18,IT,Junior Software Developer,Junior,Birmingham,United Kingdom,Office,EMP0472,Full-time,Active,emp0178@abcglobal.com
EMP0179,Noah,Walker,Female,2004-01-19,2019-04-25,Customer Support,Customer Support Manager,Manager,Bristol,United Kingdom,Hybrid,EMP0063,Full-time,Active,emp0179@abcglobal.com
EMP0180,Ava,Jackson,Female,1993-11-09,2017-01-04,Operations,Senior Operations Specialist,Senior,Manchester,United Kingdom,Remote,EMP0479,Full-time,Active,emp0180@abcglobal.com
EMP0181,Oliver,Patel,Male,1995-12-30,2021-03-04,Operations,Senior Operations Specialist,Senior,Manchester,United Kingdom,Office,EMP0283,Contract,Active,emp0181@abcglobal.com
EMP0182,Isla,Martin,Male,1988-07-16,2024-12-26,Operations,Senior Operations Specialist,Senior,Birmingham,United Kingdom,Hybrid,EMP0328,Full-time,Active,emp0182@abcglobal.com
EMP0183,Archie,Green,Male,1971-11-24,2023-08-07,IT,Data Analyst,Mid,Bristol,United Kingdom,Hybrid,EMP0287,Full-time,Active,emp0183@abcglobal.com
EMP0184,Priya,Brown,Female,1980-01-06,2017-06-15,IT,Data Analyst,Mid,London,United Kingdom,Office,EMP0113,Part-time,Active,emp0184@abcglobal.com
EMP0185,Diya,Wright,Male,1976-04-02,2024-12-12,Sales,Sales Executive,Mid,Manchester,United Kingdom,Hybrid,EMP0544,Contract,Active,emp0185@abcglobal.com
EMP0186,Leo,Hall,Male,1978-12-06,2024-10-23,Customer Support,Customer Support Advisor,Junior,Edinburgh,United Kingdom,Remote,EMP0527,Part-time,Active,emp0186@abcglobal.com
EMP0187,Mia,Taylor,Male,1987-05-20,2021-07-08,Operations,Operations Analyst,Mid,Leeds,United Kingdom,Remote,EMP0128,Full-time,Active,emp0187@abcglobal.com
EMP0188,Aarav,Patel,Female,2002-11-19,2018-11-09,IT,Junior Software Developer,Junior,Edinburgh,United Kingdom,Office,EMP0215,Full-time,Left,emp0188@abcglobal.com
EMP0189,Lily,King,Male,1990-04-16,2023-04-11,Sales,Sales Executive,Mid,Bristol,United Kingdom,Hybrid,EMP0357,Full-time,Active,emp0189@abcglobal.com
EMP0190,Freya,Harris,Male,1987-03-21,2020-04-07,Sales,Sales Development Representative,Junior,Bristol,United Kingdom,Office,EMP0452,Full-time,Left,emp0190@abcglobal.com
EMP0191,Sofia,Shah,Male,2001-03-31,2020-12-01,HR,HR Assistant,Junior,Edinburgh,United Kingdom,Remote,EMP0528,Full-time,Left,emp0191@abcglobal.com
EMP0192,Oliver,Khan,Male,2004-05-28,2018-09-21,Sales,Sales Development Representative,Junior,Leeds,United Kingdom,Office,EMP0452,Full-time,Active,emp0192@abcglobal.com
EMP0193,Ethan,Shah,Female,1980-07-05,2023-05-21,HR,HR Assistant,Junior,Manchester,United Kingdom,Remote,EMP0165,Full-time,Active,emp0193@abcglobal.com
EMP0194,Sofia,Martin,Male,1989-10-27,2024-12-09,Operations,Senior Operations Specialist,Senior,Edinburgh,United Kingdom,Hybrid,EMP0420,Full-time,Active,emp0194@abcglobal.com
EMP0195,Jack,Thompson,Female,1982-01-12,2018-10-06,Legal,Legal Advisor,Mid,Leeds,United Kingdom,Hybrid,EMP0141,Full-time,Active,emp0195@abcglobal.com
EMP0196,Ishaan,Thomas,Male,1983-05-06,2026-03-21,IT,Data Analyst,Mid,London,United Kingdom,Office,EMP0113,Part-time,Active,emp0196@abcglobal.com
EMP0197,Oliver,King,Male,1989-05-23,2025-12-21,Operations,Senior Operations Specialist,Senior,Manchester,United Kingdom,Hybrid,EMP0463,Full-time,Active,emp0197@abcglobal.com
EMP0198,Olivia,Johnson,Female,1983-11-08,2020-11-15,HR,HR Assistant,Junior,Birmingham,United Kingdom,Hybrid,EMP0165,Full-time,Active,emp0198@abcglobal.com
EMP0199,Freya,Harris,Male,1986-06-02,2019-08-12,Finance,Finance Analyst,Mid,London,United Kingdom,Hybrid,EMP0051,Full-time,Active,emp0199@abcglobal.com
EMP0200,Rohan,King,Male,1994-10-13,2023-05-25,IT,Senior Data Engineer,Senior,Manchester,United Kingdom,Hybrid,EMP0287,Full-time,Left,emp0200@abcglobal.com
EMP0201,Isla,Davies,Female,1984-05-09,2021-01-30,Sales,Sales Executive,Mid,Manchester,United Kingdom,Hybrid,EMP0452,Full-time,Active,emp0201@abcglobal.com
EMP0202,Mia,White,Female,1991-04-16,2017-01-07,Marketing,Marketing Assistant,Junior,London,United Kingdom,Office,EMP0433,Contract,Active,emp0202@abcglobal.com
EMP0203,Isla,Martin,Male,1979-07-20,2022-10-14,Sales,Sales Development Representative,Junior,Birmingham,United Kingdom,Hybrid,EMP0020,Full-time,Active,emp0203@abcglobal.com
EMP0204,Arthur,Jackson,Male,1990-04-27,2019-11-05,Operations,Operations Analyst,Mid,Manchester,United Kingdom,Remote,EMP0463,Full-time,Active,emp0204@abcglobal.com
EMP0205,Freya,Wright,Male,1985-11-21,2021-08-21,Finance,Finance Manager,Manager,Birmingham,United Kingdom,Hybrid,EMP0351,Full-time,Active,emp0205@abcglobal.com
EMP0206,Grace,Jackson,Female,1981-09-29,2023-09-02,Finance,Finance Manager,Manager,London,United Kingdom,Hybrid,EMP0374,Contract,Active,emp0206@abcglobal.com
EMP0207,Luca,Khan,Female,1985-07-04,2021-11-14,IT,Junior Software Developer,Junior,Manchester,United Kingdom,Office,EMP0113,Contract,Active,emp0207@abcglobal.com
EMP0208,Grace,Johnson,Female,1993-12-14,2020-12-12,HR,HR Assistant,Junior,Manchester,United Kingdom,Remote,EMP0600,Contract,Active,emp0208@abcglobal.com
EMP0209,Maya,Martin,Female,1994-03-18,2019-06-18,IT,Junior Software Developer,Junior,Manchester,United Kingdom,Office,EMP0215,Full-time,Active,emp0209@abcglobal.com
EMP0210,Ethan,Wilson,Female,1977-11-06,2025-06-11,Customer Support,Senior Support Specialist,Senior,Edinburgh,United Kingdom,Hybrid,EMP0527,Full-time,Active,emp0210@abcglobal.com
EMP0211,Leo,Lewis,Female,1980-05-31,2023-09-11,Customer Support,Customer Support Specialist,Mid,London,United Kingdom,Office,EMP0275,Full-time,Active,emp0211@abcglobal.com
EMP0212,Muhammad,Scott,Male,1972-09-05,2025-06-28,Finance,Finance Analyst,Mid,London,United Kingdom,Hybrid,EMP0333,Full-time,Active,emp0212@abcglobal.com
EMP0213,Luca,Thomas,Female,1991-06-22,2022-10-04,Sales,Senior Account Executive,Senior,Manchester,United Kingdom,Hybrid,EMP0400,Part-time,Active,emp0213@abcglobal.com
EMP0214,Noah,Hall,Male,1985-07-14,2023-08-23,Sales,Senior Account Executive,Senior,Birmingham,United Kingdom,Office,EMP0002,Part-time,Active,emp0214@abcglobal.com
EMP0215,Noah,Jackson,Female,1999-11-20,2018-06-04,IT,IT Manager,Manager,Leeds,United Kingdom,Remote,EMP0032,Full-time,Active,emp0215@abcglobal.com
EMP0216,Ava,Walker,Male,1987-12-27,2021-06-05,Operations,Senior Operations Specialist,Senior,Manchester,United Kingdom,Hybrid,EMP0384,Full-time,Left,emp0216@abcglobal.com
EMP0217,Amelia,Smith,Male,1996-03-07,2020-09-12,HR,HR Advisor,Mid,London,United Kingdom,Hybrid,EMP0165,Full-time,Active,emp0217@abcglobal.com
EMP0218,Diya,Harris,Male,1988-08-13,2023-07-11,IT,Technology Director,Director,Birmingham,United Kingdom,Remote,,Full-time,Active,emp0218@abcglobal.com
EMP0219,Archie,Martin,Female,1992-06-05,2024-07-09,IT,Junior Software Developer,Junior,Bristol,United Kingdom,Office,EMP0396,Full-time,Left,emp0219@abcglobal.com
EMP0220,Amelia,Thomas,Female,1985-01-11,2018-09-12,IT,Junior Software Developer,Junior,Birmingham,United Kingdom,Office,EMP0109,Contract,Active,emp0220@abcglobal.com
EMP0221,Aarav,Smith,Male,1989-11-14,2023-02-11,Operations,Operations Assistant,Junior,London,United Kingdom,Hybrid,EMP0439,Part-time,Active,emp0221@abcglobal.com
EMP0222,Lily,Khan,Female,1999-12-30,2025-12-02,Sales,Sales Executive,Mid,Bristol,United Kingdom,Office,EMP0279,Full-time,Active,emp0222@abcglobal.com
EMP0223,Olivia,Lewis,Not disclosed,1984-07-23,2024-12-28,IT,Senior Data Engineer,Senior,Bristol,United Kingdom,Office,EMP0113,Full-time,Active,emp0223@abcglobal.com
EMP0224,Harry,Scott,Male,1986-04-16,2021-02-24,Finance,Accounts Assistant,Junior,London,United Kingdom,Hybrid,EMP0206,Full-time,Active,emp0224@abcglobal.com
EMP0225,Sophia,Khan,Male,1988-01-20,2022-10-13,IT,Data Analyst,Mid,Leeds,United Kingdom,Office,EMP0353,Full-time,Active,emp0225@abcglobal.com
EMP0226,Ella,Jones,Male,1976-06-21,2024-11-02,Customer Support,Customer Support Manager,Manager,London,United Kingdom,Remote,EMP0063,Full-time,Active,emp0226@abcglobal.com
EMP0227,Arthur,Jackson,Male,1984-04-04,2023-06-15,Customer Support,Customer Support Advisor,Junior,London,United Kingdom,Hybrid,EMP0275,Full-time,Left,emp0227@abcglobal.com
EMP0228,Anaya,Thompson,Female,1998-04-15,2018-08-02,Marketing,Marketing Executive,Mid,London,United Kingdom,Hybrid,EMP0276,Full-time,Active,emp0228@abcglobal.com
EMP0229,Rohan,Clark,Male,1995-11-20,2018-09-07,Sales,Senior Account Executive,Senior,Birmingham,United Kingdom,Hybrid,EMP0357,Full-time,Active,emp0229@abcglobal.com
EMP0230,Muhammad,Singh,Male,1987-07-23,2024-03-26,Finance,Finance Analyst,Mid,London,United Kingdom,Hybrid,EMP0206,Full-time,Active,emp0230@abcglobal.com
EMP0231,Oscar,Wilson,Female,2003-10-02,2022-05-16,Sales,Sales Development Representative,Junior,Manchester,United Kingdom,Remote,EMP0489,Part-time,Active,emp0231@abcglobal.com
EMP0232,Luca,Thomas,Female,1984-08-06,2023-03-01,IT,Data Analyst,Mid,London,United Kingdom,Remote,EMP0353,Contract,Active,emp0232@abcglobal.com
EMP0233,Jack,Williams,Female,1990-06-24,2023-01-17,Finance,Senior Finance Analyst,Senior,Edinburgh,United Kingdom,Office,EMP0206,Part-time,Active,emp0233@abcglobal.com
EMP0234,Diya,Johnson,Male,1990-08-18,2024-12-07,Sales,Senior Account Executive,Senior,London,United Kingdom,Office,EMP0452,Full-time,Active,emp0234@abcglobal.com
EMP0235,Anaya,White,Female,1976-09-29,2022-06-30,Finance,Finance Analyst,Mid,Manchester,United Kingdom,Office,EMP0307,Full-time,Active,emp0235@abcglobal.com
EMP0236,Oscar,Shah,Male,1997-07-03,2022-02-20,Customer Support,Senior Support Specialist,Senior,Birmingham,United Kingdom,Hybrid,EMP0527,Full-time,Active,emp0236@abcglobal.com
EMP0237,Luca,Jones,Female,1989-05-15,2023-10-09,Legal,Legal Advisor,Mid,Manchester,United Kingdom,Office,EMP0338,Contract,Active,emp0237@abcglobal.com
EMP0238,Oliver,Hall,Not disclosed,1989-04-14,2017-05-07,Sales,Sales Executive,Mid,Bristol,United Kingdom,Office,EMP0279,Full-time,Active,emp0238@abcglobal.com
EMP0239,Priya,Roberts,Female,1987-06-04,2021-09-20,Operations,Senior Operations Specialist,Senior,Bristol,United Kingdom,Remote,EMP0439,Full-time,Active,emp0239@abcglobal.com
EMP0240,Grace,Wilson,Female,1992-10-01,2020-01-02,Marketing,Senior Marketing Specialist,Senior,Edinburgh,United Kingdom,Remote,EMP0471,Full-time,Active,emp0240@abcglobal.com
EMP0241,Harry,Brown,Male,1990-12-28,2018-01-08,Marketing,Marketing Executive,Mid,London,United Kingdom,Remote,EMP0116,Full-time,Active,emp0241@abcglobal.com
EMP0242,Maya,Jones,Female,1985-01-23,2017-05-13,Operations,Operations Assistant,Junior,London,United Kingdom,Office,EMP0283,Full-time,Active,emp0242@abcglobal.com
EMP0243,Jack,Shah,Male,1985-02-02,2021-03-30,Customer Support,Customer Support Advisor,Junior,Birmingham,United Kingdom,Office,EMP0416,Full-time,Left,emp0243@abcglobal.com
EMP0244,Priya,Davies,Male,1996-07-23,2017-06-08,Finance,Accounts Assistant,Junior,London,United Kingdom,Office,EMP0351,Part-time,Active,emp0244@abcglobal.com
EMP0245,George,Shah,Male,1974-09-25,2020-03-12,Marketing,Marketing Executive,Mid,Birmingham,United Kingdom,Hybrid,EMP0276,Contract,Left,emp0245@abcglobal.com
EMP0246,Amelia,Wilson,Female,1986-07-13,2022-09-18,IT,Data Analyst,Mid,London,United Kingdom,Hybrid,EMP0353,Full-time,Active,emp0246@abcglobal.com
EMP0247,Sofia,Young,Male,1972-01-16,2024-04-08,Operations,Operations Assistant,Junior,London,United Kingdom,Hybrid,EMP0457,Full-time,Left,emp0247@abcglobal.com
EMP0248,Sophia,Roberts,Male,1988-08-20,2021-09-13,IT,Data Analyst,Mid,Edinburgh,United Kingdom,Office,EMP0396,Part-time,Active,emp0248@abcglobal.com
EMP0249,Jack,Smith,Female,1982-12-11,2019-11-18,HR,HR Assistant,Junior,Manchester,United Kingdom,Office,EMP0165,Full-time,Active,emp0249@abcglobal.com
EMP0250,Ishaan,Davies,Male,1987-12-07,2021-01-28,Sales,Sales Development Representative,Junior,London,United Kingdom,Hybrid,EMP0357,Part-time,Active,emp0250@abcglobal.com
EMP0251,Grace,Hall,Male,1980-08-05,2022-02-25,Customer Support,Customer Support Specialist,Mid,London,United Kingdom,Office,EMP0527,Full-time,Left,emp0251@abcglobal.com
EMP0252,Sophia,Thompson,Female,1986-09-05,2018-02-23,Operations,Senior Operations Specialist,Senior,Manchester,United Kingdom,Remote,EMP0504,Full-time,Active,emp0252@abcglobal.com
EMP0253,Ishaan,Lewis,Female,1980-10-23,2022-11-18,Operations,Senior Operations Specialist,Senior,London,United Kingdom,Office,EMP0463,Contract,Active,emp0253@abcglobal.com
EMP0254,Grace,Thomas,Male,1980-09-14,2019-01-27,Marketing,Marketing Assistant,Junior,Leeds,United Kingdom,Hybrid,EMP0036,Full-time,Active,emp0254@abcglobal.com
EMP0255,Ava,Hall,Female,1982-04-18,2021-06-27,Legal,Legal Assistant,Junior,London,United Kingdom,Hybrid,EMP0338,Full-time,Active,emp0255@abcglobal.com
EMP0256,Noah,Jackson,Female,1977-08-16,2020-01-09,Operations,Operations Assistant,Junior,London,United Kingdom,Hybrid,EMP0024,Full-time,Active,emp0256@abcglobal.com
EMP0257,Jack,Roberts,Male,1988-11-07,2018-06-08,Sales,Senior Account Executive,Senior,Birmingham,United Kingdom,Hybrid,EMP0341,Full-time,Active,emp0257@abcglobal.com
EMP0258,Amelia,Thompson,Male,1997-11-14,2019-02-16,Operations,Senior Operations Specialist,Senior,London,United Kingdom,Hybrid,EMP0504,Full-time,Active,emp0258@abcglobal.com
EMP0259,Noah,Smith,Female,1989-10-22,2025-02-21,Sales,Sales Development Representative,Junior,Birmingham,United Kingdom,Hybrid,EMP0357,Full-time,Active,emp0259@abcglobal.com
EMP0260,Freya,Patel,Female,1999-03-25,2023-07-26,IT,Junior Software Developer,Junior,Edinburgh,United Kingdom,Office,EMP0113,Full-time,Left,emp0260@abcglobal.com
EMP0261,Jack,Williams,Female,1977-11-19,2021-12-17,Marketing,Senior Marketing Specialist,Senior,Birmingham,United Kingdom,Hybrid,EMP0469,Full-time,Active,emp0261@abcglobal.com
EMP0262,Oscar,Jackson,Male,1993-05-21,2017-01-26,IT,Senior Data Engineer,Senior,Manchester,United Kingdom,Office,EMP0571,Full-time,Active,emp0262@abcglobal.com
EMP0263,Grace,Williams,Female,1985-11-09,2026-02-22,Marketing,Marketing Assistant,Junior,Edinburgh,United Kingdom,Office,EMP0469,Part-time,Active,emp0263@abcglobal.com
EMP0264,Oscar,Williams,Female,1976-02-10,2019-07-31,Sales,Sales Development Representative,Junior,Edinburgh,United Kingdom,Hybrid,EMP0470,Full-time,Active,emp0264@abcglobal.com
EMP0265,Luca,Clark,Female,1986-07-05,2020-11-19,IT,Data Analyst,Mid,London,United Kingdom,Remote,EMP0472,Full-time,Active,emp0265@abcglobal.com
EMP0266,Archie,Martin,Male,2000-08-21,2018-07-16,IT,Data Analyst,Mid,London,United Kingdom,Hybrid,EMP0396,Part-time,Active,emp0266@abcglobal.com
EMP0267,Rohan,Lewis,Female,1984-11-30,2017-05-23,IT,Senior Data Engineer,Senior,Manchester,United Kingdom,Hybrid,EMP0590,Full-time,Active,emp0267@abcglobal.com
EMP0268,Freya,Jones,Female,1992-03-05,2024-10-15,Customer Support,Senior Support Specialist,Senior,Birmingham,United Kingdom,Office,EMP0226,Part-time,Active,emp0268@abcglobal.com
EMP0269,George,Khan,Male,1995-11-20,2023-01-20,Marketing,Marketing Executive,Mid,Edinburgh,United Kingdom,Remote,EMP0433,Full-time,Active,emp0269@abcglobal.com
EMP0270,Sofia,Jones,Female,1988-04-02,2023-04-15,HR,HR Advisor,Mid,Birmingham,United Kingdom,Hybrid,EMP0528,Full-time,Left,emp0270@abcglobal.com
EMP0271,Ava,Jackson,Other,1980-08-30,2018-08-03,Marketing,Marketing Executive,Mid,Leeds,United Kingdom,Hybrid,EMP0469,Full-time,Active,emp0271@abcglobal.com
EMP0272,Ishaan,Young,Female,1968-02-26,2022-03-26,Marketing,Marketing Executive,Mid,London,United Kingdom,Office,EMP0433,Full-time,Active,emp0272@abcglobal.com
EMP0273,Grace,Shah,Female,1981-03-23,2018-04-18,Operations,Senior Operations Specialist,Senior,London,United Kingdom,Office,EMP0384,Full-time,Left,emp0273@abcglobal.com
EMP0274,Jack,Jones,Female,1990-12-23,2018-10-23,Operations,Senior Operations Specialist,Senior,Bristol,United Kingdom,Hybrid,EMP0128,Full-time,Active,emp0274@abcglobal.com
EMP0275,Muhammad,King,Male,1982-10-02,2018-08-29,Customer Support,Customer Support Manager,Manager,Manchester,United Kingdom,Hybrid,EMP0416,Full-time,Active,emp0275@abcglobal.com
EMP0276,Leo,White,Female,1996-11-07,2019-04-03,Marketing,Marketing Manager,Manager,Birmingham,United Kingdom,Hybrid,EMP0433,Full-time,Active,emp0276@abcglobal.com
EMP0277,Maya,Davies,Female,1984-06-02,2025-07-25,Sales,Sales Executive,Mid,Birmingham,United Kingdom,Office,EMP0020,Full-time,Active,emp0277@abcglobal.com
EMP0278,Anaya,Thomas,Female,1985-03-01,2023-06-27,Operations,Senior Operations Specialist,Senior,London,United Kingdom,Office,EMP0393,Full-time,Active,emp0278@abcglobal.com
EMP0279,Ishaan,Clark,Male,1991-03-15,2025-08-29,Sales,Sales Manager,Manager,Leeds,United Kingdom,Hybrid,EMP0452,Full-time,Left,emp0279@abcglobal.com
EMP0280,Freya,Shah,Male,1979-06-06,2023-01-25,Customer Support,Customer Support Specialist,Mid,London,United Kingdom,Remote,EMP0484,Full-time,Active,emp0280@abcglobal.com
EMP0281,Amelia,Lewis,Female,2002-06-28,2021-04-29,Sales,Sales Executive,Mid,Edinburgh,United Kingdom,Hybrid,EMP0361,Full-time,Left,emp0281@abcglobal.com
EMP0282,Ava,Wright,Male,1984-10-23,2020-02-03,Sales,Sales Development Representative,Junior,London,United Kingdom,Remote,EMP0002,Full-time,Active,emp0282@abcglobal.com
EMP0283,Olivia,Smith,Male,1975-06-26,2021-02-18,Operations,Operations Manager,Manager,Bristol,United Kingdom,Remote,EMP0393,Full-time,Active,emp0283@abcglobal.com
EMP0284,Mia,Harris,Male,1996-06-07,2017-01-20,Legal,Legal Advisor,Mid,Bristol,United Kingdom,Hybrid,EMP0141,Full-time,Active,emp0284@abcglobal.com
EMP0285,Archie,Brown,Female,1986-10-28,2017-11-26,Operations,Operations Assistant,Junior,Bristol,United Kingdom,Hybrid,EMP0360,Full-time,Active,emp0285@abcglobal.com
EMP0286,Oliver,Khan,Female,1970-12-30,2019-12-02,Customer Support,Customer Support Manager,Manager,Bristol,United Kingdom,Office,EMP0063,Full-time,Active,emp0286@abcglobal.com
EMP0287,Jack,Walker,Female,1980-05-03,2022-07-09,IT,IT Manager,Manager,Manchester,United Kingdom,Office,EMP0032,Full-time,Active,emp0287@abcglobal.com
EMP0288,Jack,Thomas,Female,1977-10-07,2020-03-15,Marketing,Senior Marketing Specialist,Senior,London,United Kingdom,Remote,EMP0547,Full-time,Active,emp0288@abcglobal.com
EMP0289,Jack,Wright,Male,1983-05-12,2021-03-30,IT,Data Analyst,Mid,London,United Kingdom,Remote,EMP0215,Full-time,Left,emp0289@abcglobal.com
EMP0290,Freya,King,Female,1994-10-05,2018-10-24,Finance,Accounts Assistant,Junior,Edinburgh,United Kingdom,Office,EMP0307,Full-time,Active,emp0290@abcglobal.com
EMP0291,Diya,Lewis,Male,1995-06-05,2019-10-01,Marketing,Marketing Executive,Mid,Leeds,United Kingdom,Hybrid,EMP0512,Contract,Active,emp0291@abcglobal.com
EMP0292,Sophia,Thompson,Female,1992-06-06,2017-07-16,IT,Junior Software Developer,Junior,Bristol,United Kingdom,Remote,EMP0218,Full-time,Active,emp0292@abcglobal.com
EMP0293,Isla,Martin,Male,1989-08-14,2022-09-02,HR,HR Advisor,Mid,Manchester,United Kingdom,Hybrid,EMP0600,Full-time,Active,emp0293@abcglobal.com
EMP0294,Leo,Davies,Male,1988-03-25,2022-10-23,HR,HR Advisor,Mid,Manchester,United Kingdom,Hybrid,EMP0528,Full-time,Active,emp0294@abcglobal.com
EMP0295,Maya,Wilson,Male,1991-05-16,2018-03-20,Operations,Operations Assistant,Junior,Leeds,United Kingdom,Hybrid,EMP0582,Full-time,Active,emp0295@abcglobal.com
EMP0296,Grace,Walker,Male,1979-08-20,2018-08-14,Finance,Finance Analyst,Mid,Leeds,United Kingdom,Hybrid,EMP0206,Part-time,Active,emp0296@abcglobal.com
EMP0297,Oscar,Martin,Male,1984-06-14,2017-11-28,Sales,Sales Development Representative,Junior,Edinburgh,United Kingdom,Remote,EMP0002,Full-time,Active,emp0297@abcglobal.com
EMP0298,Ella,Scott,Male,1992-10-05,2024-02-14,Finance,Accounts Assistant,Junior,Bristol,United Kingdom,Remote,EMP0351,Full-time,Active,emp0298@abcglobal.com
EMP0299,Harry,Jackson,Male,1985-04-30,2020-07-21,Customer Support,Customer Support Advisor,Junior,Edinburgh,United Kingdom,Hybrid,EMP0495,Full-time,Left,emp0299@abcglobal.com
EMP0300,Grace,Jones,Female,1983-01-24,2019-03-28,Operations,Senior Operations Specialist,Senior,London,United Kingdom,Hybrid,EMP0582,Full-time,Active,emp0300@abcglobal.com
EMP0301,Rohan,Clark,Male,1982-10-30,2022-02-14,Customer Support,Customer Support Advisor,Junior,Birmingham,United Kingdom,Office,EMP0136,Full-time,Active,emp0301@abcglobal.com
EMP0302,Noah,Brown,Female,1990-08-09,2020-11-11,Operations,Senior Operations Specialist,Senior,Birmingham,United Kingdom,Remote,EMP0504,Full-time,Active,emp0302@abcglobal.com
EMP0303,Anaya,Taylor,Male,1971-03-08,2020-10-29,Operations,Operations Analyst,Mid,Leeds,United Kingdom,Office,EMP0360,Full-time,Active,emp0303@abcglobal.com
EMP0304,Oliver,Green,Female,1990-08-12,2021-06-01,Sales,Senior Account Executive,Senior,Birmingham,United Kingdom,Office,EMP0489,Part-time,Active,emp0304@abcglobal.com
EMP0305,Maya,Lewis,Not disclosed,1983-11-02,2021-10-17,Customer Support,Customer Support Advisor,Junior,London,United Kingdom,Office,EMP0527,Part-time,Active,emp0305@abcglobal.com
EMP0306,Ava,Brown,Female,2003-12-14,2022-09-01,IT,Data Analyst,Mid,London,United Kingdom,Office,EMP0113,Full-time,Active,emp0306@abcglobal.com
EMP0307,Muhammad,Williams,Male,1989-10-18,2024-04-01,Finance,Finance Manager,Manager,Birmingham,United Kingdom,Hybrid,EMP0351,Part-time,Active,emp0307@abcglobal.com
EMP0308,Oscar,White,Male,1986-11-14,2019-06-19,Sales,Sales Development Representative,Junior,Edinburgh,United Kingdom,Office,EMP0341,Full-time,Active,emp0308@abcglobal.com
EMP0309,Muhammad,Williams,Male,1984-11-24,2019-04-30,Operations,Operations Manager,Manager,London,United Kingdom,Remote,EMP0128,Full-time,Active,emp0309@abcglobal.com
EMP0310,Sofia,Jones,Female,1980-12-27,2021-04-10,HR,HR Business Partner,Senior,Manchester,United Kingdom,Hybrid,EMP0528,Full-time,Active,emp0310@abcglobal.com
EMP0311,Mia,Patel,Male,1987-02-09,2017-06-09,Sales,Senior Account Executive,Senior,London,United Kingdom,Hybrid,EMP0357,Full-time,Active,emp0311@abcglobal.com
EMP0312,Freya,Martin,Female,1978-11-07,2018-01-04,Operations,Operations Analyst,Mid,London,United Kingdom,Hybrid,EMP0457,Contract,Active,emp0312@abcglobal.com
EMP0313,Isla,Brown,Male,1984-05-27,2024-12-30,Finance,Accounts Assistant,Junior,Manchester,United Kingdom,Hybrid,EMP0319,Part-time,Left,emp0313@abcglobal.com
EMP0314,Arthur,Scott,Male,1970-12-05,2025-08-14,Finance,Finance Manager,Manager,Bristol,United Kingdom,Remote,EMP0333,Full-time,Active,emp0314@abcglobal.com
EMP0315,Rohan,Shah,Female,1986-12-03,2017-11-24,HR,HR Business Partner,Senior,Edinburgh,United Kingdom,Hybrid,EMP0165,Full-time,Left,emp0315@abcglobal.com
EMP0316,Freya,Harris,Male,1964-03-10,2021-07-17,IT,Data Analyst,Mid,London,United Kingdom,Hybrid,EMP0472,Full-time,Active,emp0316@abcglobal.com
EMP0317,Jack,Singh,Female,2001-10-23,2024-06-19,Customer Support,Customer Support Advisor,Junior,London,United Kingdom,Hybrid,EMP0179,Full-time,Active,emp0317@abcglobal.com
EMP0318,George,Jones,Male,1976-10-09,2021-01-03,IT,Junior Software Developer,Junior,Birmingham,United Kingdom,Office,EMP0113,Part-time,Active,emp0318@abcglobal.com
EMP0319,Isla,Lewis,Female,1993-04-27,2020-03-10,Finance,Finance Manager,Manager,London,United Kingdom,Office,EMP0351,Full-time,Left,emp0319@abcglobal.com
EMP0320,Priya,Johnson,Male,1974-01-12,2022-12-22,Sales,Sales Development Representative,Junior,Manchester,United Kingdom,Office,EMP0341,Full-time,Active,emp0320@abcglobal.com
EMP0321,Priya,Shah,Female,1978-07-29,2020-03-08,Marketing,Marketing Assistant,Junior,London,United Kingdom,Remote,EMP0116,Full-time,Active,emp0321@abcglobal.com
EMP0322,Anaya,Shah,Not disclosed,1994-02-09,2024-07-27,Operations,Operations Analyst,Mid,Manchester,United Kingdom,Hybrid,EMP0328,Full-time,Active,emp0322@abcglobal.com
EMP0323,Oscar,Roberts,Female,1989-01-27,2021-08-25,Marketing,Senior Marketing Specialist,Senior,London,United Kingdom,Hybrid,EMP0433,Contract,Active,emp0323@abcglobal.com
EMP0324,Noah,Singh,Male,1997-02-03,2021-02-23,Sales,Sales Development Representative,Junior,Birmingham,United Kingdom,Hybrid,EMP0489,Full-time,Left,emp0324@abcglobal.com
EMP0325,Maya,Roberts,Male,1972-01-01,2022-04-13,Sales,Sales Executive,Mid,London,United Kingdom,Hybrid,EMP0544,Full-time,Active,emp0325@abcglobal.com
EMP0326,Sophia,Martin,Female,1965-07-19,2021-07-01,Marketing,Marketing Executive,Mid,Edinburgh,United Kingdom,Remote,EMP0471,Full-time,Active,emp0326@abcglobal.com
EMP0327,Sophia,Smith,Female,1980-11-03,2023-02-15,Sales,Sales Executive,Mid,London,United Kingdom,Office,EMP0489,Full-time,Active,emp0327@abcglobal.com
EMP0328,Lily,Khan,Male,1980-03-07,2024-07-03,Operations,Operations Manager,Manager,Edinburgh,United Kingdom,Remote,EMP0393,Full-time,Left,emp0328@abcglobal.com
EMP0329,Amelia,Hall,Female,1993-02-23,2023-08-05,Customer Support,Customer Support Manager,Manager,London,United Kingdom,Hybrid,EMP0063,Full-time,Active,emp0329@abcglobal.com
EMP0330,Freya,Shah,Female,1988-03-26,2020-12-27,Marketing,Marketing Manager,Manager,Birmingham,United Kingdom,Hybrid,EMP0433,Full-time,Active,emp0330@abcglobal.com
EMP0331,George,Clark,Male,1983-08-13,2021-08-31,Operations,Senior Operations Specialist,Senior,Edinburgh,United Kingdom,Hybrid,EMP0479,Full-time,Active,emp0331@abcglobal.com
EMP0332,Archie,Thomas,Female,1979-08-28,2019-08-27,IT,Senior Data Engineer,Senior,Bristol,United Kingdom,Office,EMP0215,Contract,Left,emp0332@abcglobal.com
EMP0333,Sophia,Jackson,Female,1981-04-19,2018-03-31,Finance,Finance Director,Director,London,United Kingdom,Office,,Full-time,Active,emp0333@abcglobal.com
EMP0334,Mia,Wilson,Male,1990-12-20,2021-01-18,Legal,Legal Assistant,Junior,Birmingham,United Kingdom,Office,EMP0530,Full-time,Active,emp0334@abcglobal.com
EMP0335,George,Lewis,Female,1989-11-26,2021-02-13,HR,HR Assistant,Junior,Manchester,United Kingdom,Hybrid,EMP0600,Full-time,Active,emp0335@abcglobal.com
EMP0336,Priya,Johnson,Female,1992-07-28,2021-07-31,Operations,Operations Analyst,Mid,Leeds,United Kingdom,Hybrid,EMP0384,Full-time,Active,emp0336@abcglobal.com
EMP0337,Diya,Davies,Male,1992-06-08,2022-08-31,Customer Support,Customer Support Advisor,Junior,Leeds,United Kingdom,Remote,EMP0416,Part-time,Active,emp0337@abcglobal.com
EMP0338,Ethan,Jackson,Male,1965-02-18,2019-06-09,Legal,Legal Manager,Manager,London,United Kingdom,Hybrid,,Full-time,Active,emp0338@abcglobal.com
EMP0339,Isla,Khan,Male,1996-08-10,2022-05-15,Customer Support,Senior Support Specialist,Senior,London,United Kingdom,Remote,EMP0484,Full-time,Active,emp0339@abcglobal.com
EMP0340,Amelia,Scott,Female,1991-06-26,2021-10-14,HR,HR Assistant,Junior,Manchester,United Kingdom,Remote,EMP0600,Full-time,Active,emp0340@abcglobal.com
EMP0341,Luca,Clark,Male,1997-06-12,2022-03-22,Sales,Sales Manager,Manager,Birmingham,United Kingdom,Office,EMP0421,Part-time,Active,emp0341@abcglobal.com
EMP0342,Harry,Jackson,Female,1978-10-11,2022-05-14,Marketing,Marketing Executive,Mid,London,United Kingdom,Remote,EMP0547,Full-time,Active,emp0342@abcglobal.com
EMP0343,George,Scott,Male,1988-12-06,2017-01-12,Customer Support,Senior Support Specialist,Senior,Leeds,United Kingdom,Office,EMP0329,Full-time,Active,emp0343@abcglobal.com
EMP0344,Isla,Shah,Female,1981-05-21,2019-01-24,Finance,Finance Analyst,Mid,London,United Kingdom,Hybrid,EMP0051,Full-time,Active,emp0344@abcglobal.com
EMP0345,Maya,Johnson,Female,1985-07-04,2022-12-27,Operations,Operations Analyst,Mid,London,United Kingdom,Hybrid,EMP0128,Full-time,Active,emp0345@abcglobal.com
EMP0346,Luca,Hall,Male,1989-05-27,2017-12-07,Marketing,Marketing Assistant,Junior,Bristol,United Kingdom,Office,EMP0471,Full-time,Active,emp0346@abcglobal.com
EMP0347,Ava,Thompson,Male,2003-07-25,2019-05-20,Operations,Operations Analyst,Mid,Manchester,United Kingdom,Remote,EMP0384,Full-time,Active,emp0347@abcglobal.com
EMP0348,Amelia,Brown,Female,2004-06-16,2024-09-10,Customer Support,Customer Support Advisor,Junior,Manchester,United Kingdom,Hybrid,EMP0136,Part-time,Active,emp0348@abcglobal.com
EMP0349,Oliver,Thomas,Female,1974-01-06,2026-02-19,Sales,Sales Development Representative,Junior,Leeds,United Kingdom,Hybrid,EMP0400,Full-time,Active,emp0349@abcglobal.com
EMP0350,Isla,White,Male,1991-06-23,2020-07-15,Customer Support,Senior Support Specialist,Senior,Bristol,United Kingdom,Hybrid,EMP0416,Full-time,Active,emp0350@abcglobal.com
EMP0351,Ishaan,Martin,Male,1977-03-17,2022-08-02,Finance,Finance Director,Director,London,United Kingdom,Hybrid,,Full-time,Active,emp0351@abcglobal.com
EMP0352,Arthur,Davies,Male,1984-08-07,2019-04-10,Customer Support,Customer Support Specialist,Mid,London,United Kingdom,Hybrid,EMP0063,Part-time,Active,emp0352@abcglobal.com
EMP0353,Amelia,Khan,Male,1994-04-18,2020-04-24,IT,Technology Director,Director,Birmingham,United Kingdom,Hybrid,,Full-time,Active,emp0353@abcglobal.com
EMP0354,Freya,Martin,Female,1990-07-09,2018-10-10,Sales,Senior Account Executive,Senior,Birmingham,United Kingdom,Hybrid,EMP0357,Full-time,Left,emp0354@abcglobal.com
EMP0355,Aarav,Shah,Male,1995-09-23,2022-12-01,Finance,Finance Analyst,Mid,Manchester,United Kingdom,Office,EMP0307,Full-time,Left,emp0355@abcglobal.com
EMP0356,Jack,Jackson,Male,1990-07-31,2018-07-08,Operations,Operations Analyst,Mid,Birmingham,United Kingdom,Office,EMP0479,Contract,Left,emp0356@abcglobal.com
EMP0357,Archie,Johnson,Female,1992-03-02,2018-04-21,Sales,Sales Manager,Manager,Edinburgh,United Kingdom,Hybrid,EMP0470,Full-time,Active,emp0357@abcglobal.com
EMP0358,Ella,Khan,Male,2000-05-16,2020-04-07,HR,HR Business Partner,Senior,Birmingham,United Kingdom,Hybrid,EMP0165,Full-time,Active,emp0358@abcglobal.com
EMP0359,Diya,King,Male,1977-07-09,2017-08-06,Marketing,Marketing Executive,Mid,Birmingham,United Kingdom,Hybrid,EMP0462,Full-time,Left,emp0359@abcglobal.com
EMP0360,Jack,Harris,Male,1996-01-29,2023-11-26,Operations,Operations Director,Director,Manchester,United Kingdom,Hybrid,,Full-time,Active,emp0360@abcglobal.com
EMP0361,Oscar,Khan,Female,1974-07-16,2022-05-10,Sales,Sales Manager,Manager,Manchester,United Kingdom,Remote,EMP0489,Full-time,Active,emp0361@abcglobal.com
EMP0362,Lily,Thompson,Female,1999-10-15,2026-01-08,Operations,Senior Operations Specialist,Senior,Leeds,United Kingdom,Hybrid,EMP0024,Part-time,Active,emp0362@abcglobal.com
EMP0363,Anaya,Thompson,Female,1991-10-06,2024-03-20,Finance,Finance Analyst,Mid,Birmingham,United Kingdom,Office,EMP0374,Full-time,Active,emp0363@abcglobal.com
EMP0364,Amelia,Scott,Female,1987-12-05,2017-07-16,Operations,Operations Analyst,Mid,Birmingham,United Kingdom,Hybrid,EMP0119,Full-time,Active,emp0364@abcglobal.com
EMP0365,Oliver,Clark,Male,1985-03-30,2017-01-05,IT,Data Analyst,Mid,Bristol,United Kingdom,Hybrid,EMP0396,Full-time,Active,emp0365@abcglobal.com
EMP0366,Amelia,Wright,Not disclosed,1972-06-01,2019-05-06,Legal,Legal Advisor,Mid,Manchester,United Kingdom,Office,EMP0141,Full-time,Active,emp0366@abcglobal.com
EMP0367,Freya,Jackson,Male,1979-05-05,2020-07-25,Operations,Operations Assistant,Junior,London,United Kingdom,Office,EMP0463,Contract,Active,emp0367@abcglobal.com
EMP0368,Sofia,Brown,Male,1989-05-16,2024-07-23,Marketing,Marketing Assistant,Junior,London,United Kingdom,Office,EMP0512,Full-time,Active,emp0368@abcglobal.com
EMP0369,Arthur,Scott,Female,1987-10-08,2024-01-23,Legal,Senior Legal Counsel,Senior,Bristol,United Kingdom,Hybrid,EMP0530,Full-time,Active,emp0369@abcglobal.com
EMP0370,Archie,Roberts,Female,2000-09-12,2019-07-11,Sales,Sales Development Representative,Junior,Manchester,United Kingdom,Office,EMP0489,Full-time,Active,emp0370@abcglobal.com
EMP0371,Harry,Young,Female,1977-12-02,2025-02-06,Operations,Operations Assistant,Junior,Birmingham,United Kingdom,Hybrid,EMP0479,Full-time,Active,emp0371@abcglobal.com
EMP0372,Olivia,Patel,Male,1975-04-01,2024-02-21,Finance,Accounts Assistant,Junior,Leeds,United Kingdom,Office,EMP0205,Full-time,Active,emp0372@abcglobal.com
EMP0373,Mia,Clark,Male,1985-01-26,2024-06-11,Legal,Legal Assistant,Junior,London,United Kingdom,Hybrid,EMP0338,Full-time,Active,emp0373@abcglobal.com
EMP0374,Priya,Singh,Female,1995-02-10,2023-06-09,Finance,Finance Director,Director,Edinburgh,United Kingdom,Office,,Full-time,Active,emp0374@abcglobal.com
EMP0375,Amelia,Roberts,Male,1981-08-14,2017-01-20,Legal,Legal Assistant,Junior,Bristol,United Kingdom,Hybrid,EMP0491,Full-time,Active,emp0375@abcglobal.com
EMP0376,Ethan,Thompson,Male,2004-01-21,2018-11-07,HR,HR Business Partner,Senior,Leeds,United Kingdom,Office,EMP0165,Full-time,Left,emp0376@abcglobal.com
EMP0377,Anaya,Wilson,Female,1994-07-18,2022-04-23,IT,Senior Data Engineer,Senior,Manchester,United Kingdom,Hybrid,EMP0353,Full-time,Active,emp0377@abcglobal.com
EMP0378,Leo,Walker,Male,1977-02-22,2017-06-23,IT,Data Analyst,Mid,London,United Kingdom,Hybrid,EMP0353,Part-time,Left,emp0378@abcglobal.com
EMP0379,Freya,Jackson,Male,1984-12-17,2022-09-17,HR,HR Assistant,Junior,Leeds,United Kingdom,Hybrid,EMP0600,Full-time,Active,emp0379@abcglobal.com
EMP0380,Priya,Wilson,Female,1992-06-19,2017-09-27,Sales,Senior Account Executive,Senior,London,United Kingdom,Hybrid,EMP0002,Contract,Active,emp0380@abcglobal.com
EMP0381,Anaya,Brown,Female,1993-08-30,2025-02-09,Marketing,Marketing Executive,Mid,Manchester,United Kingdom,Hybrid,EMP0091,Full-time,Left,emp0381@abcglobal.com
EMP0382,Oliver,Thomas,Female,1986-07-26,2025-05-31,Marketing,Marketing Assistant,Junior,Bristol,United Kingdom,Hybrid,EMP0036,Full-time,Active,emp0382@abcglobal.com
EMP0383,Olivia,Khan,Female,1976-05-19,2021-07-24,Sales,Sales Development Representative,Junior,London,United Kingdom,Office,EMP0400,Contract,Active,emp0383@abcglobal.com
EMP0384,Mia,Taylor,Female,1995-06-05,2024-09-04,Operations,Operations Manager,Manager,Edinburgh,United Kingdom,Office,EMP0393,Part-time,Active,emp0384@abcglobal.com
EMP0385,Leo,Brown,Male,1992-05-13,2019-01-07,IT,Junior Software Developer,Junior,London,United Kingdom,Office,EMP0396,Full-time,Active,emp0385@abcglobal.com
EMP0386,Rohan,Smith,Male,1999-05-03,2022-07-21,IT,Data Analyst,Mid,London,United Kingdom,Hybrid,EMP0113,Full-time,Active,emp0386@abcglobal.com
EMP0387,Mia,Clark,Female,1992-10-06,2023-09-04,Legal,Legal Assistant,Junior,Birmingham,United Kingdom,Remote,EMP0141,Part-time,Active,emp0387@abcglobal.com
EMP0388,Ishaan,Williams,Female,1971-11-11,2019-12-07,Operations,Senior Operations Specialist,Senior,Manchester,United Kingdom,Hybrid,EMP0384,Full-time,Active,emp0388@abcglobal.com
EMP0389,Ishaan,Jones,Male,1975-02-27,2018-08-28,Legal,Legal Assistant,Junior,London,United Kingdom,Office,EMP0006,Full-time,Active,emp0389@abcglobal.com
EMP0390,Freya,Young,Male,1992-05-15,2017-03-15,Operations,Operations Analyst,Mid,Leeds,United Kingdom,Office,EMP0463,Full-time,Left,emp0390@abcglobal.com
EMP0391,Harry,Wilson,Female,1977-05-14,2022-08-18,IT,Senior Data Engineer,Senior,Edinburgh,United Kingdom,Remote,EMP0032,Full-time,Left,emp0391@abcglobal.com
EMP0392,Oscar,Khan,Female,1987-08-07,2018-08-11,Finance,Accounts Assistant,Junior,London,United Kingdom,Hybrid,EMP0319,Full-time,Active,emp0392@abcglobal.com
EMP0393,Arthur,King,Female,1993-03-19,2018-01-18,Operations,Operations Director,Director,Birmingham,United Kingdom,Office,,Full-time,Active,emp0393@abcglobal.com
EMP0394,Freya,Young,Male,1995-11-02,2022-11-30,Sales,Sales Development Representative,Junior,Manchester,United Kingdom,Office,EMP0361,Part-time,Active,emp0394@abcglobal.com
EMP0395,Diya,Smith,Female,1988-06-21,2018-05-12,Sales,Senior Account Executive,Senior,London,United Kingdom,Hybrid,EMP0544,Full-time,Active,emp0395@abcglobal.com
EMP0396,Leo,Hall,Female,1991-06-24,2026-03-13,IT,Technology Director,Director,Edinburgh,United Kingdom,Hybrid,,Full-time,Active,emp0396@abcglobal.com
EMP0397,Noah,Patel,Male,1986-07-05,2020-11-22,Operations,Senior Operations Specialist,Senior,Manchester,United Kingdom,Hybrid,EMP0460,Full-time,Active,emp0397@abcglobal.com
EMP0398,Diya,Smith,Male,1974-11-21,2023-07-30,Customer Support,Customer Support Specialist,Mid,Manchester,United Kingdom,Office,EMP0286,Part-time,Active,emp0398@abcglobal.com
EMP0399,Grace,Lewis,Male,1982-10-20,2025-09-22,Operations,Operations Assistant,Junior,Birmingham,United Kingdom,Hybrid,EMP0460,Contract,Left,emp0399@abcglobal.com
EMP0400,Noah,Roberts,Male,1997-12-07,2021-03-19,Sales,Sales Manager,Manager,Edinburgh,United Kingdom,Remote,EMP0002,Contract,Active,emp0400@abcglobal.com
EMP0401,Maya,Johnson,Female,1986-06-15,2021-12-05,IT,Data Analyst,Mid,Bristol,United Kingdom,Office,EMP0113,Full-time,Active,emp0401@abcglobal.com
EMP0402,Diya,Shah,Female,1994-01-26,2018-10-31,Sales,Sales Development Representative,Junior,Birmingham,United Kingdom,Remote,EMP0361,Full-time,Active,emp0402@abcglobal.com
EMP0403,Priya,Thomas,Female,1986-06-17,2021-02-09,Sales,Senior Account Executive,Senior,Manchester,United Kingdom,Hybrid,EMP0489,Full-time,Active,emp0403@abcglobal.com
EMP0404,Arthur,Martin,Female,1984-03-17,2020-03-31,Customer Support,Senior Support Specialist,Senior,Manchester,United Kingdom,Remote,EMP0484,Full-time,Active,emp0404@abcglobal.com
EMP0405,Maya,Hall,Female,1999-01-25,2025-02-24,Finance,Accounts Assistant,Junior,Edinburgh,United Kingdom,Hybrid,EMP0206,Full-time,Active,emp0405@abcglobal.com
EMP0406,Aarav,Wright,Female,1999-06-10,2019-04-09,Operations,Operations Analyst,Mid,London,United Kingdom,Hybrid,EMP0328,Full-time,Active,emp0406@abcglobal.com
EMP0407,Aarav,Khan,Male,1985-12-14,2019-12-21,HR,HR Assistant,Junior,Birmingham,United Kingdom,Hybrid,EMP0600,Full-time,Active,emp0407@abcglobal.com
EMP0408,Luca,Harris,Female,1977-03-01,2022-08-19,Operations,Operations Assistant,Junior,Edinburgh,United Kingdom,Hybrid,EMP0439,Full-time,Active,emp0408@abcglobal.com
EMP0409,Olivia,Davies,Male,1992-08-02,2021-07-06,Sales,Sales Development Representative,Junior,Leeds,United Kingdom,Hybrid,EMP0020,Part-time,Active,emp0409@abcglobal.com
EMP0410,Isla,Clark,Female,1983-07-02,2019-06-10,HR,HR Assistant,Junior,Birmingham,United Kingdom,Hybrid,EMP0165,Full-time,Active,emp0410@abcglobal.com
EMP0411,Ishaan,Hall,Female,1993-01-14,2025-07-01,Sales,Sales Executive,Mid,London,United Kingdom,Hybrid,EMP0489,Full-time,Active,emp0411@abcglobal.com
EMP0412,Anaya,King,Male,2000-07-21,2026-03-10,Legal,Legal Assistant,Junior,Birmingham,United Kingdom,Remote,EMP0530,Full-time,Active,emp0412@abcglobal.com
EMP0413,Maya,Thompson,Male,1994-06-04,2022-03-14,Sales,Sales Development Representative,Junior,Manchester,United Kingdom,Office,EMP0489,Full-time,Active,emp0413@abcglobal.com
EMP0414,Isla,Hall,Male,1985-07-12,2023-02-11,IT,Data Analyst,Mid,Edinburgh,United Kingdom,Hybrid,EMP0032,Full-time,Active,emp0414@abcglobal.com
EMP0415,Lily,Davies,Male,1966-02-06,2017-05-26,Operations,Operations Assistant,Junior,Bristol,United Kingdom,Hybrid,EMP0479,Part-time,Active,emp0415@abcglobal.com
EMP0416,Aarav,Shah,Male,1998-08-26,2023-03-20,Customer Support,Customer Experience Director,Director,Leeds,United Kingdom,Office,,Contract,Left,emp0416@abcglobal.com
EMP0417,Jack,King,Male,1997-04-12,2024-08-09,Customer Support,Customer Support Specialist,Mid,London,United Kingdom,Hybrid,EMP0136,Full-time,Left,emp0417@abcglobal.com
EMP0418,Lily,Khan,Male,1968-10-11,2020-08-11,Sales,Sales Executive,Mid,Edinburgh,United Kingdom,Hybrid,EMP0470,Full-time,Left,emp0418@abcglobal.com
EMP0419,Amelia,Roberts,Female,1982-09-20,2018-12-15,Customer Support,Customer Support Advisor,Junior,Manchester,United Kingdom,Remote,EMP0495,Full-time,Left,emp0419@abcglobal.com
EMP0420,Amelia,Thompson,Female,1989-01-21,2025-10-06,Operations,Operations Manager,Manager,Birmingham,United Kingdom,Office,EMP0360,Full-time,Active,emp0420@abcglobal.com
EMP0421,Isla,Roberts,Female,2000-11-06,2022-05-22,Sales,Sales Director,Director,Edinburgh,United Kingdom,Office,,Full-time,Left,emp0421@abcglobal.com
EMP0422,Arthur,Jones,Male,2001-01-16,2023-12-26,HR,HR Advisor,Mid,Manchester,United Kingdom,Remote,EMP0165,Full-time,Active,emp0422@abcglobal.com
EMP0423,Mia,Clark,Female,1987-07-22,2022-05-26,Customer Support,Customer Support Specialist,Mid,Manchester,United Kingdom,Hybrid,EMP0438,Full-time,Active,emp0423@abcglobal.com
EMP0424,Olivia,Harris,Male,2002-05-02,2019-08-21,Sales,Sales Executive,Mid,Birmingham,United Kingdom,Office,EMP0002,Full-time,Active,emp0424@abcglobal.com
EMP0425,Grace,Walker,Male,1976-03-27,2020-03-20,Customer Support,Senior Support Specialist,Senior,Edinburgh,United Kingdom,Remote,EMP0329,Full-time,Active,emp0425@abcglobal.com
EMP0426,Priya,Scott,Male,1995-10-01,2022-01-13,IT,Data Analyst,Mid,London,United Kingdom,Remote,EMP0215,Full-time,Active,emp0426@abcglobal.com
EMP0427,George,Harris,Male,1977-01-15,2021-03-07,Customer Support,Customer Support Advisor,Junior,Edinburgh,United Kingdom,Remote,EMP0286,Full-time,Active,emp0427@abcglobal.com
EMP0428,Lily,King,Female,1975-05-02,2022-05-10,Legal,Senior Legal Counsel,Senior,Birmingham,United Kingdom,Office,EMP0530,Full-time,Active,emp0428@abcglobal.com
EMP0429,Olivia,King,Male,1973-07-06,2025-08-19,Sales,Sales Development Representative,Junior,Edinburgh,United Kingdom,Hybrid,EMP0544,Part-time,Left,emp0429@abcglobal.com
EMP0430,Anaya,Taylor,Female,1974-09-29,2018-11-15,HR,HR Advisor,Mid,London,United Kingdom,Hybrid,EMP0528,Part-time,Left,emp0430@abcglobal.com
EMP0431,Jack,Clark,Female,1975-08-26,2020-12-10,IT,Junior Software Developer,Junior,Edinburgh,United Kingdom,Hybrid,EMP0215,Full-time,Left,emp0431@abcglobal.com
EMP0432,Oliver,Young,Female,1999-09-15,2020-11-15,Sales,Senior Account Executive,Senior,Edinburgh,United Kingdom,Hybrid,EMP0489,Full-time,Active,emp0432@abcglobal.com
EMP0433,Arthur,Hall,Male,1995-07-06,2018-11-29,Marketing,Marketing Director,Director,Bristol,United Kingdom,Office,,Full-time,Active,emp0433@abcglobal.com
EMP0434,Ishaan,Wilson,Male,1999-10-18,2022-06-15,IT,Senior Data Engineer,Senior,Manchester,United Kingdom,Office,EMP0218,Full-time,Active,emp0434@abcglobal.com
EMP0435,Oscar,Martin,Male,1989-10-07,2024-07-14,IT,Junior Software Developer,Junior,London,United Kingdom,Office,EMP0113,Part-time,Left,emp0435@abcglobal.com
EMP0436,George,Singh,Male,1992-01-31,2022-02-13,Legal,Legal Assistant,Junior,Leeds,United Kingdom,Office,EMP0530,Full-time,Active,emp0436@abcglobal.com
EMP0437,Lily,Brown,Female,1983-06-01,2023-03-30,Finance,Finance Analyst,Mid,Edinburgh,United Kingdom,Hybrid,EMP0374,Full-time,Active,emp0437@abcglobal.com
EMP0438,Archie,Williams,Male,1987-10-25,2023-05-10,Customer Support,Customer Support Manager,Manager,Bristol,United Kingdom,Office,EMP0063,Full-time,Active,emp0438@abcglobal.com
EMP0439,Grace,Davies,Male,1982-12-06,2025-12-29,Operations,Operations Manager,Manager,Manchester,United Kingdom,Hybrid,EMP0024,Full-time,Active,emp0439@abcglobal.com
EMP0440,Sophia,Williams,Male,1991-11-17,2023-05-06,Sales,Sales Executive,Mid,Manchester,United Kingdom,Remote,EMP0020,Full-time,Active,emp0440@abcglobal.com
EMP0441,Oscar,Green,Male,1989-06-22,2020-08-20,Customer Support,Senior Support Specialist,Senior,Birmingham,United Kingdom,Remote,EMP0416,Full-time,Active,emp0441@abcglobal.com
EMP0442,Arthur,Thomas,Female,1989-10-20,2024-10-26,Operations,Operations Assistant,Junior,London,United Kingdom,Remote,EMP0328,Full-time,Left,emp0442@abcglobal.com
EMP0443,Olivia,Williams,Male,1978-02-04,2023-05-10,IT,Junior Software Developer,Junior,London,United Kingdom,Hybrid,EMP0396,Full-time,Active,emp0443@abcglobal.com
EMP0444,Olivia,Wright,Male,1984-01-03,2020-11-16,Finance,Finance Analyst,Mid,London,United Kingdom,Hybrid,EMP0333,Full-time,Active,emp0444@abcglobal.com
EMP0445,Jack,Johnson,Female,2001-07-11,2026-02-02,Customer Support,Customer Support Advisor,Junior,London,United Kingdom,Office,EMP0063,Full-time,Active,emp0445@abcglobal.com
EMP0446,Grace,Harris,Female,2003-07-18,2025-02-02,Operations,Senior Operations Specialist,Senior,London,United Kingdom,Remote,EMP0504,Full-time,Active,emp0446@abcglobal.com
EMP0447,Leo,Shah,Male,1980-05-22,2020-05-16,IT,Junior Software Developer,Junior,London,United Kingdom,Hybrid,EMP0032,Full-time,Active,emp0447@abcglobal.com
EMP0448,Oliver,Jackson,Female,1983-08-20,2022-01-02,HR,HR Business Partner,Senior,Birmingham,United Kingdom,Hybrid,EMP0165,Full-time,Active,emp0448@abcglobal.com
EMP0449,Diya,White,Female,1997-05-30,2025-09-25,Finance,Senior Finance Analyst,Senior,Birmingham,United Kingdom,Hybrid,EMP0319,Full-time,Active,emp0449@abcglobal.com
EMP0450,Ella,Walker,Female,1995-04-25,2017-02-19,IT,Junior Software Developer,Junior,Manchester,United Kingdom,Office,EMP0396,Full-time,Active,emp0450@abcglobal.com
EMP0451,Ella,Khan,Male,1993-06-17,2022-04-05,Legal,Legal Assistant,Junior,Manchester,United Kingdom,Office,EMP0530,Full-time,Active,emp0451@abcglobal.com
EMP0452,Freya,Jackson,Female,1985-04-08,2023-04-10,Sales,Sales Director,Director,London,United Kingdom,Office,,Full-time,Active,emp0452@abcglobal.com
EMP0453,Mia,Smith,Male,2004-04-12,2018-05-26,IT,Data Analyst,Mid,London,United Kingdom,Office,EMP0353,Full-time,Active,emp0453@abcglobal.com
EMP0454,Oscar,Jones,Female,1988-10-20,2017-04-02,Sales,Senior Account Executive,Senior,London,United Kingdom,Hybrid,EMP0361,Full-time,Active,emp0454@abcglobal.com
EMP0455,Sofia,Scott,Female,1965-07-15,2024-02-14,Finance,Finance Analyst,Mid,London,United Kingdom,Hybrid,EMP0319,Full-time,Active,emp0455@abcglobal.com
EMP0456,Diya,Shah,Male,1993-04-16,2024-09-25,Customer Support,Senior Support Specialist,Senior,Birmingham,United Kingdom,Hybrid,EMP0484,Full-time,Active,emp0456@abcglobal.com
EMP0457,Priya,Shah,Female,1996-12-10,2023-05-04,Operations,Operations Director,Director,Birmingham,United Kingdom,Office,,Full-time,Active,emp0457@abcglobal.com
EMP0458,Mia,Davies,Male,1990-04-06,2024-12-23,Sales,Senior Account Executive,Senior,Birmingham,United Kingdom,Office,EMP0452,Full-time,Active,emp0458@abcglobal.com
EMP0459,Ishaan,Brown,Female,1988-07-02,2024-09-05,Operations,Operations Analyst,Mid,London,United Kingdom,Hybrid,EMP0360,Part-time,Left,emp0459@abcglobal.com
EMP0460,Isla,Shah,Male,1989-10-09,2025-11-12,Operations,Operations Manager,Manager,Bristol,United Kingdom,Hybrid,EMP0479,Contract,Active,emp0460@abcglobal.com
EMP0461,Olivia,Wilson,Female,1972-09-23,2024-06-09,Finance,Finance Analyst,Mid,Leeds,United Kingdom,Hybrid,EMP0205,Full-time,Active,emp0461@abcglobal.com
EMP0462,Ella,Wilson,Female,1991-08-29,2020-10-15,Marketing,Marketing Manager,Manager,Birmingham,United Kingdom,Office,EMP0433,Full-time,Left,emp0462@abcglobal.com
EMP0463,Archie,Williams,Male,1982-10-15,2017-06-12,Operations,Operations Manager,Manager,Birmingham,United Kingdom,Office,EMP0360,Full-time,Active,emp0463@abcglobal.com
EMP0464,Oscar,Patel,Female,1982-10-13,2019-03-26,Finance,Accounts Assistant,Junior,Edinburgh,United Kingdom,Hybrid,EMP0205,Full-time,Active,emp0464@abcglobal.com
EMP0465,Diya,Walker,Female,1994-10-25,2021-02-09,Customer Support,Senior Support Specialist,Senior,Manchester,United Kingdom,Hybrid,EMP0226,Full-time,Active,emp0465@abcglobal.com
EMP0466,Muhammad,King,Female,1986-03-26,2024-02-20,HR,HR Advisor,Mid,Edinburgh,United Kingdom,Office,EMP0165,Full-time,Active,emp0466@abcglobal.com
EMP0467,Aarav,Roberts,Female,1989-03-23,2023-08-04,Operations,Senior Operations Specialist,Senior,London,United Kingdom,Hybrid,EMP0439,Full-time,Active,emp0467@abcglobal.com
EMP0468,Priya,Jones,Female,1991-08-23,2022-04-25,HR,HR Assistant,Junior,Edinburgh,United Kingdom,Hybrid,EMP0600,Full-time,Active,emp0468@abcglobal.com
EMP0469,Rohan,Brown,Female,1991-10-09,2025-02-24,Marketing,Marketing Manager,Manager,Bristol,United Kingdom,Hybrid,EMP0433,Contract,Active,emp0469@abcglobal.com
EMP0470,Priya,Hall,Male,1984-08-16,2024-08-12,Sales,Sales Director,Director,Bristol,United Kingdom,Hybrid,,Full-time,Active,emp0470@abcglobal.com
EMP0471,Noah,Khan,Male,1981-08-15,2020-05-13,Marketing,Marketing Manager,Manager,Manchester,United Kingdom,Office,EMP0433,Part-time,Active,emp0471@abcglobal.com
EMP0472,Jack,Shah,Female,1990-04-17,2026-04-13,IT,IT Manager,Manager,Leeds,United Kingdom,Remote,EMP0218,Part-time,Active,emp0472@abcglobal.com
EMP0473,Diya,Green,Female,1989-02-23,2024-08-20,Sales,Sales Executive,Mid,Birmingham,United Kingdom,Hybrid,EMP0544,Full-time,Active,emp0473@abcglobal.com
EMP0474,Harry,Harris,Male,1973-09-03,2022-08-07,Marketing,Senior Marketing Specialist,Senior,Birmingham,United Kingdom,Office,EMP0433,Full-time,Active,emp0474@abcglobal.com
EMP0475,Noah,Wilson,Female,2001-06-07,2021-01-17,Operations,Operations Analyst,Mid,Edinburgh,United Kingdom,Hybrid,EMP0393,Full-time,Active,emp0475@abcglobal.com
EMP0476,Muhammad,King,Female,1983-05-17,2022-06-24,IT,Data Analyst,Mid,Birmingham,United Kingdom,Office,EMP0032,Full-time,Active,emp0476@abcglobal.com
EMP0477,Oscar,Jones,Male,2003-10-23,2021-11-14,Sales,Sales Executive,Mid,Manchester,United Kingdom,Office,EMP0489,Full-time,Active,emp0477@abcglobal.com
EMP0478,Ethan,Thompson,Male,1990-02-14,2023-04-26,Marketing,Senior Marketing Specialist,Senior,London,United Kingdom,Office,EMP0091,Full-time,Active,emp0478@abcglobal.com
EMP0479,Archie,Shah,Not disclosed,1986-11-19,2021-05-01,Operations,Operations Director,Director,Leeds,United Kingdom,Hybrid,,Full-time,Active,emp0479@abcglobal.com
EMP0480,Oscar,King,Female,2003-04-05,2023-12-14,Sales,Sales Development Representative,Junior,Bristol,United Kingdom,Hybrid,EMP0020,Full-time,Active,emp0480@abcglobal.com
EMP0481,Mia,Scott,Female,1989-09-16,2024-04-17,Sales,Senior Account Executive,Senior,London,United Kingdom,Remote,EMP0544,Contract,Active,emp0481@abcglobal.com
EMP0482,Jack,King,Female,1977-07-19,2020-05-26,IT,Junior Software Developer,Junior,London,United Kingdom,Hybrid,EMP0353,Full-time,Active,emp0482@abcglobal.com
EMP0483,Lily,Singh,Female,1997-04-13,2021-05-20,Legal,Legal Assistant,Junior,Leeds,United Kingdom,Remote,EMP0006,Full-time,Active,emp0483@abcglobal.com
EMP0484,Sophia,Jones,Female,2004-04-22,2017-12-15,Customer Support,Customer Support Manager,Manager,Edinburgh,United Kingdom,Hybrid,EMP0063,Full-time,Active,emp0484@abcglobal.com
EMP0485,Ishaan,Taylor,Male,1999-01-24,2017-02-15,Operations,Operations Assistant,Junior,Leeds,United Kingdom,Hybrid,EMP0439,Full-time,Active,emp0485@abcglobal.com
EMP0486,Grace,King,Male,1990-03-02,2023-04-30,Sales,Senior Account Executive,Senior,London,United Kingdom,Hybrid,EMP0002,Full-time,Active,emp0486@abcglobal.com
EMP0487,Mia,Martin,Female,1983-02-22,2018-11-14,IT,Data Analyst,Mid,Manchester,United Kingdom,Office,EMP0571,Full-time,Active,emp0487@abcglobal.com
EMP0488,Freya,Hall,Female,1997-06-21,2022-11-19,Legal,Senior Legal Counsel,Senior,Birmingham,United Kingdom,Office,EMP0491,Full-time,Active,emp0488@abcglobal.com
EMP0489,Mia,Scott,Male,1996-02-21,2020-11-28,Sales,Sales Director,Director,London,United Kingdom,Office,,Full-time,Active,emp0489@abcglobal.com
EMP0490,Freya,Wright,Female,1997-04-23,2023-03-15,Operations,Senior Operations Specialist,Senior,Birmingham,United Kingdom,Remote,EMP0024,Full-time,Active,emp0490@abcglobal.com
EMP0491,Diya,Khan,Female,1991-01-23,2026-02-07,Legal,Legal Manager,Manager,Birmingham,United Kingdom,Hybrid,,Full-time,Active,emp0491@abcglobal.com
EMP0492,Lily,Roberts,Female,1989-03-23,2021-10-30,IT,Data Analyst,Mid,Leeds,United Kingdom,Hybrid,EMP0396,Full-time,Active,emp0492@abcglobal.com
EMP0493,Oliver,Khan,Male,1995-06-17,2018-09-02,Sales,Senior Account Executive,Senior,Birmingham,United Kingdom,Hybrid,EMP0279,Full-time,Active,emp0493@abcglobal.com
EMP0494,Luca,Wright,Female,1994-10-11,2022-02-08,Operations,Operations Assistant,Junior,London,United Kingdom,Office,EMP0463,Full-time,Active,emp0494@abcglobal.com
EMP0495,Ishaan,Young,Female,1999-11-21,2018-01-03,Customer Support,Customer Support Manager,Manager,Birmingham,United Kingdom,Office,EMP0063,Full-time,Active,emp0495@abcglobal.com
EMP0496,Arthur,Clark,Female,1982-09-02,2025-04-02,IT,Data Analyst,Mid,London,United Kingdom,Remote,EMP0113,Full-time,Active,emp0496@abcglobal.com
EMP0497,Amelia,Taylor,Male,1982-08-30,2020-04-23,Sales,Sales Executive,Mid,Birmingham,United Kingdom,Remote,EMP0400,Full-time,Left,emp0497@abcglobal.com
EMP0498,Lily,Green,Male,1995-11-07,2018-05-13,IT,Junior Software Developer,Junior,Edinburgh,United Kingdom,Office,EMP0287,Full-time,Active,emp0498@abcglobal.com
EMP0499,Ethan,Wright,Female,1991-03-27,2023-09-13,Operations,Operations Assistant,Junior,Birmingham,United Kingdom,Office,EMP0360,Full-time,Left,emp0499@abcglobal.com
EMP0500,Ethan,Harris,Male,1985-05-23,2025-07-09,Sales,Sales Executive,Mid,Leeds,United Kingdom,Office,EMP0489,Full-time,Active,emp0500@abcglobal.com
EMP0501,Rohan,Wilson,Male,1995-08-15,2022-11-27,IT,Data Analyst,Mid,Edinburgh,United Kingdom,Hybrid,EMP0396,Contract,Active,emp0501@abcglobal.com
EMP0502,Sofia,Clark,Male,1993-09-30,2026-01-14,Operations,Operations Assistant,Junior,Manchester,United Kingdom,Remote,EMP0393,Full-time,Active,emp0502@abcglobal.com
EMP0503,Sofia,Jackson,Male,1997-03-13,2018-07-10,Marketing,Marketing Executive,Mid,London,United Kingdom,Hybrid,EMP0116,Part-time,Active,emp0503@abcglobal.com
EMP0504,George,Martin,Female,1994-04-09,2026-01-07,Operations,Operations Manager,Manager,Edinburgh,United Kingdom,Remote,EMP0393,Part-time,Active,emp0504@abcglobal.com
EMP0505,Maya,King,Female,1990-06-09,2021-03-07,Finance,Accounts Assistant,Junior,Bristol,United Kingdom,Remote,EMP0051,Full-time,Active,emp0505@abcglobal.com
EMP0506,Archie,Brown,Other,1984-01-25,2022-09-19,Sales,Sales Executive,Mid,London,United Kingdom,Hybrid,EMP0489,Part-time,Active,emp0506@abcglobal.com
EMP0507,Amelia,Clark,Not disclosed,1989-02-22,2022-08-31,IT,Data Analyst,Mid,Birmingham,United Kingdom,Remote,EMP0032,Full-time,Active,emp0507@abcglobal.com
EMP0508,Lily,Green,Male,1982-07-06,2025-05-05,Marketing,Marketing Executive,Mid,Birmingham,United Kingdom,Remote,EMP0469,Full-time,Active,emp0508@abcglobal.com
EMP0509,Ishaan,Johnson,Male,1987-07-16,2023-01-31,HR,HR Business Partner,Senior,London,United Kingdom,Hybrid,EMP0528,Full-time,Active,emp0509@abcglobal.com
EMP0510,Rohan,Hall,Male,1990-01-21,2019-01-01,Sales,Sales Executive,Mid,Birmingham,United Kingdom,Office,EMP0452,Full-time,Left,emp0510@abcglobal.com
EMP0511,Mia,Patel,Female,1998-04-20,2025-02-06,Marketing,Marketing Assistant,Junior,Birmingham,United Kingdom,Hybrid,EMP0276,Full-time,Left,emp0511@abcglobal.com
EMP0512,Sophia,Smith,Female,2004-04-25,2020-08-07,Marketing,Marketing Manager,Manager,Bristol,United Kingdom,Remote,EMP0433,Full-time,Active,emp0512@abcglobal.com
EMP0513,George,Roberts,Male,2000-12-05,2022-02-28,Legal,Legal Advisor,Mid,London,United Kingdom,Office,EMP0006,Full-time,Active,emp0513@abcglobal.com
EMP0514,Maya,Green,Male,1992-10-15,2017-07-17,IT,Data Analyst,Mid,London,United Kingdom,Hybrid,EMP0599,Full-time,Active,emp0514@abcglobal.com
EMP0515,Mia,Martin,Male,1982-02-21,2019-02-07,Finance,Finance Analyst,Mid,London,United Kingdom,Office,EMP0333,Full-time,Active,emp0515@abcglobal.com
EMP0516,Maya,Martin,Male,2003-08-10,2021-09-05,Operations,Senior Operations Specialist,Senior,Edinburgh,United Kingdom,Office,EMP0024,Full-time,Active,emp0516@abcglobal.com
EMP0517,Ethan,Khan,Female,1982-12-11,2022-07-20,IT,Data Analyst,Mid,London,United Kingdom,Remote,EMP0032,Full-time,Active,emp0517@abcglobal.com
EMP0518,Isla,Wilson,Male,1991-09-11,2019-02-21,Sales,Sales Executive,Mid,London,United Kingdom,Hybrid,EMP0400,Full-time,Active,emp0518@abcglobal.com
EMP0519,Noah,Harris,Male,2000-04-03,2021-04-16,Operations,Operations Analyst,Mid,Leeds,United Kingdom,Office,EMP0582,Full-time,Active,emp0519@abcglobal.com
EMP0520,Aarav,Taylor,Not disclosed,1995-09-16,2018-03-05,Sales,Senior Account Executive,Senior,London,United Kingdom,Hybrid,EMP0400,Part-time,Active,emp0520@abcglobal.com
EMP0521,Oliver,Patel,Female,1991-05-02,2020-06-26,Marketing,Marketing Assistant,Junior,Manchester,United Kingdom,Hybrid,EMP0036,Full-time,Active,emp0521@abcglobal.com
EMP0522,Oscar,Patel,Male,1986-12-10,2024-05-23,IT,Junior Software Developer,Junior,London,United Kingdom,Remote,EMP0472,Full-time,Active,emp0522@abcglobal.com
EMP0523,Priya,Jackson,Male,1980-02-24,2025-05-13,IT,Senior Data Engineer,Senior,Leeds,United Kingdom,Office,EMP0287,Contract,Left,emp0523@abcglobal.com
EMP0524,Maya,King,Male,1995-11-03,2017-02-17,HR,HR Assistant,Junior,Leeds,United Kingdom,Hybrid,EMP0528,Part-time,Active,emp0524@abcglobal.com
EMP0525,Lily,King,Female,1990-10-22,2023-12-16,Finance,Finance Analyst,Mid,Edinburgh,United Kingdom,Office,EMP0205,Full-time,Active,emp0525@abcglobal.com
EMP0526,Oscar,Hall,Male,1987-05-19,2025-02-07,Finance,Finance Analyst,Mid,Birmingham,United Kingdom,Office,EMP0051,Full-time,Active,emp0526@abcglobal.com
EMP0527,Isla,Davies,Female,1975-01-20,2025-01-11,Customer Support,Customer Support Manager,Manager,Manchester,United Kingdom,Hybrid,EMP0063,Full-time,Active,emp0527@abcglobal.com
EMP0528,Oliver,Williams,Female,1975-01-02,2021-07-06,HR,HR Manager,Manager,London,United Kingdom,Hybrid,,Part-time,Active,emp0528@abcglobal.com
EMP0529,Aarav,Walker,Male,1986-03-16,2017-05-31,HR,HR Assistant,Junior,Manchester,United Kingdom,Hybrid,EMP0528,Full-time,Active,emp0529@abcglobal.com
EMP0530,Leo,Wright,Female,1988-07-16,2019-12-20,Legal,Legal Manager,Manager,Bristol,United Kingdom,Remote,,Full-time,Left,emp0530@abcglobal.com
EMP0531,Priya,Wilson,Female,1973-05-20,2025-11-06,HR,HR Assistant,Junior,Birmingham,United Kingdom,Office,EMP0528,Full-time,Active,emp0531@abcglobal.com
EMP0532,Sofia,Lewis,Female,1990-06-10,2020-05-06,IT,Senior Data Engineer,Senior,Birmingham,United Kingdom,Hybrid,EMP0215,Full-time,Active,emp0532@abcglobal.com
EMP0533,George,Harris,Male,1982-01-22,2017-08-04,Operations,Senior Operations Specialist,Senior,Leeds,United Kingdom,Hybrid,EMP0119,Full-time,Active,emp0533@abcglobal.com
EMP0534,Noah,Smith,Female,1984-11-14,2025-09-06,Sales,Sales Executive,Mid,Leeds,United Kingdom,Office,EMP0470,Full-time,Left,emp0534@abcglobal.com
EMP0535,Harry,Martin,Other,1982-12-24,2024-05-17,HR,HR Assistant,Junior,Manchester,United Kingdom,Hybrid,EMP0165,Full-time,Left,emp0535@abcglobal.com
EMP0536,Rohan,Scott,Male,1989-04-22,2025-04-27,Customer Support,Customer Support Specialist,Mid,Edinburgh,United Kingdom,Office,EMP0179,Full-time,Left,emp0536@abcglobal.com
EMP0537,Sofia,Scott,Female,1987-01-26,2018-02-24,IT,Senior Data Engineer,Senior,Birmingham,United Kingdom,Remote,EMP0287,Full-time,Left,emp0537@abcglobal.com
EMP0538,Oliver,Scott,Female,1988-10-13,2019-03-15,Operations,Operations Analyst,Mid,London,United Kingdom,Hybrid,EMP0460,Full-time,Active,emp0538@abcglobal.com
EMP0539,Aarav,King,Female,1986-07-11,2024-10-26,Operations,Senior Operations Specialist,Senior,Edinburgh,United Kingdom,Office,EMP0582,Contract,Active,emp0539@abcglobal.com
EMP0540,Ishaan,Roberts,Male,1980-12-19,2017-09-20,Operations,Senior Operations Specialist,Senior,Bristol,United Kingdom,Hybrid,EMP0457,Full-time,Active,emp0540@abcglobal.com
EMP0541,Sofia,Lewis,Male,1986-08-04,2024-08-15,Sales,Sales Executive,Mid,London,United Kingdom,Hybrid,EMP0544,Full-time,Active,emp0541@abcglobal.com
EMP0542,Aarav,Green,Female,1994-11-09,2021-09-20,HR,HR Advisor,Mid,Edinburgh,United Kingdom,Remote,EMP0528,Part-time,Active,emp0542@abcglobal.com
EMP0543,Archie,Scott,Female,1992-12-02,2019-06-19,Finance,Accounts Assistant,Junior,Leeds,United Kingdom,Office,EMP0351,Full-time,Active,emp0543@abcglobal.com
EMP0544,Ishaan,Patel,Not disclosed,1989-06-30,2026-03-25,Sales,Sales Manager,Manager,Edinburgh,United Kingdom,Hybrid,EMP0002,Full-time,Active,emp0544@abcglobal.com
EMP0545,Lily,Wilson,Female,2003-10-17,2023-03-05,Operations,Operations Analyst,Mid,London,United Kingdom,Hybrid,EMP0119,Full-time,Active,emp0545@abcglobal.com
EMP0546,Olivia,Lewis,Male,1987-04-26,2026-02-01,Marketing,Marketing Assistant,Junior,Manchester,United Kingdom,Hybrid,EMP0469,Full-time,Active,emp0546@abcglobal.com
EMP0547,Aarav,Thomas,Male,1984-11-24,2024-03-12,Marketing,Marketing Manager,Manager,Bristol,United Kingdom,Office,EMP0433,Full-time,Active,emp0547@abcglobal.com
EMP0548,Amelia,Wright,Male,1991-03-30,2022-07-19,Finance,Finance Analyst,Mid,Edinburgh,United Kingdom,Office,EMP0374,Full-time,Active,emp0548@abcglobal.com
EMP0549,Rohan,Khan,Male,1982-12-22,2025-08-19,Finance,Finance Analyst,Mid,Leeds,United Kingdom,Hybrid,EMP0333,Full-time,Active,emp0549@abcglobal.com
EMP0550,Sophia,Johnson,Male,1998-05-09,2024-11-11,HR,HR Business Partner,Senior,Edinburgh,United Kingdom,Hybrid,EMP0528,Full-time,Active,emp0550@abcglobal.com
EMP0551,Arthur,Wright,Male,1981-06-10,2019-06-10,Marketing,Marketing Executive,Mid,Bristol,United Kingdom,Hybrid,EMP0433,Full-time,Active,emp0551@abcglobal.com
EMP0552,Maya,Thompson,Female,2004-03-12,2021-05-29,Operations,Senior Operations Specialist,Senior,Manchester,United Kingdom,Remote,EMP0128,Full-time,Active,emp0552@abcglobal.com
EMP0553,Sophia,Jackson,Female,1993-08-02,2021-07-15,IT,Data Analyst,Mid,Manchester,United Kingdom,Hybrid,EMP0218,Contract,Active,emp0553@abcglobal.com
EMP0554,Maya,Patel,Not disclosed,1982-08-05,2019-11-21,IT,Senior Data Engineer,Senior,London,United Kingdom,Remote,EMP0472,Part-time,Active,emp0554@abcglobal.com
EMP0555,Leo,Clark,Female,1986-10-10,2021-04-03,Operations,Operations Assistant,Junior,Manchester,United Kingdom,Office,EMP0128,Full-time,Left,emp0555@abcglobal.com
EMP0556,Aarav,Harris,Female,1978-12-30,2020-12-29,Operations,Operations Manager,Manager,Birmingham,United Kingdom,Hybrid,EMP0360,Full-time,Active,emp0556@abcglobal.com
EMP0557,Isla,Lewis,Female,1991-03-20,2018-04-30,IT,Senior Data Engineer,Senior,Bristol,United Kingdom,Remote,EMP0215,Full-time,Active,emp0557@abcglobal.com
EMP0558,Rohan,Williams,Male,1978-01-29,2019-08-10,Sales,Sales Executive,Mid,Leeds,United Kingdom,Office,EMP0361,Full-time,Active,emp0558@abcglobal.com
EMP0559,Oscar,Davies,Female,1989-11-30,2017-04-05,Marketing,Marketing Executive,Mid,Leeds,United Kingdom,Hybrid,EMP0471,Contract,Active,emp0559@abcglobal.com
EMP0560,Oscar,Wilson,Male,1983-07-14,2023-05-27,IT,Senior Data Engineer,Senior,Manchester,United Kingdom,Remote,EMP0590,Part-time,Left,emp0560@abcglobal.com
EMP0561,Sophia,Shah,Male,1991-08-25,2021-05-04,Finance,Finance Analyst,Mid,Bristol,United Kingdom,Hybrid,EMP0206,Full-time,Active,emp0561@abcglobal.com
EMP0562,Luca,Scott,Female,1996-09-10,2019-05-01,IT,Junior Software Developer,Junior,Manchester,United Kingdom,Remote,EMP0571,Part-time,Active,emp0562@abcglobal.com
EMP0563,Diya,Patel,Male,1972-07-09,2025-12-06,Finance,Accounts Assistant,Junior,Leeds,United Kingdom,Hybrid,EMP0319,Full-time,Active,emp0563@abcglobal.com
EMP0564,Arthur,Jones,Female,1995-07-22,2023-10-05,Operations,Operations Analyst,Mid,London,United Kingdom,Office,EMP0556,Full-time,Active,emp0564@abcglobal.com
EMP0565,Freya,Thomas,Female,1980-09-05,2023-04-19,IT,Senior Data Engineer,Senior,Bristol,United Kingdom,Office,EMP0472,Full-time,Active,emp0565@abcglobal.com
EMP0566,Anaya,Scott,Female,2001-09-24,2021-08-17,Finance,Senior Finance Analyst,Senior,London,United Kingdom,Remote,EMP0314,Full-time,Active,emp0566@abcglobal.com
EMP0567,Mia,Singh,Female,1977-02-21,2019-10-17,Sales,Sales Development Representative,Junior,Bristol,United Kingdom,Hybrid,EMP0452,Full-time,Active,emp0567@abcglobal.com
EMP0568,Archie,Smith,Male,1986-05-18,2025-12-30,Customer Support,Senior Support Specialist,Senior,Birmingham,United Kingdom,Hybrid,EMP0226,Full-time,Active,emp0568@abcglobal.com
EMP0569,Oliver,Wright,Male,1988-08-16,2020-08-18,Customer Support,Customer Support Specialist,Mid,London,United Kingdom,Hybrid,EMP0438,Full-time,Active,emp0569@abcglobal.com
EMP0570,Lily,King,Other,1983-12-24,2024-01-23,Operations,Operations Analyst,Mid,London,United Kingdom,Hybrid,EMP0460,Part-time,Active,emp0570@abcglobal.com
EMP0571,Anaya,Wright,Female,1986-09-21,2025-07-08,IT,IT Manager,Manager,Birmingham,United Kingdom,Hybrid,EMP0353,Full-time,Active,emp0571@abcglobal.com
EMP0572,Diya,Brown,Male,1967-09-20,2023-09-03,Sales,Sales Development Representative,Junior,Edinburgh,United Kingdom,Office,EMP0020,Part-time,Active,emp0572@abcglobal.com
EMP0573,Diya,Jackson,Other,1988-11-19,2022-04-11,Operations,Operations Assistant,Junior,Bristol,United Kingdom,Hybrid,EMP0420,Full-time,Active,emp0573@abcglobal.com
EMP0574,George,King,Other,1982-05-16,2025-09-27,Operations,Operations Assistant,Junior,Leeds,United Kingdom,Office,EMP0460,Part-time,Active,emp0574@abcglobal.com
EMP0575,Muhammad,Scott,Female,1982-05-14,2020-06-13,Operations,Operations Analyst,Mid,Birmingham,United Kingdom,Remote,EMP0283,Part-time,Active,emp0575@abcglobal.com
EMP0576,Muhammad,Taylor,Female,1986-08-09,2021-01-10,IT,Junior Software Developer,Junior,London,United Kingdom,Office,EMP0571,Full-time,Active,emp0576@abcglobal.com
EMP0577,Olivia,Johnson,Male,1976-04-28,2023-10-30,Operations,Senior Operations Specialist,Senior,London,United Kingdom,Hybrid,EMP0504,Full-time,Active,emp0577@abcglobal.com
EMP0578,Leo,Williams,Female,1986-05-03,2024-06-17,Customer Support,Customer Support Advisor,Junior,Birmingham,United Kingdom,Hybrid,EMP0329,Part-time,Active,emp0578@abcglobal.com
EMP0579,Amelia,Thomas,Male,1982-05-06,2020-04-22,Customer Support,Customer Support Specialist,Mid,Birmingham,United Kingdom,Office,EMP0527,Contract,Left,emp0579@abcglobal.com
EMP0580,Leo,Young,Female,1991-01-28,2023-05-16,Finance,Finance Analyst,Mid,London,United Kingdom,Hybrid,EMP0351,Full-time,Active,emp0580@abcglobal.com
EMP0581,Priya,Young,Male,1981-12-10,2024-09-20,Sales,Sales Executive,Mid,London,United Kingdom,Hybrid,EMP0361,Full-time,Active,emp0581@abcglobal.com
EMP0582,Noah,Walker,Female,1997-04-07,2025-01-24,Operations,Operations Manager,Manager,Birmingham,United Kingdom,Office,EMP0479,Full-time,Active,emp0582@abcglobal.com
EMP0583,Mia,White,Female,1990-08-11,2018-08-31,Finance,Accounts Assistant,Junior,London,United Kingdom,Hybrid,EMP0374,Full-time,Active,emp0583@abcglobal.com
EMP0584,Ella,Williams,Female,1989-08-30,2017-09-19,Customer Support,Customer Support Specialist,Mid,Birmingham,United Kingdom,Hybrid,EMP0136,Full-time,Active,emp0584@abcglobal.com
EMP0585,Ethan,Martin,Male,1982-08-22,2017-09-25,IT,Data Analyst,Mid,Leeds,United Kingdom,Hybrid,EMP0599,Full-time,Left,emp0585@abcglobal.com
EMP0586,Ella,Johnson,Female,1990-10-12,2022-03-26,IT,Junior Software Developer,Junior,London,United Kingdom,Hybrid,EMP0032,Full-time,Left,emp0586@abcglobal.com
EMP0587,Anaya,Patel,Male,1989-08-20,2019-11-10,Sales,Sales Development Representative,Junior,Manchester,United Kingdom,Office,EMP0361,Full-time,Active,emp0587@abcglobal.com
EMP0588,Lily,Martin,Female,1987-07-09,2023-11-09,Finance,Finance Analyst,Mid,Manchester,United Kingdom,Remote,EMP0374,Full-time,Active,emp0588@abcglobal.com
EMP0589,Sophia,Johnson,Female,1973-06-29,2017-02-17,IT,Data Analyst,Mid,London,United Kingdom,Office,EMP0472,Full-time,Active,emp0589@abcglobal.com
EMP0590,George,Martin,Other,1986-05-18,2019-04-14,IT,IT Manager,Manager,Manchester,United Kingdom,Hybrid,EMP0109,Full-time,Active,emp0590@abcglobal.com
EMP0591,Mia,Jones,Female,2002-10-05,2018-06-21,Legal,Legal Assistant,Junior,Manchester,United Kingdom,Office,EMP0491,Full-time,Active,emp0591@abcglobal.com
EMP0592,Muhammad,Williams,Male,1995-08-28,2017-08-02,IT,Senior Data Engineer,Senior,London,United Kingdom,Hybrid,EMP0113,Full-time,Active,emp0592@abcglobal.com
EMP0593,Anaya,Davies,Female,2001-09-04,2020-12-29,Operations,Operations Assistant,Junior,London,United Kingdom,Office,EMP0309,Full-time,Left,emp0593@abcglobal.com
EMP0594,Maya,White,Female,1997-06-10,2024-08-24,Operations,Operations Analyst,Mid,Birmingham,United Kingdom,Office,EMP0556,Full-time,Active,emp0594@abcglobal.com
EMP0595,Rohan,Taylor,Male,1991-01-03,2023-09-23,Customer Support,Customer Support Advisor,Junior,London,United Kingdom,Remote,EMP0063,Full-time,Active,emp0595@abcglobal.com
EMP0596,Ishaan,Jones,Female,1994-11-12,2025-12-17,HR,HR Business Partner,Senior,London,United Kingdom,Hybrid,EMP0600,Full-time,Left,emp0596@abcglobal.com
EMP0597,Archie,Patel,Male,1985-10-23,2020-03-09,Operations,Operations Analyst,Mid,Manchester,United Kingdom,Remote,EMP0393,Full-time,Left,emp0597@abcglobal.com
EMP0598,Oliver,Brown,Male,1968-08-09,2017-12-21,Sales,Sales Executive,Mid,Edinburgh,United Kingdom,Remote,EMP0002,Full-time,Active,emp0598@abcglobal.com
EMP0599,Diya,Walker,Female,1990-09-02,2019-07-14,IT,IT Manager,Manager,Manchester,United Kingdom,Hybrid,EMP0353,Full-time,Active,emp0599@abcglobal.com
EMP0600,Jack,Jones,Male,1985-12-21,2022-08-15,HR,HR Manager,Manager,Leeds,United Kingdom,Office,,Full-time,Active,emp0600@abcglobal.com
