performance_id,employee_id,review_year,review_period,performance_rating,potential_rating,promotion_flag,manager_id
PERF000001,EMP0001,2024,Annual,4,5,0,EMP0416
PERF000002,EMP0001,2025,Annual,5,5,0,EMP0416
PERF000003,EMP0001,2025,Mid-Year,5,4,0,EMP0416
PERF000004,EMP0002,2024,Annual,4,4,0,
PERF000005,EMP0002,2025,Annual,4,4,0,
PERF000006,EMP0002,2025,Mid-Year,4,4,0,
PERF000007,EMP0003,2024,Annual,4,3,0,EMP0024
PERF000008,EMP0003,2025,Annual,4,4,0,EMP0024
PERF000009,EMP0003,2025,Mid-Year,4,4,1,EMP0024
PERF000010,EMP0004,2024,Annual,3,3,0,EMP0218
PERF000011,EMP0004,2025,Annual,3,3,0,EMP0218
PERF000012,EMP0004,2025,Mid-Year,3,2,0,EMP0218
PERF000013,EMP0005,2024,Annual,4,3,0,EMP0384
PERF000014,EMP0005,2024,Mid-Year,3,2,0,EMP0384
PERF000015,EMP0005,2025,Annual,3,4,0,EMP0384
PERF000016,EMP0005,2025,Mid-Year,3,3,0,EMP0384
PERF000017,EMP0006,2024,Annual,3,3,0,
PERF000018,EMP0006,2025,Annual,3,4,0,
PERF000019,EMP0007,2024,Annual,4,4,0,EMP0469
PERF000020,EMP0007,2025,Annual,4,4,0,EMP0469
PERF000021,EMP0007,2025,Mid-Year,3,3,0,EMP0469
PERF000022,EMP0008,2024,Annual,3,5,0,EMP0590
PERF000023,EMP0008,2025,Annual,4,4,0,EMP0590
PERF000024,EMP0010,2025,Annual,5,5,0,EMP0528
PERF000025,EMP0011,2024,Annual,2,2,0,EMP0333
PERF000026,EMP0011,2025,Annual,3,3,0,EMP0333
PERF000027,EMP0011,2025,Mid-Year,3,4,0,EMP0333
PERF000028,EMP0012,2024,Annual,5,5,0,EMP0460
PERF000029,EMP0012,2024,Mid-Year,3,4,0,EMP0460
PERF000030,EMP0012,2025,Annual,5,5,0,EMP0460
PERF000031,EMP0013,2024,Annual,3,3,0,EMP0491
PERF000032,EMP0013,2024,Mid-Year,2,1,0,EMP0491
PERF000033,EMP0013,2025,Annual,3,4,0,EMP0491
PERF000034,EMP0014,2024,Annual,4,3,0,EMP0421
PERF000035,EMP0014,2024,Mid-Year,5,5,0,EMP0421
PERF000036,EMP0014,2025,Annual,4,4,0,EMP0421
PERF000037,EMP0014,2025,Mid-Year,4,4,0,EMP0421
PERF000038,EMP0015,2025,Annual,3,3,0,EMP0528
PERF000039,EMP0016,2024,Annual,3,4,0,EMP0275
PERF000040,EMP0016,2025,Annual,4,5,1,EMP0275
PERF000041,EMP0017,2024,Annual,5,5,1,EMP0330
PERF000042,EMP0017,2025,Annual,5,5,1,EMP0330
PERF000043,EMP0019,2024,Annual,3,3,0,EMP0169
PERF000044,EMP0019,2025,Annual,3,4,0,EMP0169
PERF000045,EMP0019,2025,Mid-Year,3,3,0,EMP0169
PERF000046,EMP0020,2024,Annual,4,4,0,EMP0470
PERF000047,EMP0020,2024,Mid-Year,4,4,1,EMP0470
PERF000048,EMP0020,2025,Annual,5,4,1,EMP0470
PERF000049,EMP0021,2024,Annual,4,5,0,EMP0141
PERF000050,EMP0021,2025,Annual,5,5,0,EMP0141
PERF000051,EMP0021,2025,Mid-Year,4,5,0,EMP0141
PERF000052,EMP0022,2024,Annual,3,3,0,EMP0020
PERF000053,EMP0022,2024,Mid-Year,4,5,1,EMP0020
PERF000054,EMP0022,2025,Annual,4,4,0,EMP0020
PERF000055,EMP0022,2025,Mid-Year,4,4,0,EMP0020
PERF000056,EMP0023,2024,Annual,4,3,0,EMP0024
PERF000057,EMP0023,2025,Annual,5,5,0,EMP0024
PERF000058,EMP0024,2025,Annual,5,5,1,
PERF000059,EMP0024,2025,Mid-Year,4,4,0,
PERF000060,EMP0025,2024,Annual,5,5,0,EMP0590
PERF000061,EMP0025,2024,Mid-Year,4,4,0,EMP0590
PERF000062,EMP0025,2025,Annual,5,5,0,EMP0590
PERF000063,EMP0026,2024,Annual,4,4,0,EMP0361
PERF000064,EMP0026,2025,Annual,2,2,0,EMP0361
PERF000065,EMP0027,2024,Annual,2,1,0,EMP0329
PERF000066,EMP0027,2024,Mid-Year,4,3,0,EMP0329
PERF000067,EMP0027,2025,Annual,4,4,0,EMP0329
PERF000068,EMP0029,2024,Annual,4,4,0,EMP0006
PERF000069,EMP0029,2024,Mid-Year,4,4,1,EMP0006
PERF000070,EMP0029,2025,Annual,2,2,0,EMP0006
PERF000071,EMP0029,2025,Mid-Year,3,2,0,EMP0006
PERF000072,EMP0030,2024,Annual,4,4,0,EMP0599
PERF000073,EMP0030,2024,Mid-Year,4,4,1,EMP0599
PERF000074,EMP0030,2025,Annual,4,5,1,EMP0599
PERF000075,EMP0031,2025,Annual,3,3,0,EMP0438
PERF000076,EMP0031,2025,Mid-Year,3,4,0,EMP0438
PERF000077,EMP0032,2024,Annual,4,5,1,
PERF000078,EMP0032,2025,Annual,4,4,1,
PERF000079,EMP0032,2025,Mid-Year,3,3,0,
PERF000080,EMP0034,2024,Annual,2,3,0,EMP0384
PERF000081,EMP0034,2024,Mid-Year,3,2,0,EMP0384
PERF000082,EMP0034,2025,Annual,2,3,0,EMP0384
PERF000083,EMP0035,2024,Annual,4,5,0,EMP0438
PERF000084,EMP0035,2024,Mid-Year,3,2,0,EMP0438
PERF000085,EMP0035,2025,Annual,4,5,0,EMP0438
PERF000086,EMP0036,2024,Annual,3,4,0,EMP0433
PERF000087,EMP0036,2025,Annual,2,2,0,EMP0433
PERF000088,EMP0037,2024,Annual,3,3,0,EMP0179
PERF000089,EMP0037,2024,Mid-Year,4,4,0,EMP0179
PERF000090,EMP0037,2025,Annual,4,4,0,EMP0179
PERF000091,EMP0038,2024,Annual,4,3,0,EMP0328
PERF000092,EMP0038,2024,Mid-Year,4,3,0,EMP0328
PERF000093,EMP0038,2025,Annual,4,2,0,EMP0328
PERF000094,EMP0038,2025,Mid-Year,4,4,0,EMP0328
PERF000095,EMP0039,2024,Annual,4,3,0,EMP0547
PERF000096,EMP0039,2024,Mid-Year,3,5,0,EMP0547
PERF000097,EMP0039,2025,Annual,3,3,0,EMP0547
PERF000098,EMP0039,2025,Mid-Year,4,4,0,EMP0547
PERF000099,EMP0040,2024,Annual,3,3,0,EMP0341
PERF000100,EMP0040,2024,Mid-Year,4,5,0,EMP0341
PERF000101,EMP0040,2025,Annual,4,5,0,EMP0341
PERF000102,EMP0041,2024,Annual,2,3,0,EMP0472
PERF000103,EMP0041,2025,Annual,2,2,0,EMP0472
PERF000104,EMP0042,2024,Annual,2,2,0,EMP0544
PERF000105,EMP0042,2024,Mid-Year,2,2,0,EMP0544
PERF000106,EMP0042,2025,Annual,2,3,0,EMP0544
PERF000107,EMP0043,2025,Annual,3,3,0,EMP0338
PERF000108,EMP0044,2024,Annual,4,2,0,EMP0226
PERF000109,EMP0044,2024,Mid-Year,3,4,0,EMP0226
PERF000110,EMP0044,2025,Annual,4,4,0,EMP0226
PERF000111,EMP0045,2024,Annual,3,3,0,EMP0504
PERF000112,EMP0045,2024,Mid-Year,4,5,0,EMP0504
PERF000113,EMP0045,2025,Annual,4,4,0,EMP0504
PERF000114,EMP0045,2025,Mid-Year,3,2,0,EMP0504
PERF000115,EMP0046,2024,Annual,4,3,0,EMP0351
PERF000116,EMP0046,2024,Mid-Year,4,3,0,EMP0351
PERF000117,EMP0046,2025,Annual,3,3,0,EMP0351
PERF000118,EMP0046,2025,Mid-Year,4,4,1,EMP0351
PERF000119,EMP0047,2024,Annual,4,5,0,EMP0307
PERF000120,EMP0047,2024,Mid-Year,3,3,0,EMP0307
PERF000121,EMP0047,2025,Annual,4,4,1,EMP0307
PERF000122,EMP0047,2025,Mid-Year,3,3,0,EMP0307
PERF000123,EMP0048,2025,Annual,2,2,0,EMP0109
PERF000124,EMP0048,2025,Mid-Year,2,2,0,EMP0109
PERF000125,EMP0049,2024,Annual,2,1,0,EMP0361
PERF000126,EMP0049,2025,Annual,4,5,0,EMP0361
PERF000127,EMP0049,2025,Mid-Year,4,3,0,EMP0361
PERF000128,EMP0051,2024,Annual,3,2,0,EMP0333
PERF000129,EMP0051,2025,Annual,4,3,0,EMP0333
PERF000130,EMP0052,2024,Annual,5,4,0,EMP0384
PERF000131,EMP0052,2024,Mid-Year,5,5,0,EMP0384
PERF000132,EMP0053,2024,Annual,4,4,0,EMP0091
PERF000133,EMP0053,2025,Annual,4,4,0,EMP0091
PERF000134,EMP0053,2025,Mid-Year,5,5,0,EMP0091
PERF000135,EMP0054,2025,Annual,5,5,0,EMP0438
PERF000136,EMP0054,2025,Mid-Year,3,4,0,EMP0438
PERF000137,EMP0055,2024,Annual,3,2,0,EMP0206
PERF000138,EMP0055,2025,Annual,2,2,0,EMP0206
PERF000139,EMP0055,2025,Mid-Year,3,3,0,EMP0206
PERF000140,EMP0057,2024,Annual,2,3,0,EMP0287
PERF000141,EMP0057,2025,Annual,3,2,0,EMP0287
PERF000142,EMP0057,2025,Mid-Year,2,1,0,EMP0287
PERF000143,EMP0058,2024,Annual,3,3,0,EMP0452
PERF000144,EMP0058,2025,Annual,2,3,0,EMP0452
PERF000145,EMP0059,2024,Annual,4,4,1,EMP0600
PERF000146,EMP0059,2025,Annual,4,3,0,EMP0600
PERF000147,EMP0059,2025,Mid-Year,5,5,0,EMP0600
PERF000148,EMP0060,2024,Annual,2,2,0,EMP0020
PERF000149,EMP0060,2025,Annual,3,3,0,EMP0020
PERF000150,EMP0061,2024,Annual,5,5,0,EMP0287
PERF000151,EMP0061,2025,Annual,5,5,0,EMP0287
PERF000152,EMP0061,2025,Mid-Year,5,4,1,EMP0287
PERF000153,EMP0062,2024,Annual,4,4,0,EMP0463
PERF000154,EMP0062,2024,Mid-Year,4,4,0,EMP0463
PERF000155,EMP0062,2025,Annual,4,3,0,EMP0463
PERF000156,EMP0062,2025,Mid-Year,3,3,0,EMP0463
PERF000157,EMP0063,2024,Annual,2,1,0,
PERF000158,EMP0063,2024,Mid-Year,3,2,0,
PERF000159,EMP0063,2025,Annual,3,3,0,
PERF000160,EMP0064,2024,Annual,4,4,0,EMP0416
PERF000161,EMP0064,2024,Mid-Year,4,3,0,EMP0416
PERF000162,EMP0064,2025,Annual,4,4,0,EMP0416
PERF000163,EMP0064,2025,Mid-Year,4,4,0,EMP0416
PERF000164,EMP0065,2024,Annual,4,4,1,EMP0279
PERF000165,EMP0065,2024,Mid-Year,4,3,0,EMP0279
PERF000166,EMP0065,2025,Annual,3,3,0,EMP0279
PERF000167,EMP0065,2025,Mid-Year,4,3,0,EMP0279
PERF000168,EMP0066,2024,Annual,4,4,0,EMP0484
PERF000169,EMP0066,2025,Annual,5,5,0,EMP0484
PERF000170,EMP0068,2024,Annual,2,2,0,EMP0544
PERF000171,EMP0068,2025,Annual,3,3,0,EMP0544
PERF000172,EMP0070,2024,Annual,3,4,0,EMP0226
PERF000173,EMP0070,2025,Annual,3,3,0,EMP0226
PERF000174,EMP0071,2024,Annual,5,5,0,EMP0116
PERF000175,EMP0072,2025,Annual,3,3,0,EMP0590
PERF000176,EMP0073,2025,Annual,3,3,0,EMP0338
PERF000177,EMP0074,2024,Annual,5,5,1,EMP0470
PERF000178,EMP0074,2024,Mid-Year,3,4,0,EMP0470
PERF000179,EMP0074,2025,Annual,3,3,0,EMP0470
PERF000180,EMP0075,2024,Annual,5,4,0,EMP0512
PERF000181,EMP0075,2025,Annual,4,4,0,EMP0512
PERF000182,EMP0077,2024,Annual,4,4,0,EMP0472
PERF000183,EMP0077,2024,Mid-Year,3,2,0,EMP0472
PERF000184,EMP0077,2025,Annual,3,3,0,EMP0472
PERF000185,EMP0079,2024,Annual,3,3,0,EMP0556
PERF000186,EMP0079,2024,Mid-Year,3,3,0,EMP0556
PERF000187,EMP0079,2025,Annual,2,2,0,EMP0556
PERF000188,EMP0080,2024,Annual,5,5,1,EMP0169
PERF000189,EMP0080,2024,Mid-Year,5,5,0,EMP0169
PERF000190,EMP0080,2025,Annual,4,3,0,EMP0169
PERF000191,EMP0081,2024,Annual,3,1,0,EMP0024
PERF000192,EMP0081,2025,Annual,4,3,0,EMP0024
PERF000193,EMP0081,2025,Mid-Year,4,4,0,EMP0024
PERF000194,EMP0082,2025,Annual,4,3,0,EMP0416
PERF000195,EMP0082,2025,Mid-Year,3,3,0,EMP0416
PERF000196,EMP0083,2024,Annual,3,2,0,EMP0400
PERF000197,EMP0083,2025,Annual,3,3,0,EMP0400
PERF000198,EMP0084,2025,Annual,3,4,0,EMP0329
PERF000199,EMP0084,2025,Mid-Year,4,4,1,EMP0329
PERF000200,EMP0085,2024,Annual,4,3,0,EMP0116
PERF000201,EMP0085,2024,Mid-Year,4,3,0,EMP0116
PERF000202,EMP0085,2025,Annual,4,3,0,EMP0116
PERF000203,EMP0085,2025,Mid-Year,3,3,0,EMP0116
PERF000204,EMP0086,2024,Annual,3,2,0,EMP0393
PERF000205,EMP0086,2025,Annual,2,2,0,EMP0393
PERF000206,EMP0087,2024,Annual,3,4,0,EMP0544
PERF000207,EMP0087,2025,Annual,3,3,0,EMP0544
PERF000208,EMP0087,2025,Mid-Year,3,5,0,EMP0544
PERF000209,EMP0088,2024,Annual,4,5,0,EMP0470
PERF000210,EMP0088,2025,Annual,3,3,0,EMP0470
PERF000211,EMP0088,2025,Mid-Year,5,5,0,EMP0470
PERF000212,EMP0089,2024,Annual,4,3,0,EMP0547
PERF000213,EMP0089,2024,Mid-Year,3,3,0,EMP0547
PERF000214,EMP0089,2025,Annual,4,4,0,EMP0547
PERF000215,EMP0090,2024,Annual,4,4,0,EMP0328
PERF000216,EMP0090,2024,Mid-Year,5,5,0,EMP0328
PERF000217,EMP0090,2025,Annual,4,3,0,EMP0328
PERF000218,EMP0091,2024,Annual,3,2,0,EMP0433
PERF000219,EMP0091,2025,Annual,2,2,0,EMP0433
PERF000220,EMP0092,2024,Annual,4,5,0,EMP0590
PERF000221,EMP0092,2025,Annual,4,4,0,EMP0590
PERF000222,EMP0093,2025,Annual,2,2,0,EMP0528
PERF000223,EMP0094,2024,Annual,3,2,0,EMP0544
PERF000224,EMP0094,2025,Annual,3,3,0,EMP0544
PERF000225,EMP0094,2025,Mid-Year,2,2,0,EMP0544
PERF000226,EMP0095,2024,Annual,4,4,0,EMP0504
PERF000227,EMP0095,2025,Annual,3,3,0,EMP0504
PERF000228,EMP0095,2025,Mid-Year,3,4,0,EMP0504
PERF000229,EMP0096,2024,Annual,4,3,0,EMP0109
PERF000230,EMP0096,2024,Mid-Year,5,5,0,EMP0109
PERF000231,EMP0096,2025,Annual,4,5,0,EMP0109
PERF000232,EMP0097,2025,Annual,4,5,0,EMP0599
PERF000233,EMP0099,2024,Annual,4,4,0,EMP0470
PERF000234,EMP0099,2024,Mid-Year,3,2,0,EMP0470
PERF000235,EMP0099,2025,Annual,3,4,0,EMP0470
PERF000236,EMP0100,2024,Annual,5,5,0,EMP0353
PERF000237,EMP0100,2025,Annual,5,4,1,EMP0353
PERF000238,EMP0101,2024,Annual,2,2,0,EMP0279
PERF000239,EMP0101,2025,Annual,2,2,0,EMP0279
PERF000240,EMP0101,2025,Mid-Year,2,2,0,EMP0279
PERF000241,EMP0102,2024,Annual,2,2,0,EMP0547
PERF000242,EMP0102,2024,Mid-Year,2,1,0,EMP0547
PERF000243,EMP0102,2025,Annual,3,3,0,EMP0547
PERF000244,EMP0102,2025,Mid-Year,2,3,0,EMP0547
PERF000245,EMP0103,2024,Annual,3,3,0,EMP0091
PERF000246,EMP0103,2025,Annual,4,3,0,EMP0091
PERF000247,EMP0103,2025,Mid-Year,3,4,0,EMP0091
PERF000248,EMP0104,2024,Annual,2,3,0,EMP0484
PERF000249,EMP0104,2024,Mid-Year,1,2,0,EMP0484
PERF000250,EMP0104,2025,Annual,2,3,0,EMP0484
PERF000251,EMP0105,2025,Annual,3,3,0,EMP0113
PERF000252,EMP0105,2025,Mid-Year,3,2,0,EMP0113
PERF000253,EMP0106,2024,Annual,2,3,0,EMP0571
PERF000254,EMP0106,2025,Annual,3,3,0,EMP0571
PERF000255,EMP0107,2025,Annual,4,5,0,EMP0528
PERF000256,EMP0108,2024,Annual,3,4,0,EMP0141
PERF000257,EMP0108,2025,Annual,5,4,0,EMP0141
PERF000258,EMP0108,2025,Mid-Year,3,4,0,EMP0141
PERF000259,EMP0109,2024,Annual,3,4,0,
PERF000260,EMP0109,2024,Mid-Year,3,4,0,
PERF000261,EMP0109,2025,Annual,4,5,0,
PERF000262,EMP0110,2024,Annual,4,5,0,EMP0179
PERF000263,EMP0110,2024,Mid-Year,4,4,0,EMP0179
PERF000264,EMP0110,2025,Annual,3,2,0,EMP0179
PERF000265,EMP0111,2024,Annual,4,4,0,EMP0215
PERF000266,EMP0111,2025,Annual,3,2,0,EMP0215
PERF000267,EMP0112,2024,Annual,4,4,0,EMP0495
PERF000268,EMP0112,2025,Annual,4,5,0,EMP0495
PERF000269,EMP0112,2025,Mid-Year,4,4,0,EMP0495
PERF000270,EMP0113,2024,Annual,5,5,0,EMP0353
PERF000271,EMP0113,2024,Mid-Year,3,3,0,EMP0353
PERF000272,EMP0113,2025,Annual,3,3,0,EMP0353
PERF000273,EMP0113,2025,Mid-Year,4,3,0,EMP0353
PERF000274,EMP0115,2024,Annual,3,2,0,EMP0457
PERF000275,EMP0115,2024,Mid-Year,3,3,0,EMP0457
PERF000276,EMP0115,2025,Annual,2,2,0,EMP0457
PERF000277,EMP0116,2025,Annual,3,3,0,EMP0433
PERF000278,EMP0116,2025,Mid-Year,1,1,0,EMP0433
PERF000279,EMP0117,2024,Annual,4,4,0,EMP0361
PERF000280,EMP0117,2024,Mid-Year,5,5,0,EMP0361
PERF000281,EMP0117,2025,Annual,5,5,0,EMP0361
PERF000282,EMP0118,2024,Annual,4,4,1,EMP0489
PERF000283,EMP0118,2024,Mid-Year,4,4,0,EMP0489
PERF000284,EMP0118,2025,Annual,3,3,0,EMP0489
PERF000285,EMP0118,2025,Mid-Year,4,4,0,EMP0489
PERF000286,EMP0119,2025,Annual,3,3,0,EMP0128
PERF000287,EMP0120,2024,Annual,4,4,0,EMP0556
PERF000288,EMP0120,2024,Mid-Year,4,5,0,EMP0556
PERF000289,EMP0120,2025,Annual,3,3,0,EMP0556
PERF000290,EMP0120,2025,Mid-Year,3,4,0,EMP0556
PERF000291,EMP0121,2024,Annual,4,3,0,EMP0218
PERF000292,EMP0121,2025,Annual,4,4,0,EMP0218
PERF000293,EMP0121,2025,Mid-Year,3,3,0,EMP0218
PERF000294,EMP0122,2024,Annual,3,3,0,EMP0141
PERF000295,EMP0122,2025,Annual,4,4,0,EMP0141
PERF000296,EMP0122,2025,Mid-Year,3,3,0,EMP0141
PERF000297,EMP0123,2024,Annual,1,2,0,EMP0393
PERF000298,EMP0123,2025,Annual,1,1,0,EMP0393
PERF000299,EMP0123,2025,Mid-Year,1,1,0,EMP0393
PERF000300,EMP0125,2024,Annual,5,4,1,EMP0319
PERF000301,EMP0125,2024,Mid-Year,4,4,0,EMP0319
PERF000302,EMP0125,2025,Annual,5,5,0,EMP0319
PERF000303,EMP0126,2024,Annual,4,4,0,EMP0463
PERF000304,EMP0126,2025,Annual,4,5,0,EMP0463
PERF000305,EMP0127,2024,Annual,3,4,0,EMP0051
PERF000306,EMP0127,2025,Annual,4,5,0,EMP0051
PERF000307,EMP0128,2024,Annual,3,4,0,
PERF000308,EMP0128,2025,Annual,3,3,0,
PERF000309,EMP0129,2024,Annual,3,3,0,EMP0136
PERF000310,EMP0129,2025,Annual,2,3,0,EMP0136
PERF000311,EMP0129,2025,Mid-Year,2,2,0,EMP0136
PERF000312,EMP0130,2024,Annual,4,3,0,EMP0495
PERF000313,EMP0130,2024,Mid-Year,2,2,0,EMP0495
PERF000314,EMP0131,2025,Annual,4,5,0,EMP0600
PERF000315,EMP0131,2025,Mid-Year,2,3,0,EMP0600
PERF000316,EMP0132,2024,Annual,3,3,0,EMP0020
PERF000317,EMP0132,2025,Annual,3,2,0,EMP0020
PERF000318,EMP0132,2025,Mid-Year,4,4,1,EMP0020
PERF000319,EMP0134,2024,Annual,4,5,0,EMP0165
PERF000320,EMP0134,2025,Annual,5,5,1,EMP0165
PERF000321,EMP0135,2024,Annual,4,3,0,EMP0374
PERF000322,EMP0135,2025,Annual,4,3,0,EMP0374
PERF000323,EMP0136,2024,Annual,4,4,0,EMP0416
PERF000324,EMP0136,2024,Mid-Year,5,4,0,EMP0416
PERF000325,EMP0136,2025,Annual,5,4,0,EMP0416
PERF000326,EMP0136,2025,Mid-Year,4,4,0,EMP0416
PERF000327,EMP0137,2025,Annual,4,5,0,EMP0416
PERF000328,EMP0137,2025,Mid-Year,3,4,0,EMP0416
PERF000329,EMP0138,2024,Annual,4,4,0,EMP0113
PERF000330,EMP0138,2025,Annual,4,4,0,EMP0113
PERF000331,EMP0139,2024,Annual,5,5,0,EMP0484
PERF000332,EMP0139,2024,Mid-Year,5,5,0,EMP0484
PERF000333,EMP0139,2025,Annual,5,5,0,EMP0484
PERF000334,EMP0140,2024,Annual,4,3,0,EMP0109
PERF000335,EMP0140,2024,Mid-Year,4,4,0,EMP0109
PERF000336,EMP0140,2025,Annual,3,3,0,EMP0109
PERF000337,EMP0140,2025,Mid-Year,4,5,0,EMP0109
PERF000338,EMP0141,2025,Annual,4,4,0,
PERF000339,EMP0142,2024,Annual,3,3,0,EMP0357
PERF000340,EMP0142,2024,Mid-Year,2,2,0,EMP0357
PERF000341,EMP0142,2025,Annual,3,2,0,EMP0357
PERF000342,EMP0143,2024,Annual,4,4,0,EMP0421
PERF000343,EMP0143,2024,Mid-Year,3,3,0,EMP0421
PERF000344,EMP0143,2025,Annual,4,4,0,EMP0421
PERF000345,EMP0143,2025,Mid-Year,4,5,0,EMP0421
PERF000346,EMP0144,2025,Annual,4,4,0,EMP0002
PERF000347,EMP0145,2024,Annual,2,3,0,EMP0141
PERF000348,EMP0145,2025,Annual,4,5,1,EMP0141
PERF000349,EMP0146,2024,Annual,3,3,0,EMP0484
PERF000350,EMP0146,2025,Annual,4,4,0,EMP0484
PERF000351,EMP0147,2024,Annual,3,1,0,EMP0119
PERF000352,EMP0147,2024,Mid-Year,2,2,0,EMP0119
PERF000353,EMP0147,2025,Annual,3,3,0,EMP0119
PERF000354,EMP0148,2024,Annual,3,3,0,EMP0218
PERF000355,EMP0148,2025,Annual,4,4,0,EMP0218
PERF000356,EMP0149,2024,Annual,4,4,0,EMP0032
PERF000357,EMP0149,2025,Annual,4,5,0,EMP0032
PERF000358,EMP0149,2025,Mid-Year,4,4,1,EMP0032
PERF000359,EMP0150,2024,Annual,3,3,0,EMP0319
PERF000360,EMP0150,2025,Annual,2,2,0,EMP0319
PERF000361,EMP0152,2024,Annual,3,3,0,EMP0276
PERF000362,EMP0152,2025,Annual,3,2,0,EMP0276
PERF000363,EMP0152,2025,Mid-Year,3,2,0,EMP0276
PERF000364,EMP0153,2024,Annual,3,3,0,EMP0353
PERF000365,EMP0153,2025,Annual,3,2,0,EMP0353
PERF000366,EMP0154,2024,Annual,3,4,0,EMP0279
PERF000367,EMP0154,2025,Annual,4,4,1,EMP0279
PERF000368,EMP0154,2025,Mid-Year,3,4,0,EMP0279
PERF000369,EMP0155,2024,Annual,3,4,0,EMP0113
PERF000370,EMP0155,2025,Annual,4,3,0,EMP0113
PERF000371,EMP0156,2024,Annual,3,2,0,EMP0351
PERF000372,EMP0156,2024,Mid-Year,3,3,0,EMP0351
PERF000373,EMP0156,2025,Annual,3,3,0,EMP0351
PERF000374,EMP0157,2024,Annual,3,3,0,EMP0571
PERF000375,EMP0157,2024,Mid-Year,4,4,0,EMP0571
PERF000376,EMP0157,2025,Annual,3,3,0,EMP0571
PERF000377,EMP0158,2024,Annual,3,3,0,EMP0036
PERF000378,EMP0158,2025,Annual,2,1,0,EMP0036
PERF000379,EMP0158,2025,Mid-Year,2,1,0,EMP0036
PERF000380,EMP0159,2024,Annual,5,5,0,EMP0495
PERF000381,EMP0159,2025,Annual,5,5,0,EMP0495
PERF000382,EMP0159,2025,Mid-Year,5,5,0,EMP0495
PERF000383,EMP0160,2024,Annual,5,5,1,EMP0287
PERF000384,EMP0160,2025,Annual,5,4,0,EMP0287
PERF000385,EMP0160,2025,Mid-Year,5,5,0,EMP0287
PERF000386,EMP0161,2024,Annual,4,4,0,EMP0020
PERF000387,EMP0161,2025,Annual,3,5,0,EMP0020
PERF000388,EMP0162,2024,Annual,5,4,0,EMP0530
PERF000389,EMP0162,2025,Annual,4,3,0,EMP0530
PERF000390,EMP0163,2024,Annual,3,4,0,EMP0357
PERF000391,EMP0163,2024,Mid-Year,4,5,0,EMP0357
PERF000392,EMP0163,2025,Annual,3,4,0,EMP0357
PERF000393,EMP0164,2024,Annual,3,2,0,EMP0328
PERF000394,EMP0165,2024,Annual,3,3,0,
PERF000395,EMP0165,2025,Annual,3,3,0,
PERF000396,EMP0166,2024,Annual,5,5,0,EMP0165
PERF000397,EMP0166,2025,Annual,5,5,0,EMP0165
PERF000398,EMP0167,2024,Annual,2,2,0,EMP0351
PERF000399,EMP0167,2025,Annual,4,5,0,EMP0351
PERF000400,EMP0168,2024,Annual,4,5,0,EMP0341
PERF000401,EMP0168,2025,Annual,3,3,0,EMP0341
PERF000402,EMP0168,2025,Mid-Year,4,3,0,EMP0341
PERF000403,EMP0169,2024,Annual,3,4,0,EMP0351
PERF000404,EMP0169,2025,Annual,3,2,0,EMP0351
PERF000405,EMP0169,2025,Mid-Year,2,2,0,EMP0351
PERF000406,EMP0170,2024,Annual,2,1,0,EMP0165
PERF000407,EMP0170,2025,Annual,3,3,0,EMP0165
PERF000408,EMP0170,2025,Mid-Year,4,3,0,EMP0165
PERF000409,EMP0171,2024,Annual,4,4,0,EMP0556
PERF000410,EMP0171,2024,Mid-Year,3,3,0,EMP0556
PERF000411,EMP0171,2025,Annual,4,3,0,EMP0556
PERF000412,EMP0172,2024,Annual,3,3,0,EMP0571
PERF000413,EMP0172,2025,Annual,3,4,0,EMP0571
PERF000414,EMP0173,2024,Annual,4,4,0,EMP0353
PERF000415,EMP0173,2025,Annual,3,2,0,EMP0353
PERF000416,EMP0173,2025,Mid-Year,4,3,0,EMP0353
PERF000417,EMP0174,2024,Annual,4,5,0,EMP0528
PERF000418,EMP0174,2024,Mid-Year,5,5,0,EMP0528
PERF000419,EMP0174,2025,Annual,5,5,0,EMP0528
PERF000420,EMP0174,2025,Mid-Year,5,5,0,EMP0528
PERF000421,EMP0175,2024,Annual,2,3,0,EMP0319
PERF000422,EMP0175,2025,Annual,3,3,0,EMP0319
PERF000423,EMP0176,2024,Annual,5,5,0,EMP0286
PERF000424,EMP0176,2025,Annual,4,4,0,EMP0286
PERF000425,EMP0177,2025,Annual,2,1,0,EMP0544
PERF000426,EMP0178,2024,Annual,2,2,0,EMP0472
PERF000427,EMP0178,2025,Annual,2,1,0,EMP0472
PERF000428,EMP0179,2024,Annual,3,3,0,EMP0063
PERF000429,EMP0179,2024,Mid-Year,3,2,0,EMP0063
PERF000430,EMP0179,2025,Annual,3,2,0,EMP0063
PERF000431,EMP0180,2024,Annual,4,5,0,EMP0479
PERF000432,EMP0180,2025,Annual,4,4,0,EMP0479
PERF000433,EMP0180,2025,Mid-Year,4,4,0,EMP0479
PERF000434,EMP0181,2024,Annual,4,3,0,EMP0283
PERF000435,EMP0181,2025,Annual,3,3,0,EMP0283
PERF000436,EMP0181,2025,Mid-Year,4,5,0,EMP0283
PERF000437,EMP0182,2025,Annual,4,5,1,EMP0328
PERF000438,EMP0182,2025,Mid-Year,3,3,0,EMP0328
PERF000439,EMP0183,2024,Annual,5,5,0,EMP0287
PERF000440,EMP0183,2025,Annual,5,5,0,EMP0287
PERF000441,EMP0183,2025,Mid-Year,4,4,0,EMP0287
PERF000442,EMP0184,2024,Annual,2,2,0,EMP0113
PERF000443,EMP0184,2024,Mid-Year,1,1,0,EMP0113
PERF000444,EMP0184,2025,Annual,2,1,0,EMP0113
PERF000445,EMP0185,2024,Annual,3,3,0,EMP0544
PERF000446,EMP0185,2025,Annual,4,4,1,EMP0544
PERF000447,EMP0185,2025,Mid-Year,3,3,0,EMP0544
PERF000448,EMP0186,2024,Annual,2,1,0,EMP0527
PERF000449,EMP0186,2024,Mid-Year,3,3,0,EMP0527
PERF000450,EMP0186,2025,Annual,4,4,0,EMP0527
PERF000451,EMP0187,2024,Annual,4,4,0,EMP0128
PERF000452,EMP0187,2024,Mid-Year,4,4,0,EMP0128
PERF000453,EMP0187,2025,Annual,4,5,0,EMP0128
PERF000454,EMP0188,2024,Annual,3,2,0,EMP0215
PERF000455,EMP0188,2024,Mid-Year,3,3,0,EMP0215
PERF000456,EMP0189,2024,Annual,3,2,0,EMP0357
PERF000457,EMP0189,2025,Annual,3,3,0,EMP0357
PERF000458,EMP0190,2024,Annual,5,5,0,EMP0452
PERF000459,EMP0190,2024,Mid-Year,4,4,1,EMP0452
PERF000460,EMP0191,2024,Annual,3,3,0,EMP0528
PERF000461,EMP0192,2024,Annual,5,5,0,EMP0452
PERF000462,EMP0192,2024,Mid-Year,5,5,0,EMP0452
PERF000463,EMP0192,2025,Annual,5,5,0,EMP0452
PERF000464,EMP0192,2025,Mid-Year,4,4,0,EMP0452
PERF000465,EMP0193,2024,Annual,4,4,0,EMP0165
PERF000466,EMP0193,2024,Mid-Year,3,2,0,EMP0165
PERF000467,EMP0193,2025,Annual,3,4,0,EMP0165
PERF000468,EMP0194,2024,Annual,5,5,0,EMP0420
PERF000469,EMP0194,2024,Mid-Year,5,4,0,EMP0420
PERF000470,EMP0194,2025,Annual,4,4,1,EMP0420
PERF000471,EMP0195,2024,Annual,2,2,0,EMP0141
PERF000472,EMP0195,2024,Mid-Year,3,3,0,EMP0141
PERF000473,EMP0195,2025,Annual,3,3,0,EMP0141
PERF000474,EMP0198,2024,Annual,4,4,0,EMP0165
PERF000475,EMP0198,2025,Annual,4,5,0,EMP0165
PERF000476,EMP0199,2024,Annual,5,5,0,EMP0051
PERF000477,EMP0199,2025,Annual,5,5,0,EMP0051
PERF000478,EMP0200,2024,Annual,3,3,0,EMP0287
PERF000479,EMP0201,2024,Annual,3,3,0,EMP0452
PERF000480,EMP0201,2025,Annual,3,3,0,EMP0452
PERF000481,EMP0201,2025,Mid-Year,3,4,0,EMP0452
PERF000482,EMP0202,2024,Annual,3,2,0,EMP0433
PERF000483,EMP0202,2025,Annual,4,3,0,EMP0433
PERF000484,EMP0203,2024,Annual,3,3,0,EMP0020
PERF000485,EMP0203,2025,Annual,3,2,0,EMP0020
PERF000486,EMP0204,2024,Annual,4,4,0,EMP0463
PERF000487,EMP0204,2025,Annual,4,4,0,EMP0463
PERF000488,EMP0204,2025,Mid-Year,4,4,0,EMP0463
PERF000489,EMP0205,2024,Annual,3,4,0,EMP0351
PERF000490,EMP0205,2024,Mid-Year,2,2,0,EMP0351
PERF000491,EMP0205,2025,Annual,1,1,0,EMP0351
PERF000492,EMP0205,2025,Mid-Year,2,2,0,EMP0351
PERF000493,EMP0206,2024,Annual,2,1,0,EMP0374
PERF000494,EMP0206,2025,Annual,2,3,0,EMP0374
PERF000495,EMP0206,2025,Mid-Year,2,3,0,EMP0374
PERF000496,EMP0207,2024,Annual,4,3,0,EMP0113
PERF000497,EMP0207,2024,Mid-Year,4,5,0,EMP0113
PERF000498,EMP0207,2025,Annual,3,3,0,EMP0113
PERF000499,EMP0207,2025,Mid-Year,4,4,0,EMP0113
PERF000500,EMP0208,2024,Annual,3,3,0,EMP0600
PERF000501,EMP0208,2025,Annual,4,4,0,EMP0600
PERF000502,EMP0208,2025,Mid-Year,4,3,0,EMP0600
PERF000503,EMP0209,2024,Annual,4,4,0,EMP0215
PERF000504,EMP0209,2025,Annual,3,3,0,EMP0215
PERF000505,EMP0210,2025,Annual,4,3,0,EMP0527
PERF000506,EMP0211,2024,Annual,5,5,0,EMP0275
PERF000507,EMP0211,2025,Annual,5,5,0,EMP0275
PERF000508,EMP0212,2025,Annual,3,3,0,EMP0333
PERF000509,EMP0213,2024,Annual,3,3,0,EMP0400
PERF000510,EMP0213,2024,Mid-Year,3,2,0,EMP0400
PERF000511,EMP0213,2025,Annual,3,2,0,EMP0400
PERF000512,EMP0213,2025,Mid-Year,3,3,0,EMP0400
PERF000513,EMP0214,2024,Annual,3,3,0,EMP0002
PERF000514,EMP0214,2025,Annual,3,1,0,EMP0002
PERF000515,EMP0214,2025,Mid-Year,4,4,0,EMP0002
PERF000516,EMP0215,2024,Annual,4,3,0,EMP0032
PERF000517,EMP0215,2024,Mid-Year,4,4,0,EMP0032
PERF000518,EMP0215,2025,Annual,4,4,0,EMP0032
PERF000519,EMP0216,2024,Annual,4,5,1,EMP0384
PERF000520,EMP0217,2024,Annual,2,3,0,EMP0165
PERF000521,EMP0217,2025,Annual,2,2,0,EMP0165
PERF000522,EMP0217,2025,Mid-Year,2,2,0,EMP0165
PERF000523,EMP0218,2024,Annual,3,2,0,
PERF000524,EMP0218,2024,Mid-Year,2,2,0,
PERF000525,EMP0218,2025,Annual,2,2,0,
PERF000526,EMP0219,2024,Annual,5,4,0,EMP0396
PERF000527,EMP0219,2024,Mid-Year,5,5,0,EMP0396
PERF000528,EMP0219,2025,Annual,4,3,0,EMP0396
PERF000529,EMP0220,2024,Annual,4,4,0,EMP0109
PERF000530,EMP0220,2024,Mid-Year,4,4,0,EMP0109
PERF000531,EMP0220,2025,Annual,4,4,0,EMP0109
PERF000532,EMP0221,2024,Annual,5,5,0,EMP0439
PERF000533,EMP0221,2024,Mid-Year,4,4,0,EMP0439
PERF000534,EMP0221,2025,Annual,4,4,0,EMP0439
PERF000535,EMP0221,2025,Mid-Year,4,4,0,EMP0439
PERF000536,EMP0222,2025,Annual,2,3,0,EMP0279
PERF000537,EMP0222,2025,Mid-Year,3,3,0,EMP0279
PERF000538,EMP0223,2025,Annual,5,5,0,EMP0113
PERF000539,EMP0223,2025,Mid-Year,4,3,0,EMP0113
PERF000540,EMP0224,2024,Annual,4,4,0,EMP0206
PERF000541,EMP0224,2024,Mid-Year,4,2,0,EMP0206
PERF000542,EMP0224,2025,Annual,4,3,0,EMP0206
PERF000543,EMP0224,2025,Mid-Year,4,5,0,EMP0206
PERF000544,EMP0225,2024,Annual,4,2,0,EMP0353
PERF000545,EMP0225,2024,Mid-Year,4,3,0,EMP0353
PERF000546,EMP0225,2025,Annual,4,5,0,EMP0353
PERF000547,EMP0225,2025,Mid-Year,4,3,0,EMP0353
PERF000548,EMP0226,2024,Annual,4,4,0,EMP0063
PERF000549,EMP0226,2024,Mid-Year,4,3,0,EMP0063
PERF000550,EMP0226,2025,Annual,4,4,0,EMP0063
PERF000551,EMP0226,2025,Mid-Year,4,4,0,EMP0063
PERF000552,EMP0228,2024,Annual,4,5,0,EMP0276
PERF000553,EMP0228,2025,Annual,3,4,0,EMP0276
PERF000554,EMP0229,2024,Annual,4,5,1,EMP0357
PERF000555,EMP0229,2024,Mid-Year,3,3,0,EMP0357
PERF000556,EMP0229,2025,Annual,4,4,1,EMP0357
PERF000557,EMP0230,2024,Annual,3,3,0,EMP0206
PERF000558,EMP0230,2025,Annual,3,2,0,EMP0206
PERF000559,EMP0231,2024,Annual,5,5,0,EMP0489
PERF000560,EMP0231,2025,Annual,5,5,0,EMP0489
PERF000561,EMP0232,2024,Annual,3,2,0,EMP0353
PERF000562,EMP0232,2025,Annual,2,2,0,EMP0353
PERF000563,EMP0232,2025,Mid-Year,3,3,0,EMP0353
PERF000564,EMP0233,2024,Annual,2,1,0,EMP0206
PERF000565,EMP0233,2025,Annual,2,2,0,EMP0206
PERF000566,EMP0234,2024,Annual,5,5,1,EMP0452
PERF000567,EMP0234,2024,Mid-Year,5,5,0,EMP0452
PERF000568,EMP0234,2025,Annual,5,5,0,EMP0452
PERF000569,EMP0235,2024,Annual,3,3,0,EMP0307
PERF000570,EMP0235,2024,Mid-Year,3,3,0,EMP0307
PERF000571,EMP0235,2025,Annual,4,5,0,EMP0307
PERF000572,EMP0236,2024,Annual,2,1,0,EMP0527
PERF000573,EMP0236,2025,Annual,3,4,0,EMP0527
PERF000574,EMP0237,2024,Annual,2,2,0,EMP0338
PERF000575,EMP0237,2025,Annual,3,2,0,EMP0338
PERF000576,EMP0237,2025,Mid-Year,4,4,0,EMP0338
PERF000577,EMP0238,2024,Annual,4,5,0,EMP0279
PERF000578,EMP0238,2025,Annual,4,5,0,EMP0279
PERF000579,EMP0238,2025,Mid-Year,3,3,0,EMP0279
PERF000580,EMP0239,2024,Annual,4,4,0,EMP0439
PERF000581,EMP0239,2024,Mid-Year,4,3,0,EMP0439
PERF000582,EMP0239,2025,Annual,4,3,0,EMP0439
PERF000583,EMP0240,2024,Annual,2,1,0,EMP0471
PERF000584,EMP0240,2025,Annual,3,3,0,EMP0471
PERF000585,EMP0241,2024,Annual,4,3,0,EMP0116
PERF000586,EMP0241,2025,Annual,4,4,0,EMP0116
PERF000587,EMP0242,2024,Annual,2,2,0,EMP0283
PERF000588,EMP0242,2024,Mid-Year,2,2,0,EMP0283
PERF000589,EMP0242,2025,Annual,4,4,0,EMP0283
PERF000590,EMP0242,2025,Mid-Year,3,2,0,EMP0283
PERF000591,EMP0243,2024,Annual,4,3,0,EMP0416
PERF000592,EMP0243,2025,Annual,4,3,0,EMP0416
PERF000593,EMP0244,2024,Annual,3,3,0,EMP0351
PERF000594,EMP0244,2025,Annual,5,5,0,EMP0351
PERF000595,EMP0244,2025,Mid-Year,5,4,0,EMP0351
PERF000596,EMP0245,2024,Annual,3,3,0,EMP0276
PERF000597,EMP0246,2024,Annual,3,4,0,EMP0353
PERF000598,EMP0246,2025,Annual,2,2,0,EMP0353
PERF000599,EMP0248,2024,Annual,4,4,0,EMP0396
PERF000600,EMP0248,2025,Annual,4,4,0,EMP0396
PERF000601,EMP0248,2025,Mid-Year,3,4,0,EMP0396
PERF000602,EMP0249,2024,Annual,4,4,0,EMP0165
PERF000603,EMP0249,2024,Mid-Year,4,4,0,EMP0165
PERF000604,EMP0249,2025,Annual,5,5,0,EMP0165
PERF000605,EMP0250,2024,Annual,3,4,0,EMP0357
PERF000606,EMP0250,2025,Annual,3,2,0,EMP0357
PERF000607,EMP0250,2025,Mid-Year,3,2,0,EMP0357
PERF000608,EMP0251,2024,Annual,3,3,0,EMP0527
PERF000609,EMP0252,2024,Annual,4,5,0,EMP0504
PERF000610,EMP0252,2024,Mid-Year,4,4,0,EMP0504
PERF000611,EMP0252,2025,Annual,3,3,0,EMP0504
PERF000612,EMP0252,2025,Mid-Year,4,5,0,EMP0504
PERF000613,EMP0253,2024,Annual,3,3,0,EMP0463
PERF000614,EMP0253,2024,Mid-Year,4,5,0,EMP0463
PERF000615,EMP0253,2025,Annual,4,4,1,EMP0463
PERF000616,EMP0253,2025,Mid-Year,3,3,0,EMP0463
PERF000617,EMP0254,2024,Annual,4,4,0,EMP0036
PERF000618,EMP0254,2024,Mid-Year,4,3,0,EMP0036
PERF000619,EMP0254,2025,Annual,5,5,0,EMP0036
PERF000620,EMP0255,2024,Annual,3,3,0,EMP0338
PERF000621,EMP0255,2024,Mid-Year,4,4,0,EMP0338
PERF000622,EMP0255,2025,Annual,3,2,0,EMP0338
PERF000623,EMP0255,2025,Mid-Year,3,2,0,EMP0338
PERF000624,EMP0256,2024,Annual,4,4,0,EMP0024
PERF000625,EMP0256,2025,Annual,4,5,0,EMP0024
PERF000626,EMP0257,2024,Annual,4,4,0,EMP0341
PERF000627,EMP0257,2025,Annual,5,5,0,EMP0341
PERF000628,EMP0257,2025,Mid-Year,4,3,0,EMP0341
PERF000629,EMP0258,2024,Annual,4,3,0,EMP0504
PERF000630,EMP0258,2024,Mid-Year,3,3,0,EMP0504
PERF000631,EMP0258,2025,Annual,3,3,0,EMP0504
PERF000632,EMP0259,2025,Annual,3,2,0,EMP0357
PERF000633,EMP0261,2024,Annual,3,3,0,EMP0469
PERF000634,EMP0261,2024,Mid-Year,3,3,0,EMP0469
PERF000635,EMP0261,2025,Annual,2,1,0,EMP0469
PERF000636,EMP0261,2025,Mid-Year,2,2,0,EMP0469
PERF000637,EMP0262,2024,Annual,4,4,0,EMP0571
PERF000638,EMP0262,2025,Annual,4,4,0,EMP0571
PERF000639,EMP0262,2025,Mid-Year,4,5,0,EMP0571
PERF000640,EMP0264,2024,Annual,4,4,0,EMP0470
PERF000641,EMP0264,2025,Annual,3,3,0,EMP0470
PERF000642,EMP0265,2024,Annual,3,4,0,EMP0472
PERF000643,EMP0265,2025,Annual,3,4,0,EMP0472
PERF000644,EMP0265,2025,Mid-Year,3,2,0,EMP0472
PERF000645,EMP0266,2024,Annual,4,5,0,EMP0396
PERF000646,EMP0266,2024,Mid-Year,3,3,0,EMP0396
PERF000647,EMP0266,2025,Annual,3,3,0,EMP0396
PERF000648,EMP0267,2024,Annual,2,3,0,EMP0590
PERF000649,EMP0267,2024,Mid-Year,2,1,0,EMP0590
PERF000650,EMP0267,2025,Annual,3,2,0,EMP0590
PERF000651,EMP0267,2025,Mid-Year,2,1,0,EMP0590
PERF000652,EMP0268,2024,Annual,1,1,0,EMP0226
PERF000653,EMP0268,2025,Annual,2,3,0,EMP0226
PERF000654,EMP0268,2025,Mid-Year,1,1,0,EMP0226
PERF000655,EMP0269,2024,Annual,2,2,0,EMP0433
PERF000656,EMP0269,2025,Annual,2,2,0,EMP0433
PERF000657,EMP0271,2024,Annual,3,3,0,EMP0469
PERF000658,EMP0271,2025,Annual,3,3,0,EMP0469
PERF000659,EMP0271,2025,Mid-Year,2,1,0,EMP0469
PERF000660,EMP0272,2024,Annual,2,3,0,EMP0433
PERF000661,EMP0272,2025,Annual,3,3,0,EMP0433
PERF000662,EMP0273,2024,Annual,4,4,0,EMP0384
PERF000663,EMP0273,2025,Annual,5,5,0,EMP0384
PERF000664,EMP0274,2024,Annual,3,3,0,EMP0128
PERF000665,EMP0274,2024,Mid-Year,3,4,0,EMP0128
PERF000666,EMP0274,2025,Annual,3,3,0,EMP0128
PERF000667,EMP0274,2025,Mid-Year,4,5,0,EMP0128
PERF000668,EMP0275,2024,Annual,4,5,0,EMP0416
PERF000669,EMP0275,2024,Mid-Year,4,4,0,EMP0416
PERF000670,EMP0275,2025,Annual,4,2,0,EMP0416
PERF000671,EMP0276,2024,Annual,5,4,0,EMP0433
PERF000672,EMP0276,2024,Mid-Year,5,5,1,EMP0433
PERF000673,EMP0276,2025,Annual,5,5,0,EMP0433
PERF000674,EMP0277,2025,Annual,5,5,0,EMP0020
PERF000675,EMP0277,2025,Mid-Year,4,4,0,EMP0020
PERF000676,EMP0278,2024,Annual,3,3,0,EMP0393
PERF000677,EMP0278,2024,Mid-Year,2,1,0,EMP0393
PERF000678,EMP0278,2025,Annual,4,4,0,EMP0393
PERF000679,EMP0279,2025,Annual,3,3,0,EMP0452
PERF000680,EMP0279,2025,Mid-Year,3,2,0,EMP0452
PERF000681,EMP0280,2024,Annual,3,4,0,EMP0484
PERF000682,EMP0280,2025,Annual,3,2,0,EMP0484
PERF000683,EMP0280,2025,Mid-Year,4,3,0,EMP0484
PERF000684,EMP0281,2024,Annual,3,4,0,EMP0361
PERF000685,EMP0281,2025,Annual,3,4,0,EMP0361
PERF000686,EMP0282,2024,Annual,4,3,0,EMP0002
PERF000687,EMP0282,2025,Annual,4,3,0,EMP0002
PERF000688,EMP0283,2024,Annual,3,4,0,EMP0393
PERF000689,EMP0283,2025,Annual,5,4,0,EMP0393
PERF000690,EMP0284,2024,Annual,4,4,0,EMP0141
PERF000691,EMP0284,2025,Annual,4,4,1,EMP0141
PERF000692,EMP0284,2025,Mid-Year,5,5,0,EMP0141
PERF000693,EMP0285,2024,Annual,3,4,0,EMP0360
PERF000694,EMP0285,2025,Annual,3,3,0,EMP0360
PERF000695,EMP0286,2024,Annual,5,4,0,EMP0063
PERF000696,EMP0286,2024,Mid-Year,5,5,0,EMP0063
PERF000697,EMP0286,2025,Annual,5,5,1,EMP0063
PERF000698,EMP0287,2024,Annual,2,3,0,EMP0032
PERF000699,EMP0287,2024,Mid-Year,3,3,0,EMP0032
PERF000700,EMP0287,2025,Annual,3,3,0,EMP0032
PERF000701,EMP0287,2025,Mid-Year,3,3,0,EMP0032
PERF000702,EMP0288,2024,Annual,3,3,0,EMP0547
PERF000703,EMP0288,2025,Annual,4,3,0,EMP0547
PERF000704,EMP0288,2025,Mid-Year,3,3,0,EMP0547
PERF000705,EMP0289,2024,Annual,3,3,0,EMP0215
PERF000706,EMP0289,2024,Mid-Year,2,2,0,EMP0215
PERF000707,EMP0290,2024,Annual,4,5,0,EMP0307
PERF000708,EMP0290,2024,Mid-Year,4,4,0,EMP0307
PERF000709,EMP0290,2025,Annual,4,5,0,EMP0307
PERF000710,EMP0290,2025,Mid-Year,3,4,0,EMP0307
PERF000711,EMP0291,2024,Annual,4,3,0,EMP0512
PERF000712,EMP0291,2025,Annual,4,4,0,EMP0512
PERF000713,EMP0292,2024,Annual,3,3,0,EMP0218
PERF000714,EMP0292,2025,Annual,1,2,0,EMP0218
PERF000715,EMP0292,2025,Mid-Year,3,4,0,EMP0218
PERF000716,EMP0293,2024,Annual,4,3,0,EMP0600
PERF000717,EMP0293,2025,Annual,3,2,0,EMP0600
PERF000718,EMP0293,2025,Mid-Year,3,4,0,EMP0600
PERF000719,EMP0294,2024,Annual,2,3,0,EMP0528
PERF000720,EMP0294,2025,Annual,3,3,0,EMP0528
PERF000721,EMP0294,2025,Mid-Year,2,2,0,EMP0528
PERF000722,EMP0295,2024,Annual,5,4,0,EMP0582
PERF000723,EMP0295,2025,Annual,4,3,0,EMP0582
PERF000724,EMP0296,2024,Annual,4,4,0,EMP0206
PERF000725,EMP0296,2024,Mid-Year,5,5,0,EMP0206
PERF000726,EMP0296,2025,Annual,4,4,0,EMP0206
PERF000727,EMP0297,2024,Annual,3,4,0,EMP0002
PERF000728,EMP0297,2025,Annual,4,3,0,EMP0002
PERF000729,EMP0298,2024,Annual,5,5,1,EMP0351
PERF000730,EMP0298,2025,Annual,3,3,0,EMP0351
PERF000731,EMP0298,2025,Mid-Year,4,4,0,EMP0351
PERF000732,EMP0299,2024,Annual,3,2,0,EMP0495
PERF000733,EMP0300,2024,Annual,4,4,0,EMP0582
PERF000734,EMP0300,2024,Mid-Year,4,4,0,EMP0582
PERF000735,EMP0300,2025,Annual,5,5,1,EMP0582
PERF000736,EMP0301,2024,Annual,4,4,0,EMP0136
PERF000737,EMP0301,2025,Annual,4,4,0,EMP0136
PERF000738,EMP0301,2025,Mid-Year,5,4,1,EMP0136
PERF000739,EMP0302,2024,Annual,3,4,0,EMP0504
PERF000740,EMP0302,2024,Mid-Year,4,5,1,EMP0504
PERF000741,EMP0302,2025,Annual,3,3,0,EMP0504
PERF000742,EMP0303,2024,Annual,3,3,0,EMP0360
PERF000743,EMP0303,2025,Annual,3,3,0,EMP0360
PERF000744,EMP0304,2024,Annual,4,4,0,EMP0489
PERF000745,EMP0304,2024,Mid-Year,3,4,0,EMP0489
PERF000746,EMP0304,2025,Annual,3,3,0,EMP0489
PERF000747,EMP0305,2024,Annual,4,4,1,EMP0527
PERF000748,EMP0305,2025,Annual,4,2,0,EMP0527
PERF000749,EMP0305,2025,Mid-Year,3,2,0,EMP0527
PERF000750,EMP0306,2024,Annual,5,5,0,EMP0113
PERF000751,EMP0306,2024,Mid-Year,5,5,0,EMP0113
PERF000752,EMP0306,2025,Annual,4,4,0,EMP0113
PERF000753,EMP0306,2025,Mid-Year,4,4,0,EMP0113
PERF000754,EMP0307,2024,Annual,4,5,0,EMP0351
PERF000755,EMP0307,2025,Annual,5,5,1,EMP0351
PERF000756,EMP0307,2025,Mid-Year,5,4,0,EMP0351
PERF000757,EMP0308,2024,Annual,3,2,0,EMP0341
PERF000758,EMP0308,2024,Mid-Year,4,4,0,EMP0341
PERF000759,EMP0308,2025,Annual,3,4,0,EMP0341
PERF000760,EMP0308,2025,Mid-Year,3,3,0,EMP0341
PERF000761,EMP0309,2024,Annual,4,3,0,EMP0128
PERF000762,EMP0309,2024,Mid-Year,3,4,0,EMP0128
PERF000763,EMP0309,2025,Annual,3,3,0,EMP0128
PERF000764,EMP0310,2024,Annual,4,4,1,EMP0528
PERF000765,EMP0310,2024,Mid-Year,3,2,0,EMP0528
PERF000766,EMP0310,2025,Annual,3,3,0,EMP0528
PERF000767,EMP0310,2025,Mid-Year,3,3,0,EMP0528
PERF000768,EMP0311,2024,Annual,1,1,0,EMP0357
PERF000769,EMP0311,2025,Annual,2,1,0,EMP0357
PERF000770,EMP0311,2025,Mid-Year,1,1,0,EMP0357
PERF000771,EMP0312,2024,Annual,3,4,0,EMP0457
PERF000772,EMP0312,2025,Annual,2,1,0,EMP0457
PERF000773,EMP0313,2025,Annual,5,5,0,EMP0319
PERF000774,EMP0313,2025,Mid-Year,5,5,0,EMP0319
PERF000775,EMP0314,2025,Annual,4,4,0,EMP0333
PERF000776,EMP0314,2025,Mid-Year,5,5,1,EMP0333
PERF000777,EMP0316,2024,Annual,3,2,0,EMP0472
PERF000778,EMP0316,2025,Annual,3,3,0,EMP0472
PERF000779,EMP0317,2024,Annual,4,4,0,EMP0179
PERF000780,EMP0317,2024,Mid-Year,5,5,1,EMP0179
PERF000781,EMP0317,2025,Annual,5,5,1,EMP0179
PERF000782,EMP0318,2024,Annual,5,4,0,EMP0113
PERF000783,EMP0318,2025,Annual,5,5,0,EMP0113
PERF000784,EMP0318,2025,Mid-Year,5,5,0,EMP0113
PERF000785,EMP0319,2024,Annual,5,5,0,EMP0351
PERF000786,EMP0319,2024,Mid-Year,5,5,1,EMP0351
PERF000787,EMP0320,2024,Annual,4,4,0,EMP0341
PERF000788,EMP0320,2024,Mid-Year,4,5,0,EMP0341
PERF000789,EMP0320,2025,Annual,4,4,0,EMP0341
PERF000790,EMP0321,2024,Annual,3,4,0,EMP0116
PERF000791,EMP0321,2025,Annual,4,4,0,EMP0116
PERF000792,EMP0322,2024,Annual,3,3,0,EMP0328
PERF000793,EMP0322,2025,Annual,2,3,0,EMP0328
PERF000794,EMP0323,2024,Annual,3,2,0,EMP0433
PERF000795,EMP0323,2025,Annual,4,4,0,EMP0433
PERF000796,EMP0325,2024,Annual,1,1,0,EMP0544
PERF000797,EMP0325,2024,Mid-Year,2,2,0,EMP0544
PERF000798,EMP0325,2025,Annual,2,2,0,EMP0544
PERF000799,EMP0326,2024,Annual,3,3,0,EMP0471
PERF000800,EMP0326,2025,Annual,4,4,0,EMP0471
PERF000801,EMP0326,2025,Mid-Year,4,4,0,EMP0471
PERF000802,EMP0327,2024,Annual,3,3,0,EMP0489
PERF000803,EMP0327,2025,Annual,3,3,0,EMP0489
PERF000804,EMP0328,2024,Annual,4,4,1,EMP0393
PERF000805,EMP0328,2024,Mid-Year,3,3,0,EMP0393
PERF000806,EMP0328,2025,Annual,3,1,0,EMP0393
PERF000807,EMP0328,2025,Mid-Year,3,3,0,EMP0393
PERF000808,EMP0329,2024,Annual,5,5,1,EMP0063
PERF000809,EMP0329,2024,Mid-Year,3,3,0,EMP0063
PERF000810,EMP0329,2025,Annual,4,4,0,EMP0063
PERF000811,EMP0330,2024,Annual,3,3,0,EMP0433
PERF000812,EMP0330,2025,Annual,3,3,0,EMP0433
PERF000813,EMP0331,2024,Annual,3,3,0,EMP0479
PERF000814,EMP0331,2025,Annual,3,3,0,EMP0479
PERF000815,EMP0332,2024,Annual,3,2,0,EMP0215
PERF000816,EMP0333,2024,Annual,3,3,0,
PERF000817,EMP0333,2024,Mid-Year,3,3,0,
PERF000818,EMP0333,2025,Annual,3,3,0,
PERF000819,EMP0333,2025,Mid-Year,3,4,0,
PERF000820,EMP0334,2024,Annual,3,3,0,EMP0530
PERF000821,EMP0334,2025,Annual,3,3,0,EMP0530
PERF000822,EMP0334,2025,Mid-Year,3,3,0,EMP0530
PERF000823,EMP0335,2024,Annual,4,4,0,EMP0600
PERF000824,EMP0335,2025,Annual,3,2,0,EMP0600
PERF000825,EMP0336,2024,Annual,4,5,0,EMP0384
PERF000826,EMP0336,2024,Mid-Year,4,4,0,EMP0384
PERF000827,EMP0336,2025,Annual,2,1,0,EMP0384
PERF000828,EMP0337,2024,Annual,4,5,1,EMP0416
PERF000829,EMP0337,2024,Mid-Year,3,3,0,EMP0416
PERF000830,EMP0337,2025,Annual,3,2,0,EMP0416
PERF000831,EMP0337,2025,Mid-Year,3,3,0,EMP0416
PERF000832,EMP0338,2024,Annual,4,3,0,
PERF000833,EMP0338,2024,Mid-Year,5,4,1,
PERF000834,EMP0338,2025,Annual,4,4,0,
PERF000835,EMP0339,2024,Annual,3,3,0,EMP0484
PERF000836,EMP0339,2024,Mid-Year,4,3,0,EMP0484
PERF000837,EMP0339,2025,Annual,3,2,0,EMP0484
PERF000838,EMP0339,2025,Mid-Year,3,3,0,EMP0484
PERF000839,EMP0340,2024,Annual,3,2,0,EMP0600
PERF000840,EMP0340,2025,Annual,3,1,0,EMP0600
PERF000841,EMP0340,2025,Mid-Year,3,3,0,EMP0600
PERF000842,EMP0341,2024,Annual,3,2,0,EMP0421
PERF000843,EMP0341,2025,Annual,3,3,0,EMP0421
PERF000844,EMP0342,2024,Annual,2,1,0,EMP0547
PERF000845,EMP0342,2025,Annual,3,4,0,EMP0547
PERF000846,EMP0343,2024,Annual,1,1,0,EMP0329
PERF000847,EMP0343,2025,Annual,1,2,0,EMP0329
PERF000848,EMP0343,2025,Mid-Year,1,1,0,EMP0329
PERF000849,EMP0344,2024,Annual,4,5,0,EMP0051
PERF000850,EMP0344,2025,Annual,3,1,0,EMP0051
PERF000851,EMP0345,2024,Annual,5,5,0,EMP0128
PERF000852,EMP0345,2025,Annual,5,5,0,EMP0128
PERF000853,EMP0346,2024,Annual,3,3,0,EMP0471
PERF000854,EMP0346,2025,Annual,3,2,0,EMP0471
PERF000855,EMP0347,2024,Annual,4,4,0,EMP0384
PERF000856,EMP0347,2025,Annual,4,4,0,EMP0384
PERF000857,EMP0348,2024,Annual,3,3,0,EMP0136
PERF000858,EMP0348,2025,Annual,3,2,0,EMP0136
PERF000859,EMP0348,2025,Mid-Year,2,2,0,EMP0136
PERF000860,EMP0350,2024,Annual,3,3,0,EMP0416
PERF000861,EMP0350,2024,Mid-Year,4,4,1,EMP0416
PERF000862,EMP0350,2025,Annual,3,3,0,EMP0416
PERF000863,EMP0351,2024,Annual,3,3,0,
PERF000864,EMP0351,2025,Annual,3,1,0,
PERF000865,EMP0352,2024,Annual,4,4,1,EMP0063
PERF000866,EMP0352,2025,Annual,4,4,0,EMP0063
PERF000867,EMP0353,2024,Annual,3,3,0,
PERF000868,EMP0353,2025,Annual,3,4,0,
PERF000869,EMP0357,2024,Annual,4,4,0,EMP0470
PERF000870,EMP0357,2024,Mid-Year,4,4,0,EMP0470
PERF000871,EMP0357,2025,Annual,5,5,0,EMP0470
PERF000872,EMP0357,2025,Mid-Year,5,5,0,EMP0470
PERF000873,EMP0358,2024,Annual,4,4,0,EMP0165
PERF000874,EMP0358,2024,Mid-Year,3,5,0,EMP0165
PERF000875,EMP0358,2025,Annual,3,3,0,EMP0165
PERF000876,EMP0358,2025,Mid-Year,3,3,0,EMP0165
PERF000877,EMP0359,2024,Annual,3,3,0,EMP0462
PERF000878,EMP0359,2024,Mid-Year,3,4,0,EMP0462
PERF000879,EMP0360,2024,Annual,3,3,0,
PERF000880,EMP0360,2024,Mid-Year,4,5,1,
PERF000881,EMP0360,2025,Annual,4,4,0,
PERF000882,EMP0361,2024,Annual,2,2,0,EMP0489
PERF000883,EMP0361,2025,Annual,4,4,0,EMP0489
PERF000884,EMP0361,2025,Mid-Year,4,5,0,EMP0489
PERF000885,EMP0363,2024,Annual,4,5,0,EMP0374
PERF000886,EMP0363,2025,Annual,4,4,0,EMP0374
PERF000887,EMP0363,2025,Mid-Year,4,4,0,EMP0374
PERF000888,EMP0364,2024,Annual,4,4,0,EMP0119
PERF000889,EMP0364,2024,Mid-Year,3,4,0,EMP0119
PERF000890,EMP0364,2025,Annual,3,1,0,EMP0119
PERF000891,EMP0365,2024,Annual,4,4,0,EMP0396
PERF000892,EMP0365,2025,Annual,3,3,0,EMP0396
PERF000893,EMP0366,2024,Annual,3,4,0,EMP0141
PERF000894,EMP0366,2024,Mid-Year,3,4,0,EMP0141
PERF000895,EMP0366,2025,Annual,3,3,0,EMP0141
PERF000896,EMP0366,2025,Mid-Year,4,4,0,EMP0141
PERF000897,EMP0367,2024,Annual,4,5,0,EMP0463
PERF000898,EMP0367,2025,Annual,3,3,0,EMP0463
PERF000899,EMP0368,2024,Annual,3,3,0,EMP0512
PERF000900,EMP0368,2025,Annual,3,3,0,EMP0512
PERF000901,EMP0368,2025,Mid-Year,3,4,0,EMP0512
PERF000902,EMP0369,2024,Annual,4,3,0,EMP0530
PERF000903,EMP0369,2025,Annual,4,4,0,EMP0530
PERF000904,EMP0369,2025,Mid-Year,4,4,0,EMP0530
PERF000905,EMP0370,2024,Annual,4,4,0,EMP0489
PERF000906,EMP0370,2024,Mid-Year,3,3,0,EMP0489
PERF000907,EMP0370,2025,Annual,4,3,0,EMP0489
PERF000908,EMP0370,2025,Mid-Year,4,3,0,EMP0489
PERF000909,EMP0371,2025,Annual,4,4,0,EMP0479
PERF000910,EMP0372,2024,Annual,2,3,0,EMP0205
PERF000911,EMP0372,2024,Mid-Year,2,3,0,EMP0205
PERF000912,EMP0372,2025,Annual,3,3,0,EMP0205
PERF000913,EMP0373,2024,Annual,3,2,0,EMP0338
PERF000914,EMP0373,2024,Mid-Year,2,2,0,EMP0338
PERF000915,EMP0373,2025,Annual,3,3,0,EMP0338
PERF000916,EMP0373,2025,Mid-Year,3,3,0,EMP0338
PERF000917,EMP0374,2024,Annual,3,4,0,
PERF000918,EMP0374,2024,Mid-Year,2,2,0,
PERF000919,EMP0374,2025,Annual,2,3,0,
PERF000920,EMP0375,2024,Annual,5,5,1,EMP0491
PERF000921,EMP0375,2024,Mid-Year,4,3,0,EMP0491
PERF000922,EMP0375,2025,Annual,5,5,0,EMP0491
PERF000923,EMP0377,2024,Annual,4,5,0,EMP0353
PERF000924,EMP0377,2025,Annual,5,5,1,EMP0353
PERF000925,EMP0377,2025,Mid-Year,4,5,0,EMP0353
PERF000926,EMP0379,2024,Annual,4,4,0,EMP0600
PERF000927,EMP0379,2024,Mid-Year,5,4,0,EMP0600
PERF000928,EMP0379,2025,Annual,4,3,0,EMP0600
PERF000929,EMP0379,2025,Mid-Year,4,4,0,EMP0600
PERF000930,EMP0380,2024,Annual,3,3,0,EMP0002
PERF000931,EMP0380,2025,Annual,4,5,1,EMP0002
PERF000932,EMP0381,2025,Annual,1,1,0,EMP0091
PERF000933,EMP0382,2025,Annual,2,2,0,EMP0036
PERF000934,EMP0383,2024,Annual,4,3,0,EMP0400
PERF000935,EMP0383,2025,Annual,4,4,0,EMP0400
PERF000936,EMP0384,2024,Annual,4,4,0,EMP0393
PERF000937,EMP0384,2024,Mid-Year,2,2,0,EMP0393
PERF000938,EMP0384,2025,Annual,3,2,0,EMP0393
PERF000939,EMP0385,2024,Annual,2,2,0,EMP0396
PERF000940,EMP0385,2024,Mid-Year,3,3,0,EMP0396
PERF000941,EMP0385,2025,Annual,1,1,0,EMP0396
PERF000942,EMP0385,2025,Mid-Year,1,1,0,EMP0396
PERF000943,EMP0386,2024,Annual,4,4,0,EMP0113
PERF000944,EMP0386,2025,Annual,4,5,0,EMP0113
PERF000945,EMP0387,2024,Annual,4,4,0,EMP0141
PERF000946,EMP0387,2025,Annual,3,4,0,EMP0141
PERF000947,EMP0388,2024,Annual,4,4,0,EMP0384
PERF000948,EMP0388,2025,Annual,4,5,0,EMP0384
PERF000949,EMP0388,2025,Mid-Year,4,4,0,EMP0384
PERF000950,EMP0389,2024,Annual,5,5,0,EMP0006
PERF000951,EMP0389,2025,Annual,5,5,0,EMP0006
PERF000952,EMP0390,2024,Annual,3,2,0,EMP0463
PERF000953,EMP0390,2024,Mid-Year,3,2,0,EMP0463
PERF000954,EMP0392,2024,Annual,3,3,0,EMP0319
PERF000955,EMP0392,2025,Annual,4,4,0,EMP0319
PERF000956,EMP0393,2024,Annual,3,4,0,
PERF000957,EMP0393,2025,Annual,4,5,0,
PERF000958,EMP0393,2025,Mid-Year,3,3,0,
PERF000959,EMP0394,2024,Annual,5,5,0,EMP0361
PERF000960,EMP0394,2025,Annual,5,5,1,EMP0361
PERF000961,EMP0395,2024,Annual,1,1,0,EMP0544
PERF000962,EMP0395,2024,Mid-Year,2,1,0,EMP0544
PERF000963,EMP0395,2025,Annual,3,3,0,EMP0544
PERF000964,EMP0395,2025,Mid-Year,3,3,0,EMP0544
PERF000965,EMP0397,2024,Annual,2,2,0,EMP0460
PERF000966,EMP0397,2025,Annual,2,1,0,EMP0460
PERF000967,EMP0398,2024,Annual,4,4,1,EMP0286
PERF000968,EMP0398,2025,Annual,3,2,0,EMP0286
PERF000969,EMP0399,2025,Annual,2,2,0,EMP0460
PERF000970,EMP0399,2025,Mid-Year,1,1,0,EMP0460
PERF000971,EMP0400,2024,Annual,4,4,0,EMP0002
PERF000972,EMP0400,2025,Annual,3,4,0,EMP0002
PERF000973,EMP0401,2024,Annual,4,4,0,EMP0113
PERF000974,EMP0401,2025,Annual,3,3,0,EMP0113
PERF000975,EMP0401,2025,Mid-Year,2,1,0,EMP0113
PERF000976,EMP0402,2024,Annual,3,3,0,EMP0361
PERF000977,EMP0402,2025,Annual,5,4,0,EMP0361
PERF000978,EMP0403,2024,Annual,4,4,0,EMP0489
PERF000979,EMP0403,2025,Annual,3,2,0,EMP0489
PERF000980,EMP0403,2025,Mid-Year,4,5,0,EMP0489
PERF000981,EMP0404,2024,Annual,3,2,0,EMP0484
PERF000982,EMP0404,2024,Mid-Year,2,3,0,EMP0484
PERF000983,EMP0404,2025,Annual,3,3,0,EMP0484
PERF000984,EMP0405,2025,Annual,5,5,0,EMP0206
PERF000985,EMP0405,2025,Mid-Year,5,3,0,EMP0206
PERF000986,EMP0406,2024,Annual,3,2,0,EMP0328
PERF000987,EMP0406,2025,Annual,3,4,0,EMP0328
PERF000988,EMP0406,2025,Mid-Year,3,4,0,EMP0328
PERF000989,EMP0407,2024,Annual,3,3,0,EMP0600
PERF000990,EMP0407,2024,Mid-Year,2,2,0,EMP0600
PERF000991,EMP0407,2025,Annual,3,4,0,EMP0600
PERF000992,EMP0407,2025,Mid-Year,3,3,0,EMP0600
PERF000993,EMP0408,2024,Annual,3,2,0,EMP0439
PERF000994,EMP0408,2024,Mid-Year,3,3,0,EMP0439
PERF000995,EMP0408,2025,Annual,4,4,0,EMP0439
PERF000996,EMP0409,2024,Annual,3,3,0,EMP0020
PERF000997,EMP0409,2025,Annual,2,1,0,EMP0020
PERF000998,EMP0409,2025,Mid-Year,3,4,0,EMP0020
PERF000999,EMP0410,2024,Annual,3,4,0,EMP0165
PERF001000,EMP0410,2025,Annual,3,4,0,EMP0165
PERF001001,EMP0410,2025,Mid-Year,2,1,0,EMP0165
PERF001002,EMP0411,2025,Annual,3,2,0,EMP0489
PERF001003,EMP0413,2024,Annual,3,2,0,EMP0489
PERF001004,EMP0413,2024,Mid-Year,3,3,0,EMP0489
PERF001005,EMP0413,2025,Annual,3,4,0,EMP0489
PERF001006,EMP0414,2024,Annual,3,3,0,EMP0032
PERF001007,EMP0414,2024,Mid-Year,4,4,0,EMP0032
PERF001008,EMP0414,2025,Annual,5,4,0,EMP0032
PERF001009,EMP0415,2024,Annual,3,3,0,EMP0479
PERF001010,EMP0415,2024,Mid-Year,4,3,0,EMP0479
PERF001011,EMP0415,2025,Annual,4,3,0,EMP0479
PERF001012,EMP0415,2025,Mid-Year,4,4,0,EMP0479
PERF001013,EMP0416,2024,Annual,3,3,0,
PERF001014,EMP0416,2024,Mid-Year,4,4,0,
PERF001015,EMP0416,2025,Annual,4,4,1,
PERF001016,EMP0416,2025,Mid-Year,5,5,1,
PERF001017,EMP0417,2024,Annual,2,2,0,EMP0136
PERF001018,EMP0417,2024,Mid-Year,1,1,0,EMP0136
PERF001019,EMP0417,2025,Annual,1,1,0,EMP0136
PERF001020,EMP0418,2024,Annual,5,5,1,EMP0470
PERF001021,EMP0419,2024,Annual,2,2,0,EMP0495
PERF001022,EMP0420,2025,Annual,3,4,0,EMP0360
PERF001023,EMP0420,2025,Mid-Year,4,4,0,EMP0360
PERF001024,EMP0421,2024,Annual,4,5,0,
PERF001025,EMP0421,2025,Annual,3,2,0,
PERF001026,EMP0421,2025,Mid-Year,3,4,0,
PERF001027,EMP0422,2024,Annual,4,4,0,EMP0165
PERF001028,EMP0422,2025,Annual,4,5,0,EMP0165
PERF001029,EMP0423,2024,Annual,4,4,0,EMP0438
PERF001030,EMP0423,2024,Mid-Year,5,4,1,EMP0438
PERF001031,EMP0423,2025,Annual,5,5,0,EMP0438
PERF001032,EMP0423,2025,Mid-Year,4,4,0,EMP0438
PERF001033,EMP0424,2024,Annual,3,3,0,EMP0002
PERF001034,EMP0424,2025,Annual,3,3,0,EMP0002
PERF001035,EMP0424,2025,Mid-Year,3,2,0,EMP0002
PERF001036,EMP0425,2024,Annual,5,5,0,EMP0329
PERF001037,EMP0425,2024,Mid-Year,4,4,0,EMP0329
PERF001038,EMP0425,2025,Annual,4,4,0,EMP0329
PERF001039,EMP0426,2024,Annual,3,3,0,EMP0215
PERF001040,EMP0426,2024,Mid-Year,3,3,0,EMP0215
PERF001041,EMP0426,2025,Annual,4,4,1,EMP0215
PERF001042,EMP0427,2024,Annual,4,5,0,EMP0286
PERF001043,EMP0427,2025,Annual,4,4,0,EMP0286
PERF001044,EMP0427,2025,Mid-Year,3,2,0,EMP0286
PERF001045,EMP0428,2024,Annual,2,2,0,EMP0530
PERF001046,EMP0428,2024,Mid-Year,4,4,0,EMP0530
PERF001047,EMP0428,2025,Annual,3,3,0,EMP0530
PERF001048,EMP0428,2025,Mid-Year,2,2,0,EMP0530
PERF001049,EMP0429,2025,Annual,4,4,0,EMP0544
PERF001050,EMP0430,2024,Annual,2,2,0,EMP0528
PERF001051,EMP0432,2024,Annual,1,2,0,EMP0489
PERF001052,EMP0432,2025,Annual,3,4,0,EMP0489
PERF001053,EMP0433,2024,Annual,4,4,0,
PERF001054,EMP0433,2025,Annual,4,5,0,
PERF001055,EMP0433,2025,Mid-Year,4,3,0,
PERF001056,EMP0434,2024,Annual,4,4,0,EMP0218
PERF001057,EMP0434,2024,Mid-Year,4,4,1,EMP0218
PERF001058,EMP0434,2025,Annual,4,5,0,EMP0218
PERF001059,EMP0435,2024,Annual,4,3,0,EMP0113
PERF001060,EMP0436,2024,Annual,3,3,0,EMP0530
PERF001061,EMP0436,2025,Annual,3,2,0,EMP0530
PERF001062,EMP0436,2025,Mid-Year,3,3,0,EMP0530
PERF001063,EMP0437,2024,Annual,4,4,1,EMP0374
PERF001064,EMP0437,2025,Annual,4,4,1,EMP0374
PERF001065,EMP0438,2024,Annual,2,2,0,EMP0063
PERF001066,EMP0438,2025,Annual,4,3,0,EMP0063
PERF001067,EMP0438,2025,Mid-Year,3,3,0,EMP0063
PERF001068,EMP0440,2024,Annual,3,3,0,EMP0020
PERF001069,EMP0440,2024,Mid-Year,2,1,0,EMP0020
PERF001070,EMP0440,2025,Annual,3,3,0,EMP0020
PERF001071,EMP0440,2025,Mid-Year,4,3,0,EMP0020
PERF001072,EMP0441,2024,Annual,4,4,0,EMP0416
PERF001073,EMP0441,2024,Mid-Year,4,3,0,EMP0416
PERF001074,EMP0441,2025,Annual,3,3,0,EMP0416
PERF001075,EMP0442,2024,Annual,3,3,0,EMP0328
PERF001076,EMP0442,2024,Mid-Year,4,4,0,EMP0328
PERF001077,EMP0442,2025,Annual,4,3,0,EMP0328
PERF001078,EMP0443,2024,Annual,4,4,0,EMP0396
PERF001079,EMP0443,2024,Mid-Year,5,5,0,EMP0396
PERF001080,EMP0443,2025,Annual,3,4,0,EMP0396
PERF001081,EMP0443,2025,Mid-Year,3,3,0,EMP0396
PERF001082,EMP0444,2024,Annual,1,1,0,EMP0333
PERF001083,EMP0444,2025,Annual,1,1,0,EMP0333
PERF001084,EMP0446,2025,Annual,3,4,0,EMP0504
PERF001085,EMP0447,2024,Annual,3,4,0,EMP0032
PERF001086,EMP0447,2025,Annual,2,2,0,EMP0032
PERF001087,EMP0447,2025,Mid-Year,4,4,1,EMP0032
PERF001088,EMP0448,2024,Annual,3,4,0,EMP0165
PERF001089,EMP0448,2025,Annual,4,4,0,EMP0165
PERF001090,EMP0448,2025,Mid-Year,5,4,0,EMP0165
PERF001091,EMP0449,2025,Annual,4,4,0,EMP0319
PERF001092,EMP0449,2025,Mid-Year,4,3,0,EMP0319
PERF001093,EMP0450,2024,Annual,4,5,0,EMP0396
PERF001094,EMP0450,2024,Mid-Year,4,5,0,EMP0396
PERF001095,EMP0450,2025,Annual,4,3,0,EMP0396
PERF001096,EMP0450,2025,Mid-Year,4,3,0,EMP0396
PERF001097,EMP0451,2024,Annual,3,3,0,EMP0530
PERF001098,EMP0451,2025,Annual,4,5,0,EMP0530
PERF001099,EMP0452,2024,Annual,5,5,0,
PERF001100,EMP0452,2024,Mid-Year,5,5,0,
PERF001101,EMP0452,2025,Annual,4,5,0,
PERF001102,EMP0453,2024,Annual,4,5,0,EMP0353
PERF001103,EMP0453,2025,Annual,3,3,0,EMP0353
PERF001104,EMP0454,2024,Annual,4,4,0,EMP0361
PERF001105,EMP0454,2024,Mid-Year,3,3,0,EMP0361
PERF001106,EMP0454,2025,Annual,4,3,0,EMP0361
PERF001107,EMP0455,2024,Annual,4,3,0,EMP0319
PERF001108,EMP0455,2024,Mid-Year,4,5,1,EMP0319
PERF001109,EMP0455,2025,Annual,3,2,0,EMP0319
PERF001110,EMP0455,2025,Mid-Year,4,3,0,EMP0319
PERF001111,EMP0456,2024,Annual,5,5,1,EMP0484
PERF001112,EMP0456,2024,Mid-Year,5,5,0,EMP0484
PERF001113,EMP0456,2025,Annual,5,5,0,EMP0484
PERF001114,EMP0456,2025,Mid-Year,5,5,0,EMP0484
PERF001115,EMP0457,2024,Annual,2,2,0,
PERF001116,EMP0457,2024,Mid-Year,2,2,0,
PERF001117,EMP0457,2025,Annual,3,3,0,
PERF001118,EMP0457,2025,Mid-Year,3,4,0,
PERF001119,EMP0458,2025,Annual,3,3,0,EMP0452
PERF001120,EMP0459,2024,Annual,5,5,0,EMP0360
PERF001121,EMP0459,2025,Annual,5,5,0,EMP0360
PERF001122,EMP0459,2025,Mid-Year,5,5,0,EMP0360
PERF001123,EMP0460,2025,Annual,4,4,0,EMP0479
PERF001124,EMP0461,2024,Annual,4,4,0,EMP0205
PERF001125,EMP0461,2025,Annual,4,5,0,EMP0205
PERF001126,EMP0461,2025,Mid-Year,4,4,0,EMP0205
PERF001127,EMP0462,2024,Annual,4,5,0,EMP0433
PERF001128,EMP0463,2024,Annual,4,5,0,EMP0360
PERF001129,EMP0463,2025,Annual,4,4,0,EMP0360
PERF001130,EMP0464,2024,Annual,5,5,1,EMP0205
PERF001131,EMP0464,2024,Mid-Year,4,5,0,EMP0205
PERF001132,EMP0464,2025,Annual,3,3,0,EMP0205
PERF001133,EMP0465,2024,Annual,5,5,1,EMP0226
PERF001134,EMP0465,2025,Annual,5,4,0,EMP0226
PERF001135,EMP0465,2025,Mid-Year,4,5,1,EMP0226
PERF001136,EMP0466,2024,Annual,3,2,0,EMP0165
PERF001137,EMP0466,2025,Annual,2,1,0,EMP0165
PERF001138,EMP0466,2025,Mid-Year,3,3,0,EMP0165
PERF001139,EMP0467,2024,Annual,4,3,0,EMP0439
PERF001140,EMP0467,2024,Mid-Year,4,4,0,EMP0439
PERF001141,EMP0467,2025,Annual,5,4,1,EMP0439
PERF001142,EMP0468,2024,Annual,3,4,0,EMP0600
PERF001143,EMP0468,2024,Mid-Year,2,1,0,EMP0600
PERF001144,EMP0468,2025,Annual,2,1,0,EMP0600
PERF001145,EMP0468,2025,Mid-Year,2,2,0,EMP0600
PERF001146,EMP0469,2025,Annual,4,5,0,EMP0433
PERF001147,EMP0470,2024,Annual,5,5,0,
PERF001148,EMP0470,2025,Annual,5,4,0,
PERF001149,EMP0471,2024,Annual,2,2,0,EMP0433
PERF001150,EMP0471,2024,Mid-Year,2,1,0,EMP0433
PERF001151,EMP0471,2025,Annual,2,2,0,EMP0433
PERF001152,EMP0473,2024,Annual,3,3,0,EMP0544
PERF001153,EMP0473,2025,Annual,3,4,0,EMP0544
PERF001154,EMP0474,2024,Annual,3,5,0,EMP0433
PERF001155,EMP0474,2025,Annual,4,4,0,EMP0433
PERF001156,EMP0474,2025,Mid-Year,4,4,0,EMP0433
PERF001157,EMP0475,2024,Annual,4,4,1,EMP0393
PERF001158,EMP0475,2024,Mid-Year,3,3,0,EMP0393
PERF001159,EMP0475,2025,Annual,4,4,0,EMP0393
PERF001160,EMP0476,2024,Annual,3,4,0,EMP0032
PERF001161,EMP0476,2024,Mid-Year,3,3,0,EMP0032
PERF001162,EMP0476,2025,Annual,2,2,0,EMP0032
PERF001163,EMP0477,2024,Annual,5,5,0,EMP0489
PERF001164,EMP0477,2024,Mid-Year,4,5,1,EMP0489
PERF001165,EMP0477,2025,Annual,4,3,0,EMP0489
PERF001166,EMP0477,2025,Mid-Year,4,4,0,EMP0489
PERF001167,EMP0478,2024,Annual,3,1,0,EMP0091
PERF001168,EMP0478,2025,Annual,3,2,0,EMP0091
PERF001169,EMP0478,2025,Mid-Year,4,4,1,EMP0091
PERF001170,EMP0479,2024,Annual,4,3,0,
PERF001171,EMP0479,2025,Annual,4,3,0,
PERF001172,EMP0479,2025,Mid-Year,3,4,0,
PERF001173,EMP0480,2024,Annual,3,3,0,EMP0020
PERF001174,EMP0480,2024,Mid-Year,3,3,0,EMP0020
PERF001175,EMP0480,2025,Annual,4,3,0,EMP0020
PERF001176,EMP0480,2025,Mid-Year,4,2,0,EMP0020
PERF001177,EMP0481,2024,Annual,3,3,0,EMP0544
PERF001178,EMP0481,2025,Annual,3,3,0,EMP0544
PERF001179,EMP0482,2024,Annual,2,2,0,EMP0353
PERF001180,EMP0482,2024,Mid-Year,2,2,0,EMP0353
PERF001181,EMP0482,2025,Annual,2,2,0,EMP0353
PERF001182,EMP0483,2024,Annual,3,3,0,EMP0006
PERF001183,EMP0483,2024,Mid-Year,4,4,0,EMP0006
PERF001184,EMP0483,2025,Annual,3,3,0,EMP0006
PERF001185,EMP0483,2025,Mid-Year,3,4,0,EMP0006
PERF001186,EMP0484,2024,Annual,3,4,0,EMP0063
PERF001187,EMP0484,2025,Annual,2,1,0,EMP0063
PERF001188,EMP0485,2024,Annual,2,2,0,EMP0439
PERF001189,EMP0485,2025,Annual,1,1,0,EMP0439
PERF001190,EMP0485,2025,Mid-Year,2,3,0,EMP0439
PERF001191,EMP0486,2024,Annual,5,5,0,EMP0002
PERF001192,EMP0486,2025,Annual,4,4,0,EMP0002
PERF001193,EMP0486,2025,Mid-Year,3,2,0,EMP0002
PERF001194,EMP0487,2024,Annual,2,2,0,EMP0571
PERF001195,EMP0487,2025,Annual,2,2,0,EMP0571
PERF001196,EMP0487,2025,Mid-Year,3,5,0,EMP0571
PERF001197,EMP0488,2024,Annual,3,3,0,EMP0491
PERF001198,EMP0488,2025,Annual,3,3,0,EMP0491
PERF001199,EMP0489,2024,Annual,4,4,0,
PERF001200,EMP0489,2025,Annual,3,4,0,
PERF001201,EMP0489,2025,Mid-Year,4,4,0,
PERF001202,EMP0490,2024,Annual,3,3,0,EMP0024
PERF001203,EMP0490,2025,Annual,2,2,0,EMP0024
PERF001204,EMP0492,2024,Annual,3,1,0,EMP0396
PERF001205,EMP0492,2025,Annual,3,2,0,EMP0396
PERF001206,EMP0493,2024,Annual,4,2,0,EMP0279
PERF001207,EMP0493,2025,Annual,4,5,0,EMP0279
PERF001208,EMP0493,2025,Mid-Year,4,3,0,EMP0279
PERF001209,EMP0494,2024,Annual,3,3,0,EMP0463
PERF001210,EMP0494,2025,Annual,4,5,0,EMP0463
PERF001211,EMP0494,2025,Mid-Year,4,5,0,EMP0463
PERF001212,EMP0495,2024,Annual,1,1,0,EMP0063
PERF001213,EMP0495,2024,Mid-Year,2,2,0,EMP0063
PERF001214,EMP0495,2025,Annual,1,2,0,EMP0063
PERF001215,EMP0495,2025,Mid-Year,2,2,0,EMP0063
PERF001216,EMP0496,2025,Annual,4,5,1,EMP0113
PERF001217,EMP0496,2025,Mid-Year,3,3,0,EMP0113
PERF001218,EMP0497,2024,Annual,2,2,0,EMP0400
PERF001219,EMP0498,2024,Annual,3,3,0,EMP0287
PERF001220,EMP0498,2025,Annual,3,4,0,EMP0287
PERF001221,EMP0498,2025,Mid-Year,3,2,0,EMP0287
PERF001222,EMP0499,2024,Annual,3,4,0,EMP0360
PERF001223,EMP0499,2025,Annual,2,2,0,EMP0360
PERF001224,EMP0499,2025,Mid-Year,2,2,0,EMP0360
PERF001225,EMP0500,2025,Annual,4,4,0,EMP0489
PERF001226,EMP0501,2024,Annual,2,1,0,EMP0396
PERF001227,EMP0501,2025,Annual,3,3,0,EMP0396
PERF001228,EMP0501,2025,Mid-Year,3,3,0,EMP0396
PERF001229,EMP0503,2024,Annual,3,4,0,EMP0116
PERF001230,EMP0503,2024,Mid-Year,3,2,0,EMP0116
PERF001231,EMP0503,2025,Annual,2,2,0,EMP0116
PERF001232,EMP0505,2024,Annual,2,1,0,EMP0051
PERF001233,EMP0505,2025,Annual,2,2,0,EMP0051
PERF001234,EMP0505,2025,Mid-Year,2,1,0,EMP0051
PERF001235,EMP0506,2024,Annual,3,3,0,EMP0489
PERF001236,EMP0506,2025,Annual,4,5,1,EMP0489
PERF001237,EMP0507,2024,Annual,3,3,0,EMP0032
PERF001238,EMP0507,2024,Mid-Year,4,4,0,EMP0032
PERF001239,EMP0507,2025,Annual,4,4,0,EMP0032
PERF001240,EMP0507,2025,Mid-Year,4,3,0,EMP0032
PERF001241,EMP0508,2025,Annual,3,3,0,EMP0469
PERF001242,EMP0509,2024,Annual,3,2,0,EMP0528
PERF001243,EMP0509,2025,Annual,4,5,0,EMP0528
PERF001244,EMP0510,2024,Annual,3,3,0,EMP0452
PERF001245,EMP0510,2024,Mid-Year,3,4,0,EMP0452
PERF001246,EMP0511,2025,Annual,2,3,0,EMP0276
PERF001247,EMP0512,2024,Annual,3,3,0,EMP0433
PERF001248,EMP0512,2024,Mid-Year,3,3,0,EMP0433
PERF001249,EMP0512,2025,Annual,4,5,0,EMP0433
PERF001250,EMP0513,2024,Annual,3,2,0,EMP0006
PERF001251,EMP0513,2024,Mid-Year,4,4,0,EMP0006
PERF001252,EMP0513,2025,Annual,4,5,0,EMP0006
PERF001253,EMP0514,2024,Annual,3,3,0,EMP0599
PERF001254,EMP0514,2025,Annual,4,5,0,EMP0599
PERF001255,EMP0515,2024,Annual,2,3,0,EMP0333
PERF001256,EMP0515,2025,Annual,2,1,0,EMP0333
PERF001257,EMP0516,2024,Annual,5,5,0,EMP0024
PERF001258,EMP0516,2025,Annual,4,4,0,EMP0024
PERF001259,EMP0517,2024,Annual,4,4,0,EMP0032
PERF001260,EMP0517,2025,Annual,5,5,0,EMP0032
PERF001261,EMP0518,2024,Annual,2,2,0,EMP0400
PERF001262,EMP0518,2025,Annual,2,2,0,EMP0400
PERF001263,EMP0518,2025,Mid-Year,2,1,0,EMP0400
PERF001264,EMP0519,2024,Annual,3,3,0,EMP0582
PERF001265,EMP0519,2025,Annual,4,4,1,EMP0582
PERF001266,EMP0519,2025,Mid-Year,4,4,0,EMP0582
PERF001267,EMP0520,2024,Annual,3,2,0,EMP0400
PERF001268,EMP0520,2024,Mid-Year,3,3,0,EMP0400
PERF001269,EMP0520,2025,Annual,3,2,0,EMP0400
PERF001270,EMP0520,2025,Mid-Year,4,4,0,EMP0400
PERF001271,EMP0521,2024,Annual,2,1,0,EMP0036
PERF001272,EMP0521,2024,Mid-Year,2,2,0,EMP0036
PERF001273,EMP0521,2025,Annual,2,2,0,EMP0036
PERF001274,EMP0522,2024,Annual,5,5,0,EMP0472
PERF001275,EMP0522,2024,Mid-Year,4,4,0,EMP0472
PERF001276,EMP0522,2025,Annual,4,4,0,EMP0472
PERF001277,EMP0523,2025,Annual,4,4,1,EMP0287
PERF001278,EMP0523,2025,Mid-Year,4,4,0,EMP0287
PERF001279,EMP0524,2024,Annual,5,4,0,EMP0528
PERF001280,EMP0524,2025,Annual,5,5,0,EMP0528
PERF001281,EMP0524,2025,Mid-Year,5,4,0,EMP0528
PERF001282,EMP0525,2024,Annual,3,2,0,EMP0205
PERF001283,EMP0525,2025,Annual,2,2,0,EMP0205
PERF001284,EMP0525,2025,Mid-Year,3,4,0,EMP0205
PERF001285,EMP0526,2025,Annual,4,3,0,EMP0051
PERF001286,EMP0527,2025,Annual,3,2,0,EMP0063
PERF001287,EMP0528,2024,Annual,4,5,0,
PERF001288,EMP0528,2025,Annual,3,2,0,
PERF001289,EMP0529,2024,Annual,4,4,0,EMP0528
PERF001290,EMP0529,2024,Mid-Year,4,3,0,EMP0528
PERF001291,EMP0529,2025,Annual,5,4,1,EMP0528
PERF001292,EMP0529,2025,Mid-Year,5,5,0,EMP0528
PERF001293,EMP0531,2025,Annual,2,3,0,EMP0528
PERF001294,EMP0531,2025,Mid-Year,3,3,0,EMP0528
PERF001295,EMP0532,2024,Annual,3,3,0,EMP0215
PERF001296,EMP0532,2025,Annual,2,2,0,EMP0215
PERF001297,EMP0533,2024,Annual,3,3,0,EMP0119
PERF001298,EMP0533,2024,Mid-Year,3,4,0,EMP0119
PERF001299,EMP0533,2025,Annual,5,5,0,EMP0119
PERF001300,EMP0534,2025,Annual,4,4,1,EMP0470
PERF001301,EMP0535,2024,Annual,2,4,0,EMP0165
PERF001302,EMP0537,2024,Annual,3,3,0,EMP0287
PERF001303,EMP0538,2024,Annual,2,1,0,EMP0460
PERF001304,EMP0538,2024,Mid-Year,2,2,0,EMP0460
PERF001305,EMP0538,2025,Annual,2,3,0,EMP0460
PERF001306,EMP0539,2024,Annual,4,3,0,EMP0582
PERF001307,EMP0539,2025,Annual,3,3,0,EMP0582
PERF001308,EMP0540,2024,Annual,3,3,0,EMP0457
PERF001309,EMP0540,2024,Mid-Year,3,3,0,EMP0457
PERF001310,EMP0540,2025,Annual,3,3,0,EMP0457
PERF001311,EMP0540,2025,Mid-Year,2,2,0,EMP0457
PERF001312,EMP0541,2024,Annual,2,1,0,EMP0544
PERF001313,EMP0541,2024,Mid-Year,2,2,0,EMP0544
PERF001314,EMP0541,2025,Annual,3,3,0,EMP0544
PERF001315,EMP0542,2024,Annual,4,4,1,EMP0528
PERF001316,EMP0542,2025,Annual,5,5,0,EMP0528
PERF001317,EMP0542,2025,Mid-Year,4,4,0,EMP0528
PERF001318,EMP0543,2024,Annual,3,3,0,EMP0351
PERF001319,EMP0543,2024,Mid-Year,4,4,0,EMP0351
PERF001320,EMP0543,2025,Annual,4,4,0,EMP0351
PERF001321,EMP0545,2024,Annual,5,5,0,EMP0119
PERF001322,EMP0545,2024,Mid-Year,5,5,0,EMP0119
PERF001323,EMP0545,2025,Annual,5,5,0,EMP0119
PERF001324,EMP0545,2025,Mid-Year,5,3,0,EMP0119
PERF001325,EMP0547,2024,Annual,4,3,0,EMP0433
PERF001326,EMP0547,2025,Annual,4,4,0,EMP0433
PERF001327,EMP0548,2024,Annual,2,1,0,EMP0374
PERF001328,EMP0548,2025,Annual,3,2,0,EMP0374
PERF001329,EMP0548,2025,Mid-Year,2,1,0,EMP0374
PERF001330,EMP0549,2025,Annual,3,3,0,EMP0333
PERF001331,EMP0550,2024,Annual,3,4,0,EMP0528
PERF001332,EMP0550,2025,Annual,3,3,0,EMP0528
PERF001333,EMP0550,2025,Mid-Year,3,3,0,EMP0528
PERF001334,EMP0551,2024,Annual,4,4,1,EMP0433
PERF001335,EMP0551,2024,Mid-Year,2,1,0,EMP0433
PERF001336,EMP0551,2025,Annual,3,3,0,EMP0433
PERF001337,EMP0552,2024,Annual,3,3,0,EMP0128
PERF001338,EMP0552,2024,Mid-Year,3,3,0,EMP0128
PERF001339,EMP0552,2025,Annual,3,3,0,EMP0128
PERF001340,EMP0553,2024,Annual,4,4,0,EMP0218
PERF001341,EMP0553,2024,Mid-Year,4,3,0,EMP0218
PERF001342,EMP0553,2025,Annual,4,4,0,EMP0218
PERF001343,EMP0553,2025,Mid-Year,5,5,0,EMP0218
PERF001344,EMP0554,2024,Annual,4,5,0,EMP0472
PERF001345,EMP0554,2025,Annual,3,3,0,EMP0472
PERF001346,EMP0555,2024,Annual,3,4,0,EMP0128
PERF001347,EMP0555,2024,Mid-Year,3,3,0,EMP0128
PERF001348,EMP0555,2025,Annual,3,3,0,EMP0128
PERF001349,EMP0556,2024,Annual,3,2,0,EMP0360
PERF001350,EMP0556,2024,Mid-Year,3,3,0,EMP0360
PERF001351,EMP0556,2025,Annual,3,3,0,EMP0360
PERF001352,EMP0556,2025,Mid-Year,3,3,0,EMP0360
PERF001353,EMP0557,2024,Annual,5,5,1,EMP0215
PERF001354,EMP0557,2025,Annual,4,5,0,EMP0215
PERF001355,EMP0558,2024,Annual,3,3,0,EMP0361
PERF001356,EMP0558,2025,Annual,2,3,0,EMP0361
PERF001357,EMP0558,2025,Mid-Year,3,2,0,EMP0361
PERF001358,EMP0559,2024,Annual,3,4,0,EMP0471
PERF001359,EMP0559,2024,Mid-Year,3,3,0,EMP0471
PERF001360,EMP0559,2025,Annual,3,3,0,EMP0471
PERF001361,EMP0559,2025,Mid-Year,3,1,0,EMP0471
PERF001362,EMP0560,2024,Annual,2,1,0,EMP0590
PERF001363,EMP0560,2024,Mid-Year,2,1,0,EMP0590
PERF001364,EMP0561,2024,Annual,4,4,0,EMP0206
PERF001365,EMP0561,2025,Annual,3,3,0,EMP0206
PERF001366,EMP0562,2024,Annual,4,4,1,EMP0571
PERF001367,EMP0562,2024,Mid-Year,5,5,1,EMP0571
PERF001368,EMP0562,2025,Annual,4,4,0,EMP0571
PERF001369,EMP0563,2025,Annual,4,4,0,EMP0319
PERF001370,EMP0564,2024,Annual,4,3,0,EMP0556
PERF001371,EMP0564,2025,Annual,4,4,1,EMP0556
PERF001372,EMP0565,2024,Annual,4,5,1,EMP0472
PERF001373,EMP0565,2025,Annual,3,3,0,EMP0472
PERF001374,EMP0566,2024,Annual,4,5,0,EMP0314
PERF001375,EMP0566,2025,Annual,5,5,0,EMP0314
PERF001376,EMP0566,2025,Mid-Year,4,3,0,EMP0314
PERF001377,EMP0567,2024,Annual,3,3,0,EMP0452
PERF001378,EMP0567,2025,Annual,3,3,0,EMP0452
PERF001379,EMP0567,2025,Mid-Year,3,4,0,EMP0452
PERF001380,EMP0569,2024,Annual,3,5,0,EMP0438
PERF001381,EMP0569,2025,Annual,3,3,0,EMP0438
PERF001382,EMP0570,2024,Annual,5,5,0,EMP0460
PERF001383,EMP0570,2025,Annual,5,5,0,EMP0460
PERF001384,EMP0570,2025,Mid-Year,5,5,0,EMP0460
PERF001385,EMP0571,2025,Annual,2,3,0,EMP0353
PERF001386,EMP0571,2025,Mid-Year,3,2,0,EMP0353
PERF001387,EMP0572,2024,Annual,4,4,0,EMP0020
PERF001388,EMP0572,2024,Mid-Year,3,4,0,EMP0020
PERF001389,EMP0572,2025,Annual,3,4,0,EMP0020
PERF001390,EMP0573,2024,Annual,3,3,0,EMP0420
PERF001391,EMP0573,2025,Annual,3,2,0,EMP0420
PERF001392,EMP0573,2025,Mid-Year,4,4,0,EMP0420
PERF001393,EMP0574,2025,Annual,4,4,0,EMP0460
PERF001394,EMP0575,2024,Annual,4,5,0,EMP0283
PERF001395,EMP0575,2025,Annual,3,4,0,EMP0283
PERF001396,EMP0576,2024,Annual,3,3,0,EMP0571
PERF001397,EMP0576,2024,Mid-Year,4,3,0,EMP0571
PERF001398,EMP0576,2025,Annual,3,4,0,EMP0571
PERF001399,EMP0576,2025,Mid-Year,3,4,0,EMP0571
PERF001400,EMP0577,2024,Annual,3,3,0,EMP0504
PERF001401,EMP0577,2025,Annual,2,2,0,EMP0504
PERF001402,EMP0578,2024,Annual,5,4,0,EMP0329
PERF001403,EMP0578,2024,Mid-Year,4,4,0,EMP0329
PERF001404,EMP0578,2025,Annual,4,3,0,EMP0329
PERF001405,EMP0579,2024,Annual,2,2,0,EMP0527
PERF001406,EMP0580,2024,Annual,3,3,0,EMP0351
PERF001407,EMP0580,2024,Mid-Year,3,3,0,EMP0351
PERF001408,EMP0580,2025,Annual,4,4,0,EMP0351
PERF001409,EMP0581,2024,Annual,4,4,0,EMP0361
PERF001410,EMP0581,2024,Mid-Year,2,1,0,EMP0361
PERF001411,EMP0581,2025,Annual,3,3,0,EMP0361
PERF001412,EMP0581,2025,Mid-Year,3,4,0,EMP0361
PERF001413,EMP0582,2025,Annual,3,4,0,EMP0479
PERF001414,EMP0582,2025,Mid-Year,4,4,0,EMP0479
PERF001415,EMP0583,2024,Annual,4,3,0,EMP0374
PERF001416,EMP0583,2025,Annual,4,3,0,EMP0374
PERF001417,EMP0584,2024,Annual,5,5,0,EMP0136
PERF001418,EMP0584,2024,Mid-Year,5,5,1,EMP0136
PERF001419,EMP0584,2025,Annual,5,4,0,EMP0136
PERF001420,EMP0585,2024,Annual,2,1,0,EMP0599
PERF001421,EMP0585,2024,Mid-Year,3,2,0,EMP0599
PERF001422,EMP0585,2025,Annual,4,4,0,EMP0599
PERF001423,EMP0587,2024,Annual,4,4,0,EMP0361
PERF001424,EMP0587,2025,Annual,4,4,0,EMP0361
PERF001425,EMP0588,2024,Annual,4,5,1,EMP0374
PERF001426,EMP0588,2025,Annual,3,2,0,EMP0374
PERF001427,EMP0589,2024,Annual,2,2,0,EMP0472
PERF001428,EMP0589,2025,Annual,3,2,0,EMP0472
PERF001429,EMP0590,2024,Annual,4,4,0,EMP0109
PERF001430,EMP0590,2024,Mid-Year,4,4,1,EMP0109
PERF001431,EMP0590,2025,Annual,3,3,0,EMP0109
PERF001432,EMP0591,2024,Annual,3,3,0,EMP0491
PERF001433,EMP0591,2024,Mid-Year,3,3,0,EMP0491
PERF001434,EMP0591,2025,Annual,4,4,0,EMP0491
PERF001435,EMP0591,2025,Mid-Year,3,2,0,EMP0491
PERF001436,EMP0592,2024,Annual,3,3,0,EMP0113
PERF001437,EMP0592,2024,Mid-Year,4,5,0,EMP0113
PERF001438,EMP0592,2025,Annual,4,4,0,EMP0113
PERF001439,EMP0594,2024,Annual,4,5,0,EMP0556
PERF001440,EMP0594,2024,Mid-Year,4,4,0,EMP0556
PERF001441,EMP0594,2025,Annual,3,3,0,EMP0556
PERF001442,EMP0595,2024,Annual,4,4,0,EMP0063
PERF001443,EMP0595,2024,Mid-Year,3,4,0,EMP0063
PERF001444,EMP0595,2025,Annual,4,5,0,EMP0063
PERF001445,EMP0597,2024,Annual,4,3,0,EMP0393
PERF001446,EMP0597,2025,Annual,5,5,0,EMP0393
PERF001447,EMP0598,2024,Annual,3,3,0,EMP0002
PERF001448,EMP0598,2024,Mid-Year,3,1,0,EMP0002
PERF001449,EMP0598,2025,Annual,3,3,0,EMP0002
PERF001450,EMP0599,2024,Annual,4,4,0,EMP0353
PERF001451,EMP0599,2025,Annual,3,3,0,EMP0353
PERF001452,EMP0600,2024,Annual,4,4,0,
PERF001453,EMP0600,2024,Mid-Year,4,4,0,
PERF001454,EMP0600,2025,Annual,5,5,0,
PERF001455,EMP0600,2025,Mid-Year,5,4,0,
